date,Close_^DJI,Close_^FCHI,Close_^FTSE,Close_^GDAXI,Close_^GSPTSE,Close_^HSI,Close_^IXIC,Close_^N225,Volume_^DJI,Volume_^FCHI,Volume_^FTSE,Volume_^GDAXI,Volume_^GSPTSE,Volume_^HSI,Volume_^IXIC,Volume_^N225,SP500_Open,SP500_Close,SP500_Volume,SP500_Wk_Vol,MORTGAGE30US,FF,WGS10YR,WAAA,WTB3MS,ICSA,WGS1YR,WGS2YR,NFCI,WTREGEN,WGS5YR,WBAA,DPSACBW027SBOG,WCOILWTICO,WGS30YR,WRESBAL,WGS20YR,MORTGAGE15US,WPRIME,CCSA,TOTCI,RoR_Perc,RoR_Intensity,Target_Rolling_shifted,Close_^DJI_pct_change,Close_^FCHI_pct_change,Close_^FTSE_pct_change,Close_^GDAXI_pct_change,Close_^GSPTSE_pct_change,Close_^HSI_pct_change,Close_^IXIC_pct_change,Close_^N225_pct_change,Volume_^DJI_pct_change,Volume_^FCHI_pct_change,Volume_^FTSE_pct_change,Volume_^GDAXI_pct_change,Volume_^GSPTSE_pct_change,Volume_^HSI_pct_change,Volume_^IXIC_pct_change,Volume_^N225_pct_change,SP500_Open_pct_change,SP500_Close_pct_change,SP500_Volume_pct_change,SP500_Wk_Vol_pct_change,MORTGAGE30US_pct_change,FF_pct_change,WGS10YR_pct_change,WAAA_pct_change,WTB3MS_pct_change,ICSA_pct_change,WGS1YR_pct_change,WGS2YR_pct_change,NFCI_pct_change,WTREGEN_pct_change,WGS5YR_pct_change,WBAA_pct_change,DPSACBW027SBOG_pct_change,WCOILWTICO_pct_change,WGS30YR_pct_change,WRESBAL_pct_change,WGS20YR_pct_change,MORTGAGE15US_pct_change,WPRIME_pct_change,CCSA_pct_change,TOTCI_pct_change
1996-04-08,5594.3701171875,2075.0,3755.60009765625,2498.75,5004.0,11139.900390625,1105.6600341796875,21424.240234375,39940000.0,0.0,0.0,0.0,612800.0,0.0,517700000.0,0.0,655.8599853515625,644.239990234375,411810000.0,11.78997802734375,7.78,5.3,6.35,7.41,5.01,369000.0,5.48,5.84,-0.72568,6.017,6.14,8.12,2704.1763,22.49,6.68,18.558,6.85,7.29,8.25,2648000.0,730.7515,-1.7717188693801469,0,0.0,-0.7689295673473096,0.9437585825117223,1.000435571468583,-0.07997600719784614,0.19422533071393744,1.9502561568491616,-0.08222816030982738,-0.6314838770459463,23.005851555281808,0.0,0.0,0.0,-25.71220754030792,0.0,11.602138484090707,0.0,1.6049551280499674,-1.4516681990889069,5.0214220136692855,11.12152973526468,1.1703511053315907,1.5325670498084198,0.4746835443037778,0.27063599458727605,0.20000000000000018,-6.106870229007633,1.1070110701107083,1.038062283737018,-2.4676092683189155,19.195721077654525,0.9868421052631415,0.3708281829418958,0.3539360931093194,2.0880617339990692,0.4511278195488577,-4.127705739525755,0.5873715124816492,1.3908205841446364,0.0,-1.0093457943925244,0.20526438914474365
1996-07-15,5349.509765625,2029.5,3698.300048828125,2529.5,4955.2998046875,10800.099609375,1060.18994140625,21753.419921875,43110000.0,0.0,0.0,0.0,627200.0,0.0,587010000.0,0.0,646.1900024414062,629.7999877929688,419020000.0,42.71002197265625,8.42,5.26,6.95,7.73,5.15,347000.0,5.9,6.34,-0.71686,5.277,6.72,8.42,2732.0682,21.65,7.11,15.608,7.23,7.93,8.25,2495000.0,743.9949,-2.5364079584198884,0,0.0,-3.6268505730948863,-2.38565222098559,-1.1546158271248164,-1.2496539011594088,-1.5731491769291894,-0.8264387216671665,-7.71487343766154,-0.7823033291230019,39.74068071312804,0.0,0.0,0.0,-4.273504273504269,0.0,31.49865591397849,0.0,-1.7111827631758114,-3.4848424617782037,14.000435303079772,198.25419083705924,3.439803439803435,-4.882459312839071,1.4598540145985384,1.4435695538057791,0.3898635477582957,1.4619883040935644,1.3745704467353903,1.4399999999999968,0.05862319245157899,-17.765310892940622,1.81818181818183,1.3237063778579916,0.3324181227847278,1.1682242990654235,1.5714285714285792,-12.52101782311399,1.54494382022472,3.3898305084745672,0.0,-0.2399040383846418,-0.08185554638141523
1997-03-31,6583.47998046875,2656.699951171875,4312.89990234375,3407.830078125,5850.2001953125,12534.2998046875,1221.699951171875,18003.400390625,63290000.0,0.0,0.0,0.0,754000.0,0.0,583640000.0,0.0,773.8800048828125,757.1199951171875,555880000.0,30.78997802734375,7.97,5.4,6.79,7.63,5.25,325000.0,5.94,6.36,-0.70073,5.376,6.66,8.24,2904.0785,20.83,7.0,12.515,7.11,7.48,8.29,2331000.0,798.5796,-2.165711694303685,0,0.0,-4.659788125429931,3.000810331427539,2.3275149995771516,3.1872150351654804,-4.786543930532671,-1.6848233308142668,-1.6851270866636958,-0.2240097782784889,31.96413678065053,0.0,0.0,0.0,-16.78622668579627,0.0,-1.9042976956821334,0.0,-1.303401482124511,-4.2698755712905605,22.990463968847497,60.86705570968463,0.37783375314861534,2.6615969581749166,0.8915304606240682,0.26281208935610145,1.547388781431347,3.1746031746031855,2.23752151462997,1.760000000000006,-2.5952182374200827,-28.118732450862417,1.2158054711246313,0.24330900243307862,0.7072656247399278,-4.097605893186007,0.43041606886657924,24.514973634464244,0.28208744710860323,0.402684563758382,0.48484848484846577,0.3875968992248069,0.4850231212054412
1997-06-23,7604.2998046875,2762.199951171875,4575.7998046875,3748.7900390625,6437.7001953125,15021.2001953125,1434.3199462890625,20436.140625,49260000.0,0.0,0.0,0.0,52376800.0,0.0,553910000.0,0.0,898.7000122070312,878.6199951171875,492940000.0,23.34002685546875,7.61,5.62,6.4,7.33,4.91,316000.0,5.65,6.03,-0.63683,6.831,6.29,7.94,2945.4267,18.93,6.69,11.168,6.76,7.14,8.5,2303000.0,812.175,-2.234340360197744,0,0.0,-2.1590083871842025,-1.2053346811030319,-3.5678971883516764,-0.03279930406621112,-1.5265744502868106,4.35302546053038,0.16550823687992988,-1.1843182378813322,9.466666666666669,0.0,0.0,0.0,8.819533032215698,0.0,10.766492691023256,0.0,0.6078780835643283,-1.7093666942106678,18.987158443564734,-54.95072774502123,-1.4248704663212375,2.5547445255474477,-1.8404907975460016,-1.4784946236559127,0.6147540983606703,-5.671641791044779,-1.2237762237762184,-1.4705882352941124,0.5256511444356793,30.015226494099757,-1.7187500000000022,-1.488833746898266,-0.06893735504884813,0.26483050847458944,-1.6176470588235237,33.38110593574586,-1.6011644832605532,-1.7881705639614887,0.0,1.6777041942604765,0.08528830367220408
1997-10-27,7161.2001953125,2769.60009765625,4840.7001953125,3871.389892578125,6599.2001953125,10498.2001953125,1532.75,17038.359375,91830000.0,0.0,0.0,0.0,62998300.0,0.0,906360000.0,0.0,941.6400146484376,876.989990234375,693730000.0,95.8800048828125,7.35,5.54,6.09,7.05,4.97,306000.0,5.53,5.86,-0.53366,5.527,6.02,7.57,3041.4928,21.0,6.38,10.272,6.44,6.9,8.5,2228000.0,832.0449,-6.865683637945205,0,1.0,-9.596784866350772,-6.010108136228598,-7.106117917626175,-4.862323706380167,-6.730357486557148,-19.06344294417447,-9.05989234896618,-1.481108132559683,42.83714419038731,0.0,0.0,0.0,75.16314245596473,0.0,32.57467162039611,0.0,-0.26689952632718006,-8.227205274363437,43.36819046044474,128.9398130470647,0.13623978201635634,1.6513761467889854,-0.327332242225864,0.0,0.6072874493926905,-3.7735849056603765,0.18115942028986698,0.17094017094019254,-4.584301805828717,8.160469667318981,0.16638935108153063,-0.7863695937090354,-0.6617514013209425,-0.14265335235378318,-0.31250000000000444,11.277218069548267,-0.3095975232198067,0.14513788098695635,0.0,2.108157653528875,-0.4288031960629435
1997-11-24,7767.89990234375,2802.5,4898.60009765625,3832.10009765625,6724.60009765625,10586.400390625,1586.989990234375,16721.580078125,52420000.0,0.0,0.0,0.0,55694500.0,0.0,556720000.0,0.0,963.0900268554688,946.6699829101562,514920000.0,49.2099609375,7.18,5.51,5.84,6.83,5.15,309000.0,5.46,5.7,-0.47192,5.059,5.79,7.38,3038.7233,19.81,6.05,10.457,6.15,6.73,8.5,2216000.0,838.8797,-1.7049334420920819,0,1.0,0.9054026300029383,1.0638297872340496,0.6492726044020847,0.4032304491633276,-1.0884593730628556,1.5988847104581927,-1.6801825999038456,2.691464377130548,-19.20468557336621,0.0,0.0,0.0,-43.185400164237954,0.0,-14.728587182943265,0.0,3.7421287427302996,0.04966927679790345,-10.687896763450933,0.32614308734686404,-0.6915629322268413,0.1818181818181719,-0.6802721088435382,-0.870827285921616,-0.19379844961240345,-4.923076923076919,0.3676470588235281,-0.17513134851138146,-0.988187902565929,-5.226676657924312,-0.344234079173833,-0.8064516129032362,-1.6781371930696842,-4.114230396902229,-1.1437908496732097,4.4864108713029704,-1.125401929260439,-0.7374631268436516,0.0,0.31688546853780863,0.07398663540347794
1998-04-27,8917.6396484375,3689.39990234375,5722.39990234375,5002.7099609375,7564.7998046875,10593.7001953125,1820.31005859375,15649.9501953125,78750000.0,0.0,0.0,0.0,50576700.0,0.0,796370000.0,0.0,1107.9000244140625,1086.5400390625,685960000.0,56.280029296875,7.15,5.37,5.67,6.72,4.94,311000.0,5.4,5.6,-0.61249,7.894,5.65,7.35,3152.199,14.5,5.95,13.356,6.03,6.78,8.5,2152000.0,864.2124,-1.9279704739477013,0,0.0,-2.45246251459742,-5.051858128390063,-3.8914393697160987,-7.493074090684059,-2.445064738006919,-5.00286446433641,-3.5413353294369787,-0.3003702291239807,30.575360636710336,0.0,0.0,0.0,-13.864497186533509,0.0,-1.5283221841652983,0.0,-1.3200038011064508,-3.3026284470481615,15.250592247853634,53.351782495027365,-0.2789400278939924,-1.8281535648994485,1.0695187165775222,0.7496251874062887,-0.6036217303822755,-1.8927444794952675,0.18552875695734272,0.7194244604316502,-1.088448557078947,26.95400450305565,1.073345259391778,0.547195622435015,-0.9611534281002809,-6.632324533161615,0.8474576271186418,25.467355565993422,1.005025125628145,-0.4405286343612258,0.0,-2.6244343891402733,-0.06719523215658052
1998-06-15,8627.9296875,4005.330078125,5715.7001953125,5581.240234375,7104.5,7462.5,1715.75,14825.169921875,58000000.0,0.0,0.0,0.0,63314400.0,0.0,629030000.0,0.0,1098.8399658203125,1077.010009765625,595820000.0,48.989990234375,7.04,5.43,5.51,6.52,5.0,321000.0,5.42,5.52,-0.57003,5.031,5.53,7.13,3202.1568,13.42,5.72,8.06,5.81,6.71,8.5,2159000.0,888.5798,-1.986636519758441,0,0.0,-4.869784123859866,-4.738879895203563,-5.334718271462647,-3.5563815287332545,-5.990316302501764,-13.091630804567744,-4.028483459529852,-3.0699505924708603,17.38514470754908,0.0,0.0,0.0,31.091956759845708,0.0,3.1044599977052556,0.0,-1.3484656715187837,-3.4695050688305806,9.648686946760154,17.7644687150625,-0.14184397163120588,-3.5523978685612856,-1.0771992818671583,-1.062215477996964,1.0101010101010166,4.90196078431373,0.0,-0.5405405405405461,-1.005522559133054,-5.80415652499533,-0.7181328545781018,-0.8344923504867929,0.9914369321224692,-10.652463382157118,-1.379310344827589,-31.71227653986275,-1.358234295415961,0.14925373134329067,0.0,1.7436380772855697,0.416354247478945
1998-08-31,7539.06982421875,3765.22998046875,5249.39990234375,4811.27978515625,5530.7001953125,7275.0400390625,1499.25,14107.8896484375,117890000.0,0.0,0.0,0.0,62052000.0,0.0,1003780000.0,0.0,1027.1400146484375,957.280029296875,917500000.0,149.3599853515625,6.92,5.48,5.2,6.52,4.89,310000.0,5.1,5.09,-0.30446,4.905,5.07,7.15,3222.8754,13.65,5.42,9.581,5.57,6.61,8.5,2182000.0,905.0432,-6.801408216529633,0,0.0,-11.99471535618908,-4.373409918690885,-5.479235145346683,-8.415536426418935,-11.493218298502072,-7.270937442022096,-16.281365800802806,-5.874363055550724,90.32935098482402,0.0,0.0,0.0,22.57645225203513,0.0,70.64123487012104,0.0,-5.0035122705931805,-12.02602455473908,64.39706145851997,190.58418117738705,0.0,-1.9677996422182376,-3.525046382189234,0.0,-0.6097560975609762,2.6490066225165476,-2.6717557251908497,-4.323308270676696,-17.557541294340652,-9.999999999999998,-4.699248120300748,0.1400560224089631,0.4360176174639463,2.400600150037513,-1.9891500904159143,19.837398373983728,-1.936619718309851,0.0,0.0,-0.9082652134423275,0.04510105288848543
1998-11-30,9116.5498046875,3843.3798828125,5743.89990234375,5026.14013671875,6343.89990234375,10402.3203125,1949.5400390625,14883.7001953125,72220000.0,0.0,0.0,0.0,80760900.0,0.0,1106520000.0,0.0,1192.3299560546875,1163.6300048828125,687900000.0,61.6300048828125,6.78,4.54,4.83,6.28,4.47,310000.0,4.59,4.64,-0.1216,5.026,4.62,7.28,3312.2922,11.62,5.21,7.117,5.46,6.44,7.75,2236000.0,942.5248,-2.4070477325622646,0,0.0,-2.7492246270855225,-0.06319021855537565,-1.786813517285668,0.032448361527803726,-4.9303901574253235,-1.0671894798854886,-1.4099181895206647,0.7020310137149544,-14.10561370123692,0.0,0.0,0.0,-2.4503107278096903,0.0,16.348418573351275,0.0,2.4734567503605254,-2.068654266733627,-11.135512207725096,-13.743811056553879,-1.1661807580174988,-7.157464212678932,-0.412371134020606,-1.7214397496087552,2.758620689655178,1.9736842105263053,1.1013215859030812,0.43290043290042934,20.41988512576747,4.686523640908136,0.6535947712418277,-0.6821282401091366,1.0386324895409693,-6.290322580645169,-0.9505703422053147,-25.186586775990747,0.0,-1.075268817204289,-2.638190954773867,1.3140009062075242,-0.19692191051420282
1998-12-14,8695.599609375,3663.2099609375,5534.5,4563.259765625,6217.7001953125,9825.2099609375,1966.9200439453125,14111.6201171875,71520000.0,0.0,0.0,0.0,93396700.0,0.0,742440000.0,0.0,1166.4599609375,1141.199951171875,741800000.0,56.6400146484375,6.69,4.68,4.6,6.18,4.36,305000.0,4.49,4.45,-0.1529,5.035,4.39,7.19,3294.8539,11.16,5.0,6.813,5.29,6.34,7.75,2205000.0,942.5196,-2.1655273744092494,0,0.0,-4.1328633299961055,-2.864060187544215,-0.7567233997619494,-3.34472511820304,-2.343365049234203,-5.78790633528331,-3.6125906663564744,-4.155740978854072,34.15869442881261,0.0,0.0,0.0,64.0778114689875,0.0,-8.423272852860997,0.0,-0.873602442526622,-3.915130244311249,10.51847437425506,30.627384186596473,-0.29806259314455463,-3.70370370370372,-0.8620689655172376,0.0,-0.45662100456620447,-6.441717791411039,0.672645739910327,0.4514672686230403,11.646586345381538,-5.071644042232282,0.0,0.0,0.07387875458837456,-1.0638297872340385,-0.990099009900991,-37.47820501055337,-0.37664783427494575,-0.47095761381475976,0.0,-1.518535060294779,0.387845835594014
1999-02-15,9274.8896484375,4065.18994140625,6023.2001953125,4888.9501953125,6447.60009765625,9402.3896484375,2321.889892578125,14054.7197265625,78430000.0,0.0,354578000.0,0.0,541700.0,0.0,837560000.0,0.0,1254.0400390625,1230.1300048828125,691500000.0,60.3399658203125,6.77,4.77,4.95,6.38,4.4,312000.0,4.67,4.81,-0.32226,4.865,4.84,7.37,3309.6154,11.81,5.35,9.732,5.62,6.4,7.75,2253000.0,935.8125,-1.906640412977743,0,1.0,-0.17458304240538514,-2.1384123742144046,3.2271383591878644,-3.235857288552857,-2.0687097279944555,2.8752904973314397,-3.4525070270173708,0.44473493384775686,7.615257958287591,0.0,-19.50976452988834,0.0,-99.09149761176408,0.0,-5.0148563133661455,0.0,1.181217876396179,-1.0966669427824094,-1.9705131840090706,16.553878802169297,0.2962962962962834,0.42105263157894424,2.2727272727272707,0.9493670886075778,0.0,7.216494845360821,1.3015184381778733,1.6913319238900382,7.330557868442966,-29.24665503199535,1.680672268907557,0.4087193460490468,-0.18101908202734496,-2.8782894736842035,1.7110266159695797,25.29934337582076,1.6274864376130127,0.31347962382446415,0.0,0.0,0.1142022690680422
1999-04-19,10440.5302734375,4379.33984375,6515.2998046875,5252.39990234375,6907.7001953125,12766.4404296875,2345.610107421875,16674.2109375,145000000.0,0.0,522511000.0,0.0,11712200.0,0.0,1200990000.0,0.0,1319.0,1289.47998046875,1214400000.0,77.9000244140625,6.87,4.68,5.14,6.6,4.2,314000.0,4.67,4.96,-0.42375,4.853,5.05,7.44,3339.4762,16.77,5.51,8.365,5.78,6.47,7.75,2230000.0,947.9688,-2.2380606164708112,0,0.0,0.9770338256109179,0.5588942307692246,1.1504006571465553,1.6419792912161668,-0.44963477597812496,8.699214924499943,-9.742918699833137,1.0105197846278502,71.51644192098414,0.0,13.35672012218403,0.0,-79.0659931865547,0.0,5.043163391146921,0.0,-2.17673275613649,-5.089687712294189,49.77799703996053,36.26050527826177,-0.7225433526011571,-2.500000000000002,0.5870841487279677,0.15174506828528056,-2.0979020979020935,-1.5673981191222541,0.21459227467810482,1.0183299389002087,1.1819484240687794,-14.0148830616584,1.0000000000000009,-0.13422818791946067,0.7352139364836141,1.9452887537994012,0.1818181818181719,-0.676798860128236,0.0,-0.9188361408882129,0.0,-0.7565643079661788,0.011647309344953172
1999-05-24,10654.669921875,4398.1298828125,6322.10009765625,5253.77001953125,6966.0,12436.8603515625,2453.659912109375,16390.490234375,92340000.0,0.0,369539000.0,0.0,52357400.0,0.0,919880000.0,0.0,1330.2900390625,1306.6500244140625,754700000.0,64.030029296875,7.23,4.76,5.61,6.99,4.51,298000.0,4.89,5.34,-0.41881,5.157,5.53,7.77,3331.982,17.18,5.85,11.843,6.12,6.83,7.75,2223000.0,939.7842,-1.7770571795829886,0,1.0,-1.8316705136327327,3.51122735231868,2.5349556897699355,2.9747161805419475,1.3442723031742432,-1.205370434527897,-4.222752867854595,-0.1859159646994013,17.063894523326574,0.0,-10.385459483709825,0.0,-17.336773069016797,0.0,16.783465366646343,0.0,-0.5613701219553402,-2.451676836686656,13.40345604808415,16.864361465110058,1.8309859154929775,1.2765957446808418,1.4466546112115841,1.1577424023154759,0.6696428571428381,-0.9966777408637828,2.0876826722338038,2.890173410404606,-2.507099958098613,-2.8264556246466954,2.5974025974025983,1.0403120936280708,-0.18332874639499508,-4.555555555555557,0.34305317324183626,49.287785201058874,0.49261083743843415,1.7883755588673722,0.0,-0.40322580645161255,-0.38025320674338614
1999-08-30,10914.1298828125,4657.43994140625,6375.2001953125,5392.52978515625,7039.7001953125,13688.66015625,2712.68994140625,17918.970703125,70320000.0,0.0,390603000.0,0.0,49125800.0,0.0,795940000.0,0.0,1348.27001953125,1324.02001953125,597900000.0,60.0399169921875,7.8,5.02,5.81,7.29,4.81,290000.0,5.19,5.61,-0.14198,4.851,5.71,8.06,3363.5304,21.21,5.93,7.279,6.35,7.43,8.04,2168000.0,971.6606,-1.798601144333903,0,1.0,-3.4127263836672417,3.7904295418990763,0.8399123208431281,1.7078488606343978,-1.8857115635888544,0.8472291089964168,-0.25298583159049093,-1.7252814983710674,-17.338662278123895,0.0,-13.421935157827535,0.0,-24.489573198193003,0.0,-13.071874010244311,0.0,0.8723587514289477,-2.6613306635369094,-12.408438324055082,-3.286147723273014,-1.6393442622950838,-0.19880715705766772,-1.6920473773265776,-1.085481682496614,3.4408602150537426,1.3986013986013957,-0.19230769230769162,-1.232394366197176,-4.877395149403729,-4.507874015748037,-1.721170395869187,-0.9828009828009798,0.4784745596537521,-1.8963922294172098,-1.6583747927031545,-3.7678476996298227,-1.244167962674958,-1.3280212483399834,0.49999999999998934,-0.7780320366132742,0.5633931094153777
2000-01-24,11008.169921875,5690.85986328125,6379.7998046875,6931.990234375,8458.7998046875,15167.5498046875,4096.080078125,19056.7109375,202740000.0,0.0,672107000.0,33473100.0,91735200.0,0.0,1989050000.0,0.0,1441.3599853515625,1401.530029296875,1115800000.0,80.9000244140625,8.26,5.59,6.77,7.88,5.31,284000.0,6.13,6.48,-0.19596,5.39,6.65,8.44,3488.6519,29.37,6.73,3.764,6.92,7.86,8.5,2061000.0,1002.7769,-2.7633593591799737,0,0.0,-6.097515463584314,-2.6001308873724316,-4.3436568755154115,-4.50357040828181,-0.24176524562402602,-2.6132987182560408,0.782675817327183,-1.9576838987518164,-24.01903833901735,0.0,-27.219558362354245,-25.40447665400867,7934.965402470001,0.0,20.06603767890236,0.0,-0.5739244558188528,-4.342217114771585,2.7534763790404204,0.0,0.9779951100244544,-0.5338078291814985,1.6516516516516422,1.025641025641022,0.9505703422053147,-1.730103806228378,0.16339869281045694,0.7776049766718529,7.216720468348203,1.201652271873832,1.371951219512213,0.8363201911589124,0.445597983747148,11.800532927293506,1.0510510510510551,-1.6975711674066418,0.14471780028944004,1.0282776349614497,0.0,-2.553191489361706,0.352814116647715
2000-02-21,10219.51953125,5967.27978515625,6081.60009765625,7590.52978515625,9231.2001953125,16322.3701171875,4411.740234375,19543.75,208930000.0,0.0,960304000.0,24404000.0,1969100.0,0.0,1898410000.0,0.0,1388.260009765625,1346.0899658203125,1042300000.0,76.780029296875,8.38,5.75,6.55,7.7,5.55,283000.0,6.23,6.65,-0.1934,5.306,6.74,8.32,3490.0391,29.87,6.23,5.093,6.55,8.0,8.75,2132000.0,1019.0785,-3.0376185763956363,0,0.0,-2.8547992836452263,-4.802563485981992,0.21421744373995022,-0.7098945808623247,-0.894302482017284,-5.041554422419548,-0.154113241074616,-0.06499610303021264,24.928246830901692,0.0,-32.84282152685262,-22.178392736990137,-97.62914427170625,0.0,18.58762532404661,0.0,0.08218572671798707,-3.154810814456699,12.40159603148927,16.935713263194696,0.23923444976077235,0.7005253940455258,-1.0574018126888296,0.13003901170349774,1.0928961748633892,-5.666666666666664,0.4838709677419395,-0.44910179640718084,-3.3966033966033926,0.8937060277619313,-0.2958579881656709,0.24096385542167198,-0.0393708714610419,3.60735345126606,-1.111111111111096,46.14060258249641,-0.7575757575757569,0.5025125628140614,0.0,-0.42036431574030697,0.28931089820709577
2000-11-20,10462.650390625,6021.7900390625,6345.0,6609.47998046875,8935.099609375,15346.66015625,2875.639892578125,14531.650390625,203170000.0,0.0,852977000.0,34642000.0,69411600.0,0.0,1716290000.0,0.0,1367.719970703125,1342.6199951171875,955800000.0,71.52001953125,7.73,6.52,5.73,7.45,6.18,332000.0,6.09,5.89,-0.12754,5.279,5.69,8.26,3674.8182,35.0,5.79,8.339,5.99,7.41,9.5,2279000.0,1083.1209,-1.835169195711456,0,1.0,-0.5191434013168794,-0.26400553615040234,1.118763904787179,-1.967044619132885,-1.9747452876419214,3.5838338353678667,-3.0700598312085936,-0.9068702743518786,-31.82672303872224,0.0,23.70411729728945,5.156116247867559,-11.641512892582185,0.0,-16.210278617215003,0.0,0.12738036129766872,-0.6394043030945706,-15.363499512972634,-34.8870704782904,-0.7702182284980652,0.46224961479197635,-2.051282051282033,-1.0624169986719778,-0.6430868167202619,4.402515723270439,-0.8143322475570036,-1.340033500837523,-11.61469161469163,4.060713581707076,-2.2336769759450203,-1.0778443113772407,0.2592518767414287,4.602510460251041,-1.5306122448979553,70.70624360286592,-1.6420361247947435,-0.40322580645161255,0.0,5.460434983803797,0.6416279414645176
2001-02-19,10799.8203125,5584.75,6094.0,6472.2099609375,8459.7001953125,15490.9599609375,2425.3798828125,13119.58984375,202390000.0,0.0,875082000.0,30554600.0,1205400.0,0.0,1892200000.0,0.0,1326.6099853515625,1301.530029296875,1257200000.0,57.139892578125,7.01,5.47,5.11,7.12,4.93,358000.0,4.8,4.78,-0.2769,5.023,4.95,7.91,3761.0655,29.67,5.45,5.005,5.65,6.61,8.5,2516000.0,1091.6949,-1.8905297209896326,0,0.0,-1.3423980319536288,-3.0337804986089956,-2.361648102189362,-1.412055810455326,-6.002290823965284,-1.2881473850394065,-2.581879917984997,-2.2591378465647627,14.935544323925276,0.0,-11.301555574250877,-3.4899477250114552,-98.8054335233765,0.0,8.050387729697018,0.0,0.9013033175575558,-2.1634076289927417,20.989317678760465,-13.945976552948903,0.42979942693408546,-0.7259528130671544,-0.3898635477582735,0.0,-0.2024291497975894,-1.9178082191780854,1.6949152542372836,1.7021276595744705,3.147699757869238,3.588368735821801,1.0204081632652962,1.0217113665389466,0.24695344259129115,-4.042690815006466,-0.3656307129798808,-26.634418059220177,1.073345259391778,0.15151515151516914,0.0,3.3264887063654935,-0.2781300431509037
2001-03-12,10208.25,5242.39990234375,5826.5,6046.56005859375,7930.2998046875,13776.7197265625,1923.3800048828125,12171.3701171875,293230000.0,0.0,954407000.0,48480700.0,96958700.0,0.0,2149820000.0,0.0,1233.4200439453125,1180.1600341796875,1229000000.0,90.6400146484375,6.97,5.49,4.95,6.98,4.62,393000.0,4.47,4.46,-0.25985,4.959,4.75,7.79,3784.0415,28.45,5.34,7.66,5.52,6.52,8.5,2557000.0,1094.2806,-4.318075583988681,0,1.0,-3.352014345686105,-2.354892480139814,-1.7668944099685668,-2.731812202923445,-2.0866001268676437,-2.5364941642913363,-10.244895982865089,-1.2237305565779177,70.70089649551751,0.0,0.6043171837744055,41.08729941621898,-9.772203398663127,0.0,43.72856426541869,0.0,-0.06158013681551999,-4.933905664817139,32.26431338786053,55.57844053420944,-0.8534850640113834,-0.181818181818183,0.0,-0.14306151645206988,-2.1186440677966045,2.34375,0.0,0.45045045045044585,-3.72360133382732,1.869350862777308,0.21097046413500742,-0.5108556832694733,-0.4613581235845987,1.9347903977069203,-0.3731343283582156,36.614945603709636,-0.1808318264014619,-0.911854103343468,0.0,-0.03909304143862036,-0.2713491266411405
2001-09-17,8920.7001953125,4015.4599609375,4898.89990234375,4234.5498046875,6908.0,9319.349609375,1579.550048828125,9504.41015625,565600000.0,0.0,1465162000.0,114005900.0,132926800.0,0.0,2254620000.0,0.0,1092.5400390625,1038.77001953125,2330830000.0,61.97998046875,6.86,3.49,4.68,7.0,2.82,395000.0,2.95,3.13,-0.35438,5.35,4.12,7.85,4206.6403,28.22,5.39,22.273,5.43,6.39,6.5,3214000.0,1070.6193,-4.9215605477845585,0,1.0,-7.129341253321209,-8.40105147083393,-2.6779563291091324,-9.326937131407576,-5.945786535864439,-10.099733285904101,-6.832094027361957,-6.780122231101204,101.97114697900301,0.0,4.077689489244607,32.76553771336006,65.42545843729972,-100.0,39.78065308096246,0.0,0.6225947782446006,-4.921560547784553,82.5810747297509,0.0,-0.4354136429608024,-3.8567493112947604,-4.684317718940944,0.14306151645206988,-14.28571428571429,-3.1862745098039214,-13.994169096209907,-15.405405405405414,-9.721302287664956,1.8659558263518727,-9.050772626931568,0.25542784163472554,6.134382916448833,3.0679327976625315,-1.1009174311926717,124.54884564976308,-1.8083182640144746,-0.7763975155279601,0.0,0.5317485142320999,1.6161671767473518
2001-10-29,9269.5,4383.240234375,5085.89990234375,4660.35009765625,6896.2998046875,10178.08984375,1699.52001953125,10612.3095703125,203990000.0,0.0,909862000.0,47836100.0,80278700.0,294616600.0,1659170000.0,0.0,1104.6099853515625,1078.300048828125,1106100000.0,53.3699951171875,6.64,2.49,4.6,7.01,2.13,483000.0,2.31,2.72,-0.39273,5.321,3.94,7.89,3993.603,21.78,5.32,2.965,5.33,6.13,5.5,3600000.0,1040.5035,-2.3818304082290074,0,1.0,-1.1467412421830692,0.9663071330189066,0.30569580898018867,0.8882319258861626,-0.1288940273019401,3.884136254307302,-0.5011437838781996,0.4438958201235188,-8.199450969803335,0.0,-3.135892211157454,-3.620373541796784,-8.345092935105269,24.538860191236278,8.383687280756181,0.0,2.899914805045478,-1.0643155634548873,0.03617617798679085,6.996772038363552,0.45385779122539827,2.0491803278688714,0.0,-0.42613636363636465,-1.8433179723502335,0.20746887966804906,-2.5316455696202556,-2.1582733812949506,5.362987605301295,12.685302837780576,0.0,-0.37878787878787845,0.6195672409480935,-0.6386861313868675,-0.5607476635513864,-79.6303929651003,-0.7448789571694592,0.6568144499178974,0.0,1.20888389091931,-0.5500647736611075
2002-02-04,9687.08984375,4397.5400390625,5167.2998046875,4984.47998046875,7591.10009765625,10721.3203125,1855.530029296875,9631.9296875,249680000.0,0.0,1129378000.0,64756000.0,104054900.0,267871800.0,1779030000.0,0.0,1122.199951171875,1094.43994140625,1437600000.0,56.969970703125,7.02,1.78,5.05,6.52,1.71,404000.0,2.25,3.11,-0.48432,9.17,4.4,7.89,4100.6045,19.71,5.42,7.333,5.66,6.51,4.75,3537000.0,1008.5529,-2.4737133285949775,0,1.0,-1.8109130704710763,-2.991086672016463,-1.0778063388506953,-3.383201429762217,-0.6881496698223022,-0.4285100534841657,-4.5465069539654905,-5.76194684769471,47.713423652606046,0.0,-2.8135065525143443,8.799602141179385,3.6911514407458546,3.9824139036677586,20.036030443700746,0.0,-0.9776999363409256,-3.408479267677278,21.132457027300312,60.56878821137233,0.8620689655172376,2.298850574712641,0.0,-0.3058103975535187,1.7857142857142794,-2.4154589371980673,3.2110091743119185,0.6472491909385036,2.9263627669747994,29.17312297506691,0.6864988558352492,0.0,-0.3179582837700923,2.602811035918795,-0.5504587155963359,-36.887856097770886,-0.7017543859649145,1.086956521739113,0.0,-0.590219224283306,-0.19704236559294763
2002-05-06,9808.0400390625,4367.259765625,5203.10009765625,4880.669921875,7581.10009765625,11736.2001953125,1578.47998046875,11551.009765625,213910000.0,0.0,2132293000.0,44999300.0,96113500.0,247907400.0,1776080000.0,0.0,1073.4300537109375,1052.6700439453125,1122600000.0,44.1199951171875,6.78,1.81,5.11,6.71,1.74,409000.0,2.33,3.23,-0.60946,6.946,4.52,7.96,4165.302,26.88,5.71,13.096,5.73,6.26,4.75,3712000.0,991.9723,-1.9339881246901844,0,0.0,-0.12047082073207704,-1.4247111727906714,0.9546206997564255,-2.5433126770955994,-0.018462279508735246,3.298070527788588,-4.734664149913092,0.08335319645673689,0.9342707497758784,0.0,95.81183709077553,-24.031684345050085,15.334585315805583,20.941530247651976,-3.60750047488535,0.0,-0.2684975399823042,-1.199484519428251,-14.611698486346691,-32.33124515556488,-1.4534883720930147,6.470588235294117,-0.3898635477582735,-0.4451038575667643,2.35294117647058,-1.2077294685990392,-1.2711864406779627,-2.1212121212121127,4.213262200335155,-0.6863025450386084,-0.8771929824561431,0.25188916876572875,0.7571404540752669,1.5873015873015817,-0.6956521739130417,78.22536744692434,-1.036269430051806,-1.4173228346456623,0.0,0.324324324324321,-0.6155993582714347
2002-06-03,9709.7900390625,4227.14990234375,5085.10009765625,4747.9501953125,7599.5,11359.7998046875,1562.56005859375,11901.3896484375,221400000.0,0.0,1882118000.0,43593300.0,96740600.0,176358600.0,1623120000.0,0.0,1067.1400146484375,1040.6800537109375,1324300000.0,30.949951171875,6.76,1.78,5.1,6.74,1.72,378000.0,2.35,3.23,-0.62518,5.012,4.4,8.08,4158.3783,25.22,5.76,12.982,5.78,6.22,4.75,3664000.0,991.3998,-2.479521016388563,0,0.0,-3.903994312423542,-3.06280536403839,-0.9968208433729697,-4.304910210708657,-0.880396504499803,-1.7720314763604694,-5.954289957935266,-0.6258999059180925,53.95313260552117,0.0,58.456918332450726,6.651318911989357,9767.462260301918,-6.198820082845247,34.043554740727885,0.0,-2.729057370979582,-3.9803560292310136,49.57081545064377,0.0,-0.7342143906020504,4.093567251461994,-1.3539651837524258,-0.4431314623338123,0.5847953216374213,-6.203473945409432,-1.2605042016806678,-1.5243902439024293,-1.4144918394701667,1.9943019943019946,-1.7857142857142905,-0.6150061500615145,-0.3515057631273133,-7.211184694628403,-0.34602076124568004,85.43065276389086,-1.0273972602739656,-0.9554140127388644,0.0,-1.2931034482758674,-0.06907673545344384
2002-07-01,9109.7900390625,3897.3701171875,4685.7998046875,4366.81005859375,7145.60009765625,10598.5498046875,1403.800048828125,10595.4404296875,258620000.0,0.0,1440558000.0,83944700.0,161794300.0,221668200.0,2320650000.0,43900000.0,989.8200073242188,968.6500244140624,1425500000.0,53.3699951171875,6.55,1.75,4.84,6.58,1.68,386000.0,2.1,2.87,-0.54158,6.963,4.08,7.93,4206.0643,26.52,5.65,9.556,5.61,5.99,4.75,3588000.0,980.7181,-2.1387709637619063,0,0.0,-1.8534109436036283,6.2173672902369415,3.168275511080587,5.805376996178424,0.22020218414762205,-0.5516389636103902,-3.8716955171755107,1.1853339739720692,-24.200592045487856,0.0,3.4226827216049527,-27.01235173312049,33.56020657159178,16.419194433765472,13.168764416441947,-16.539923954372625,0.06874584646368032,-2.424646123721508,-8.18626819528533,-23.73533865014409,-1.2066365007541435,0.0,0.20703933747412417,0.45801526717557106,-0.591715976331364,-0.5154639175257714,-1.4084507042253391,-1.0344827586206806,-4.471451501949108,18.137088564642,-0.24449877750610804,0.8905852417302684,0.9287728750990709,3.5532994923857864,0.7130124777183555,49.710167632774535,0.7181328545780907,-1.4802631578947345,0.0,-1.4014839241549892,-0.18312145750511988
2002-07-22,7784.580078125,3149.68994140625,3895.5,3691.429931640625,6366.7001953125,10110.25,1282.6500244140625,10189.009765625,477860000.0,0.0,1653423000.0,105387300.0,139991000.0,225025400.0,2014410000.0,44700000.0,847.760009765625,819.8499755859375,2248060000.0,121.04998779296876,6.49,1.74,4.68,6.54,1.69,379000.0,1.97,2.57,-0.46253,5.495,3.85,7.94,4214.9073,27.62,5.6,6.323,5.52,5.93,4.75,3473000.0,977.0982,-3.2922093349748374,0,1.0,-9.892250419966874,-5.236572335366452,-2.478407810739769,-5.6505945690409565,-4.658714224356098,-4.454973504054216,-7.230473380695745,-1.794100499672724,26.05117383276181,0.0,-15.946292593727929,6.3860522586037805,23.474659165980903,77.91325770633237,-4.87746139679841,19.518716577540097,-7.991187630886865,-10.684912561135395,-12.689917663507844,3.373196439424042,-0.7645259938837912,0.5780346820809301,-0.6369426751592355,0.15313935681469104,0.0,-1.302083333333337,-1.5000000000000013,-3.745318352059923,-5.057782704189506,10.230692076228687,-1.7857142857142794,0.2525252525252597,0.5964318197879459,3.445692883895135,0.35842293906809264,8.419067215363519,0.0,-1.1666666666666714,0.0,-0.6294706723891319,-0.03094943557949703
2002-08-05,8043.6298828125,3115.3798828125,3996.39990234375,3332.64990234375,6536.5,9862.330078125,1206.010009765625,9704.9296875,281930000.0,0.0,1246155000.0,81125300.0,78877500.0,187999200.0,1336720000.0,55800000.0,864.239990234375,834.5999755859375,1425500000.0,78.20001220703125,6.43,1.72,4.52,6.54,1.66,388000.0,1.82,2.24,-0.42951,5.779,3.53,7.78,4229.896,26.87,5.53,7.288,5.44,5.84,4.75,3498000.0,974.1038,-3.429604621790223,0,1.0,-7.670560303733954,-8.25866397494629,-4.908755880299243,-13.656999180058216,0.8236785108879374,-1.1393370841357942,-9.679085582053926,0.3957905455985511,-14.241825095057036,0.0,-31.16804782949475,-6.593738090385837,-39.027076917368554,10.356405747010378,-31.24469567990453,11.823647294589179,1.3367059495248412,-7.159389162322105,-19.8549461670368,-36.56716935172442,1.4195583596214423,0.0,1.118568232662187,1.238390092879249,-0.5988023952095856,-0.512820512820511,-3.1914893617021156,-3.44827586206895,-2.867545625183754,8.811899830540382,-0.8426966292134908,-0.2564102564102555,0.024214495023722193,0.8633633633633675,0.18115942028986698,-27.597854162527323,0.7407407407407307,1.388888888888884,0.0,0.08583690987125081,-0.18920020824830797
2002-10-07,7422.83984375,2733.56005859375,3780.89990234375,2667.389892578125,5841.0,8931.400390625,1119.4000244140625,8688.0,300960000.0,0.0,1365343000.0,87430000.0,104805400.0,240968000.0,1409850000.0,60900000.0,800.5800170898438,785.280029296875,1576500000.0,71.989990234375,6.01,1.8,3.69,6.13,1.55,404000.0,1.55,1.76,-0.35767,6.182,2.72,7.44,4324.4244,30.25,4.97,12.465,4.78,5.4,4.75,3619000.0,962.079,-1.9111128764598848,0,1.0,-2.2272377131530963,-1.5802226268598174,1.5879373620362403,-3.670604350381812,-5.491552451404347,-1.5520977900510213,-4.492946738827497,-7.409874747215717,-19.410898379970543,0.0,-40.6103031114993,-17.375678416274244,-24.657020194903968,8.679258898450314,-16.224968803850494,49.26470588235294,-3.237968283288939,-3.6797172654741694,-8.442565350461994,27.641909535883613,0.33388981636059967,4.651162790697683,-1.072386058981234,0.4918032786885185,-4.320987654320996,-1.2224938875305624,-7.738095238095233,-8.808290155440412,-0.5145749888740614,-9.514051522248234,-2.508960573476693,0.6765899864682012,1.3870611389788623,-1.2406137773424697,1.6359918200409052,92.8372524752475,-0.20876826722338038,-0.1848428835489746,0.0,1.8002812939521773,-0.42366149391780406
2002-11-11,8358.9501953125,3053.699951171875,4015.60009765625,3042.06005859375,6293.89990234375,9580.8798828125,1319.18994140625,8460.3701171875,213540000.0,0.0,1376824000.0,69092700.0,89562400.0,264728400.0,1267420000.0,46000000.0,894.739990234375,876.1900024414062,1113000000.0,51.02996826171875,6.11,1.7,4.0,6.32,1.28,400000.0,1.46,1.84,-0.43324,5.338,2.95,7.71,4345.3987,25.97,5.24,7.912,5.03,5.48,4.75,3539000.0,961.5501,-2.0732266351601907,0,0.0,-2.480860326582679,-5.125408156392242,-3.0399590086623185,-8.590295733873699,-2.1577298607805995,-1.4396938758083344,-5.5386953107463555,-2.594484009031972,-36.4899027451447,0.0,-19.94632171156525,-22.439909836691264,-42.999522038724415,24.129801366734903,-46.57826409495549,10.576923076923084,-0.6903782173000805,-3.540482634326747,-32.377422686675985,-9.95248157745654,-0.32626427406198255,-5.027932960893855,0.0,-1.0954616588419341,-12.925170068027203,-1.2345679012345734,-3.311258278145701,3.9548022598870025,4.705512724460448,11.231506563867466,1.7241379310344973,-1.2804097311139517,-0.006496104983311213,-3.9215686274509887,-1.1320754716981019,-36.774812210324434,-0.7889546351084853,-0.5444646098003547,0.0,-0.5060444194545988,0.027598480699997374
2002-12-09,8473.41015625,3115.6298828125,3933.89990234375,3065.570068359375,6504.10009765625,9868.48046875,1367.1400146484375,8828.0498046875,227690000.0,0.0,1272599000.0,71056500.0,170466300.0,528145400.0,1496820000.0,44000000.0,912.22998046875,892.0,1320800000.0,62.31005859375,6.19,1.24,4.17,6.33,1.2,425000.0,1.53,2.01,-0.45929,4.664,3.24,7.55,4359.8976,27.14,5.19,10.201,5.13,5.6,4.25,3537000.0,960.9576,-2.217640386950976,0,1.0,-4.391052962379527,-5.551483782117761,-5.305344166423954,-9.308025778280415,-2.4184914670737467,-3.2991122368011605,-7.923060138689131,-3.7759122020101454,-19.28462547413946,0.0,-16.797437625815693,-39.16395547945205,-14.695620843404244,64.68046442072757,-22.265326789748386,-7.949790794979084,-2.571799633949423,-4.550953737556607,-18.06451612903226,31.67821073404791,0.978792822185981,-2.3622047244094557,-0.4773269689737569,-0.6279434850863463,-0.8264462809917328,12.732095490716189,-1.2903225806451646,-2.898550724637683,-0.48749837500542403,-7.017543859649134,-0.6134969325153228,-0.6578947368421018,-0.6377315881779366,1.1554230339172689,-0.5747126436781436,-7.49070463407997,-0.1945525291828787,0.538599640933568,0.0,3.907168037602826,-0.1375896619035477
2003-02-24,7858.240234375,2785.610107421875,3701.800048828125,2571.35009765625,6502.2998046875,9239.4697265625,1322.3800048828125,8564.9501953125,229020000.0,0.0,1221485000.0,73568800.0,90325000.0,119645600.0,1222480000.0,37500000.0,848.1699829101562,832.5800170898438,1229200000.0,39.44000244140625,5.84,1.3,3.89,5.96,1.17,421000.0,1.3,1.62,-0.54021,5.048,2.87,7.06,4415.6512,36.78,5.07,12.588,4.88,5.21,4.25,3500000.0,941.9246,-1.8380709214468738,0,0.0,-0.6392824646102913,-3.34857694480144,0.25458094282821975,-5.080154986404484,-0.941489191958178,-1.5368167471615846,0.9319371171647495,-2.359120570581519,-3.732660781841113,0.0,3.0674220255634044,24.189807390401597,8558.454754601227,-38.02801143662206,-7.064717464516768,-40.38155802861685,3.7681818487297125,-0.27668285858784003,-12.487540936921548,0.0,-0.34129692832765013,6.557377049180335,-1.518987341772149,-0.16750418760468344,0.8620689655172376,0.23809523809523725,0.0,-0.6134969325153228,0.29147482548639303,7.840205084383678,-2.3809523809523725,-0.42313117066290484,-0.050596591831852944,2.7661357921207053,0.19762845849804478,101.27918132395268,-0.6109979633401319,-0.9505703422053147,0.0,2.249488752556239,-0.11309756794097847
2003-03-10,7568.18017578125,2513.610107421875,3436.10009765625,2329.0400390625,6277.7001953125,8861.8701171875,1278.3699951171875,8042.259765625,215960000.0,0.0,1444877000.0,101649300.0,82316000.0,205221000.0,1119970000.0,54000000.0,828.8900146484375,807.47998046875,1255000000.0,45.77001953125,5.67,1.29,3.65,5.82,1.15,424000.0,1.22,1.47,-0.5512,4.909,2.61,6.9,4447.6963,36.98,4.91,13.468,4.68,5.01,4.25,3559000.0,939.6076,-2.58297648678616,0,0.0,-3.440731171571376,-9.001353699995473,-6.746814036691395,-8.652555124468487,-3.009653220355346,-4.390004656935565,-3.175063259212252,-5.278203669815518,-0.18949022507741553,0.0,4.472452354337086,37.50514041447974,-2.7409205088154143,-4.0198114266472125,-10.651860006860847,16.129032258064523,-1.4575295024410462,-3.2738008852038814,3.813384068161141,35.41406334645527,-2.0725388601036343,4.0322580645161255,-3.4391534391534417,-1.1884550084889534,-3.361344537815125,-2.752293577981646,-3.937007874015752,-6.369426751592366,1.2472217630095095,-6.477424271289767,-5.434782608695654,-1.0043041606886516,0.9938652028580242,0.0,-1.4056224899598457,66.6006927263731,-2.092050209205032,-2.529182879377434,0.0,1.8020594965675096,-0.039564692634252996
2003-03-24,8214.6796875,2726.85009765625,3743.300048828125,2548.3701171875,6364.0,9108.4501953125,1369.780029296875,8435.0703125,259460000.0,0.0,1199205000.0,106067200.0,94148900.0,248268800.0,1317380000.0,58000000.0,895.7899780273438,864.22998046875,1293000000.0,68.73004150390625,5.79,1.27,3.97,5.99,1.14,411000.0,1.32,1.72,-0.57449,4.979,2.97,7.04,4437.4206,30.46,5.12,13.478,4.94,5.11,4.25,3585000.0,936.401,-3.523146980064828,0,0.0,0.8936438373646327,-3.7037388287685102,0.564167308506236,2.4626876513412332,-0.6649407955373166,3.456207448094717,-1.6153468737297727,7.15772273624431,-27.27119831814997,0.0,-18.94908655893266,-22.501074068337047,-10.793158991851426,73.25930330259915,-30.168406210409692,40.43583535108959,7.502965069025747,0.16690069171858557,-23.959962832711923,-6.983239069793568,3.208556149732611,4.958677685950419,8.767123287671241,2.9209621993127044,4.587155963302725,-4.418604651162794,13.793103448275868,17.006802721088434,2.444809016013405,-4.176289453425708,13.358778625954205,2.0289855072463725,-0.09625377550046554,-16.91216584833605,4.276985743380846,144.56541462529486,5.55555555555558,3.6511156186612714,0.0,1.6156462585034115,-0.333569265647371
2003-03-31,7992.1298828125,2618.4599609375,3613.300048828125,2423.8701171875,6343.2998046875,8634.4501953125,1341.1700439453125,7972.7099609375,301270000.0,0.0,1399643000.0,97038600.0,113120300.0,324820000.0,1596280000.0,45600000.0,863.5,848.1799926757812,1495500000.0,52.22003173828125,5.91,1.22,3.96,5.94,1.15,436000.0,1.27,1.65,-0.59371,5.916,2.93,6.97,4434.6463,30.43,5.16,6.341,4.96,5.21,4.25,3536000.0,936.3115,-1.7741757179176316,0,1.0,-2.7091720329174396,-3.9749209834421095,-3.4728714851671505,-4.88547558929171,-0.32527019661376944,-5.203958849595902,-2.088655458515365,-5.481404830465064,16.114237262005716,0.0,16.714239850567658,-8.512150787425332,20.15042130072682,30.833999278201695,21.170808726411504,-21.379310344827584,-3.60463711577248,-1.857143139637829,15.661252900232014,-24.021533239852122,2.0725388601036343,-3.937007874015752,-0.25188916876575096,-0.8347245409014992,0.8771929824561431,6.082725060827254,-3.7878787878787956,-4.069767441860472,3.345576076171919,18.81903996786505,-1.3468013468013518,-0.9943181818181879,-0.06252055529737399,-0.0984898227183173,0.78125,-52.95296037987831,0.4048582995951344,1.9569471624266033,0.0,-1.3668061366806095,-0.009557871040288823
2003-05-19,8493.3896484375,2867.2900390625,3941.300048828125,2850.679931640625,6742.0,9087.3701171875,1492.77001953125,8039.1298828125,220770000.0,0.0,1335744000.0,102016600.0,83878700.0,143171000.0,1684210000.0,63700000.0,944.2999877929688,920.77001953125,1375700000.0,28.4200439453125,5.45,1.25,3.56,5.23,1.05,425000.0,1.2,1.44,-0.73209,7.139,2.52,6.39,4509.901,28.54,4.79,12.795,4.51,4.84,4.25,3716000.0,926.978,-2.4917895336113816,0,0.0,-2.6738630366559657,-3.218081485747093,-1.156138201451229,-2.947647734185732,0.3647190174916215,-0.7449038452513101,-3.15492436178586,-2.21369146516327,-1.7839665450662845,0.0,26.442535242199018,27.77710281251762,-28.9131630488488,-50.01249940645276,-6.273442630249204,8.517887563884162,1.1666914819594698,-2.575358021559615,-0.2248331882796606,-17.599299220471252,-3.0249110320284656,-0.7936507936507908,-5.57029177718833,-3.5055350553505393,-3.669724770642202,1.918465227817756,-2.4390243902439046,-2.7027027027027084,0.4266235013306252,0.3655279066497874,-6.666666666666677,-1.9938650306748462,0.8108251833294,7.373965387509407,-3.81526104417671,89.38721136767317,-4.0425531914893735,-2.6156941649899346,0.0,0.3239740820734305,-0.17634853431279796
2006-06-05,11048.7197265625,4916.0400390625,5762.10009765625,5621.18994140625,11699.5,16016.23046875,2169.6201171875,15668.3095703125,254990000.0,73527800.0,1072108200.0,74288100.0,141886400.0,307784200.0,1733250000.0,89700000.0,1288.1600341796875,1265.2900390625,2313470000.0,35.2000732421875,6.67,5.01,5.08,5.91,4.72,307000.0,5.03,5.0,-0.58901,4.87,4.99,6.74,5815.4311,71.53,5.18,9.59,5.32,6.26,8.0,2408000.0,1106.7687,-1.7754001451963481,0,0.0,-2.0382885642303616,-1.979530491292547,-0.4990485640433473,-2.325449393239476,-1.23253556202777,0.3286249992353385,-1.843582650848119,-1.5542541823192257,6.099945907710236,50.558802209818055,-34.11318568760794,53.83871475431563,151.11303824575688,0.16467162330422447,12.497566041409748,-7.238883143743536,1.2139508384775066,-1.16157314087032,27.532772516289782,0.0,0.7552870090634434,0.6024096385542022,0.5940594059405946,0.16949152542371504,0.2123142250530785,-6.969696969696971,0.8016032064128265,0.8064516129032251,-2.570506988669252,-11.06647187728269,0.8080808080808133,0.29761904761904656,0.2715286195023703,1.6773276474769006,0.5825242718446422,-4.071221366409928,0.5671077504725952,0.48154093097911854,0.0,1.1339773204535941,0.30796540093009916
2007-11-26,12743.4404296875,5458.39013671875,6180.5,7567.35986328125,13321.099609375,27626.619140625,2540.989990234375,15135.2099609375,265610000.0,128387400.0,1213903300.0,128567800.0,219871500.0,2287869600.0,2019400000.0,145900000.0,1440.739990234375,1407.219970703125,3706470000.0,76.5,6.2,4.51,4.04,5.4,3.17,352000.0,3.3,3.1,0.51339,4.959,3.48,6.39,6677.419,97.93,4.46,9.412,4.49,5.83,7.5,2634000.0,1401.9081,-2.326583544460168,0,0.0,-1.6591502748080633,0.47528726432362056,0.9753659197737408,0.7373518112205657,-0.20302801532012804,0.6061478105326756,-2.020139545514965,0.6159217132691408,-7.061128800867767,-27.654315978808075,-11.772736665047589,-36.28169552963123,8.745422604174703,39.7351391790618,-7.706089094656788,16.254980079681268,-1.095624457504829,-1.8175255515806232,-10.029492796718165,23.946915606890684,-0.6410256410256387,-0.6607929515418554,-4.265402843601884,-1.6393442622950838,-4.518072289156628,6.024096385542177,-7.8212290502793325,-10.144927536231885,38.36513583441139,-3.5776783978222815,-7.692307692307699,-0.4672897196261738,-0.49695797144669873,4.670799486960253,-2.4070021881838155,51.29400417939238,-2.6030368763557465,-0.8503401360544172,0.0,0.9582215408202366,1.2508404117871574
2008-07-28,11131.080078125,4324.4501953125,5312.60009765625,6351.14990234375,13304.0,22687.2109375,2264.219970703125,13353.7802734375,197550000.0,121680200.0,1076152400.0,116506500.0,176408200.0,1081764400.0,1931230000.0,93600000.0,1257.760009765625,1234.3699951171875,4282960000.0,56.800048828125,6.63,1.99,4.11,5.78,1.57,434000.0,2.33,2.7,0.67316,5.419,3.44,7.27,6885.4393,125.92,4.66,6.648,4.72,6.18,5.0,3261000.0,1512.2843,-1.8596564103509754,0,0.0,-2.9323258070900415,-0.06216441624860014,-1.6967916352773948,-1.146953748239099,-2.81389847337028,0.6848232770744422,-0.671632239846931,4.296258657527674,-7.188160676532773,-56.379348480323955,-33.14120987332178,2.541388324135929,3.560459120176218,-57.933809326635696,3.862515529119448,-17.314487632508836,-0.3217524445843112,-2.034127371651784,-7.508249399651024,-15.601771741378002,5.91054313099042,-0.995024875621886,3.266331658291466,1.9400352733686121,11.34751773049647,7.9601990049751326,5.429864253393668,7.569721115537864,-4.971907733137582,15.028656336234336,5.521472392638049,1.253481894150421,-0.16409018489010885,-6.980867252714784,1.969365426695835,-43.130881094952954,2.1645021645021467,6.92041522491349,0.0,1.0536101642392381,-0.005349237075802371
2008-08-25,11386.25,4355.8701171875,5505.60009765625,6296.9501953125,13289.0,21104.7890625,2365.590087890625,12878.66015625,148610000.0,65140600.0,1024330800.0,63675700.0,128985600.0,1915426400.0,2366920000.0,86600000.0,1290.469970703125,1266.8399658203125,3420600000.0,40.8900146484375,6.47,2.02,3.83,5.58,1.72,421000.0,2.12,2.33,0.69384,4.765,3.07,7.11,6869.9128,115.7,4.45,11.669,4.48,6.0,5.0,3384000.0,1511.861,-1.8311162149660456,0,0.0,-0.8113641168211227,-2.0897521562415755,1.0164746313612083,-2.113045633934185,1.2927390301785024,0.8318851774688163,-2.1262026575891824,-2.178353453986792,-4.913942030840102,-30.441310262641963,40.88506665947798,-23.769247529635983,-20.237705805055274,45.28041600868911,44.9776737861461,-24.101665205959687,-0.5908487419509778,-0.9197567644435356,-10.67273567684871,-19.886396249880423,-0.7668711656441674,1.5075376884422065,-2.0460358056266004,-1.7605633802816878,-6.0109289617486406,-0.7075471698113178,-2.752293577981657,-5.668016194331993,7.9889807162534465,-1.934554435068947,-3.4591194968553562,-0.8368200836819994,0.1265356045662358,1.1363636363636243,-1.9823788546255439,29.296398891966756,-2.183406113537112,-1.1532125205930832,0.0,-0.02954209748892156,-0.21527629412454452
2008-09-15,10917.509765625,4168.97021484375,5204.2001953125,6064.16015625,12254.0,19352.900390625,2179.909912109375,12214.759765625,432970000.0,305211400.0,2087491500.0,325805100.0,231950900.0,2445765000.0,2697820000.0,194600000.0,1250.9200439453125,1192.699951171875,8279510000.0,81.7200927734375,5.93,1.99,3.66,5.46,1.6,449000.0,2.05,2.23,1.24234,4.723,2.92,7.05,6902.2839,102.88,4.24,9.02,4.28,5.54,5.0,3493000.0,1510.3231,-4.654181780461003,0,0.0,-5.153712590771631,-3.944766207930106,-4.445212677543575,-3.186276420431955,-3.012359877970261,-6.931569000098248,-3.958572592241938,-3.245288880317976,58.597069597069606,38.93700771271887,158.33481219013618,70.07663769284056,-20.64262290595016,-19.42291910120577,5.124887971008851,44.04145077720207,0.11364897521508599,-5.922911963100164,12.625861407580107,118.09418318646054,-6.614173228346454,1.5306122448979664,-0.8130081300812941,-0.5464480874316946,-4.191616766467055,1.8140589569161092,-1.4423076923077094,-0.44642857142858094,26.506048633456892,-0.4846186262115637,-0.34129692832765013,0.14204545454545858,-0.18458295856489393,-5.065977669096622,-1.6241299303944134,-24.239879052578537,-1.3824884792626668,-6.101694915254241,0.0,2.134502923976611,-0.18452659784263803
2008-09-22,11015.6904296875,4223.509765625,5236.2998046875,6107.75,12638.099609375,19632.19921875,2178.97998046875,12090.58984375,213210000.0,207092300.0,1294511600.0,186483400.0,276061200.0,3731644400.0,1881160000.0,150500000.0,1255.3699951171875,1207.0899658203125,5368130000.0,131.6199951171875,5.78,2.25,3.54,5.63,0.62,483000.0,1.69,1.85,1.58689,4.941,2.69,7.28,7111.6061,97.19,4.16,46.998,4.2,5.35,5.0,3551000.0,1524.8145,-3.8458804563325657,0,1.0,0.8992954086620708,1.3082259639817018,0.6168019709140493,0.718810892635724,3.1344835104863744,1.4431884755646163,-0.04265917758615734,-1.0165563978134173,-50.756403445966235,-32.14791452743901,-37.98721575632763,-42.76228334056158,19.017085081368524,52.575754416307376,-30.271107783321348,-22.661870503597125,0.35573426082775583,1.2065075238997691,-35.163675145026694,61.06197466282073,-2.529510961214154,13.065326633165819,-3.2786885245901676,3.1135531135531025,-61.25000000000001,7.572383073496658,-17.560975609756092,-17.040358744394613,27.73395366807798,4.615710353588831,-7.8767123287671215,3.2624113475177463,3.032651264895092,-5.530715396578534,-1.8867924528301883,421.0421286031042,-1.869158878504673,-3.429602888086647,0.0,1.6604637847122738,0.9594900587827748
2008-09-29,10365.4501953125,3953.47998046875,4818.7998046875,5807.080078125,11285.099609375,17880.6796875,1983.72998046875,11743.6103515625,385940000.0,221762500.0,1511330500.0,282323700.0,288953700.0,2578483600.0,2808100000.0,122500000.0,1209.0699462890625,1106.4200439453125,7305060000.0,158.699951171875,6.09,1.54,3.84,5.91,0.84,483000.0,1.95,2.11,1.93226,5.088,3.02,7.66,7105.0558,111.12,4.4,104.499,4.48,5.77,5.0,3623000.0,1542.8148,-8.489988743728862,0,1.0,-5.902855009637797,-6.393492619669383,-7.9731874715473054,-4.922760785477465,-10.70572350131137,-8.921667469517057,-8.960614679809819,-2.8698309732743454,81.01402373247033,7.0838944760379885,16.74908900005223,51.39347523693798,4.6701600949354605,-30.90221565591834,49.27491547768399,-18.6046511627907,-3.688159587070816,-8.339885569886818,36.082024839189806,20.57434816843515,5.363321799307941,-31.555555555555557,8.47457627118644,4.973357015985802,35.48387096774193,0.0,15.384615384615397,14.054054054054044,21.763953393114853,2.975106253794779,12.267657992565063,5.219780219780223,-0.09210718237051552,14.332750282950935,5.769230769230771,122.34775947912678,6.666666666666665,7.8504672897196315,0.0,2.0275978597578126,1.180491135151196
2008-10-06,9955.5,3711.97998046875,4589.2001953125,5387.009765625,10230.400390625,16803.759765625,1862.9599609375,10473.08984375,391460000.0,277662200.0,1787422600.0,304489300.0,398402200.0,2234392200.0,3502250000.0,185000000.0,1097.56005859375,1056.8900146484375,7956020000.0,207.800048828125,6.1,1.32,3.7,5.96,0.76,482000.0,1.59,1.75,2.24846,8.629,2.77,7.86,7258.0912,96.59,4.19,167.055,4.3,5.78,5.0,3676000.0,1557.9289,-3.7054959887499037,0,1.0,-3.954967585468594,-6.108542377679282,-4.764663789345558,-7.233761319779031,-9.345945142334566,-6.022813118384152,-6.088027136773544,-10.818823766947073,1.4302741358760418,25.20701200608759,18.268148495646706,7.851129749291319,37.87752155449127,-13.344719353654222,24.719561269185576,51.020408163265294,-9.222782192011646,-4.476602676164387,8.91108355030623,30.938949441183937,0.16420361247946325,-14.28571428571428,-3.645833333333326,0.8460236886632888,-9.523809523809524,-0.20703933747412417,-18.461538461538453,-17.061611374407583,16.364257398072724,69.59512578616352,-8.278145695364236,2.6109660574412663,2.153894414171953,-13.0759539236861,-4.772727272727273,59.86277380644793,-4.017857142857151,0.17331022530331364,0.0,1.4628760695556187,0.9796444783910507
2008-10-27,8175.77001953125,3067.35009765625,3852.60009765625,4334.64013671875,8537.2998046875,11015.83984375,1505.9000244140625,7162.89990234375,281180000.0,222370700.0,1399046900.0,287962100.0,240550100.0,4834423200.0,2224430000.0,237400000.0,874.280029296875,848.9199829101562,5558050000.0,138.69000244140625,6.04,0.69,3.74,6.32,1.04,480000.0,1.66,1.59,2.65957,23.166,2.64,9.29,7138.1167,68.56,4.13,301.26,4.46,5.72,4.5,3823000.0,1597.4756,-2.9006777619196153,0,0.0,-11.760487151921417,-11.052886928847283,-10.042731875721845,-10.348885589925372,-16.72064811267211,-28.10916385067851,-14.922345977810059,-20.461624095451135,16.47887323943662,0.8299159700444925,-3.892471714833312,49.340275112694144,-13.516015619241973,60.43356411753169,10.024978360331405,43.3574879227053,-7.3374929520829575,-13.850216980160901,7.38865145180112,-32.18426755301067,-6.501547987616096,-28.125,-6.965174129353214,-2.3183925811437356,131.11111111111114,0.4184100418409997,32.79999999999998,-5.357142857142849,1.5878533231474368,215.69910057236305,-8.965517241379306,2.2002200220021972,-0.3897838373637663,-8.817661923128073,-3.2786885245901565,7.196993958026421,-3.0434782608695587,-6.84039087947883,0.0,2.520783051756492,0.26222974679870337
2008-11-10,8870.5400390625,3505.75,4403.89990234375,5025.52978515625,9688.7998046875,14744.6298828125,1616.739990234375,9081.4296875,221230000.0,129569200.0,1094586600.0,121306700.0,247138700.0,2801049800.0,1674900000.0,155400000.0,936.75,919.2100219726562,4572000000.0,107.780029296875,6.2,0.24,3.82,6.37,0.39,512000.0,1.24,1.36,2.70439,31.8,2.56,9.33,7106.0701,64.31,4.22,493.611,4.58,5.88,4.0,4011000.0,1577.6763,-1.872428932729517,0,0.0,-4.820796466204347,-0.6298231245629449,-0.8867261736915544,-0.02606127576112449,-0.33431743339845665,2.7903613916473446,-6.348147145101201,5.881431356733846,22.24678123445876,-10.28064045490773,-11.325463189571238,-30.15501505931314,17.06393171850509,-5.728901873979186,-5.419904228406214,-24.563106796116507,-3.2952381588474244,-4.8732243004438125,1.7745999804108292,-22.521716162581416,-4.024767801857587,-70.73170731707317,-2.5510204081632626,-0.7788161993769416,-36.065573770491795,4.489795918367356,-13.888888888888884,-14.465408805031444,0.8171573214239114,-68.43233799237612,-7.581227436823101,-1.6859852476290849,0.2396035798360563,-1.3801564177273296,-0.4716981132075526,89.17807484171638,-0.2178649237472685,-5.008077544426504,-9.706546275395024,2.1130346232179242,-0.5189148056586879
2008-11-17,8273.580078125,3182.030029296875,4132.2001953125,4557.27001953125,8795.5,13529.5302734375,1482.050048828125,8522.580078125,278220000.0,151743400.0,1089892900.0,137085700.0,241682600.0,1604626600.0,1831540000.0,146000000.0,873.22998046875,850.75,4927490000.0,133.260009765625,6.14,0.28,3.78,6.37,0.21,536000.0,1.12,1.23,2.75584,61.776,2.41,9.26,7108.993,58.6,4.24,592.141,4.49,5.81,4.0,4002000.0,1580.7236,-2.5743482211504856,0,0.0,-6.729691296231277,-9.233971923358054,-6.169525035904011,-9.317619945425138,-9.219922206002396,-8.240963788391975,-8.330958732994809,-6.153762442759647,25.760520725037296,17.113789388218812,-0.4288102923971526,13.007525552999134,-2.2077076556605624,-42.713385531381846,9.352200131351118,-6.048906048906044,-6.78089346477182,-7.447701867494727,7.775371828521438,23.6407251278125,-0.967741935483879,16.666666666666675,-1.0471204188481686,0.0,-46.15384615384615,4.6875,-9.677419354838701,-9.558823529411775,1.9024622927906076,94.26415094339625,-5.859375,-0.7502679528403,0.04113243971517466,-8.87886798320634,0.4739336492891155,19.961062456063573,-1.9650655021834051,-1.1904761904761973,0.0,-0.2243829468960401,0.19315115527818172
2008-12-01,8149.08984375,3080.429931640625,4065.5,4394.7900390625,8406.2001953125,14108.83984375,1398.0699462890625,8397.2197265625,321010000.0,137255200.0,1041732400.0,149138800.0,293157800.0,2041643600.0,1904470000.0,106900000.0,888.6099853515625,816.2100219726562,6052010000.0,146.65997314453125,5.97,0.56,3.1,5.75,0.07,529000.0,0.93,1.14,2.88089,64.531,2.06,9.1,7107.1289,53.27,3.6,577.731,3.84,5.74,4.0,4447000.0,1576.3771,-8.147552308931404,0,0.0,-3.4855646481027014,-2.8901952541541154,-2.106910666987716,-3.5030407617750448,-0.4110958986204838,13.251784461325379,-5.023713825966592,6.1489394244831574,-34.73947427270324,-37.362916691956336,-36.29003528738526,-29.543797853227506,-23.26943346525806,15.40269797787317,-25.420775213226708,-42.278617710583156,10.909881654113661,-4.179332913205059,-23.192384230351394,-16.604125235571566,-1.1589403973509937,55.55555555555558,-8.284023668639051,-4.006677796327218,0.0,-0.5639097744360888,-3.124999999999989,2.702702702702675,1.5134217072947154,6.724551393368072,-2.8301886792452824,-0.4376367614879806,1.0432372193143857,1.9326444699579115,-8.3969465648855,-8.85352820624471,-7.246376811594201,0.17452006980802626,0.0,8.595848595848587,0.4412495852851528
2008-12-22,8519.6904296875,3151.360107421875,4249.2001953125,4639.02001953125,8249.5,14622.3896484375,1532.3499755859375,8723.7802734375,211090000.0,121440900.0,767254400.0,138374400.0,197899100.0,1413014300.0,1629320000.0,109800000.0,887.2000122070312,871.6300048828125,4869850000.0,67.5,5.19,0.15,2.26,4.95,0.03,587000.0,0.45,0.71,2.63281,79.632,1.36,8.3,7221.6697,39.7,2.72,800.403,3.04,4.92,3.79,4548000.0,1564.9,-1.7549602243000684,0,0.0,-0.5235528665135214,-1.0766938604186538,-0.6639213974048319,-0.33942892064896535,-2.5089202012306466,-2.821572088457247,1.5918168522815135,0.6823131677571315,-8.197790728016008,-0.44750743523069847,-11.964276002259023,19.973261127974638,-26.893059094245586,-30.098005265600158,-2.8947070427739585,-15.081206496519716,0.6957454948930852,0.35230292697079335,-2.258755336294427,-32.60785047366824,-5.118829981718454,15.384615384615374,-15.355805243445698,-7.476635514018682,50.0,3.7102473498233257,-9.999999999999998,-16.470588235294116,-5.53077737311397,60.77853378828566,-16.049382716049386,-4.816513761467888,0.12023295780243526,-10.926632263854607,-11.97411003236245,2.896095130965781,-10.059171597633132,-5.384615384615388,-5.249999999999999,2.317210348706422,-0.4471069352913193
2009-01-12,8473.9697265625,3246.1201171875,4426.2001953125,4719.6201171875,8793.2998046875,13971.0,1538.7900390625,8836.7998046875,273550000.0,103393400.0,785473900.0,116129200.0,210801900.0,4111599600.0,1763590000.0,137000000.0,890.4000244140625,870.260009765625,4725050000.0,79.52996826171875,5.01,0.1,2.48,5.04,0.11,551000.0,0.44,0.8,2.11678,66.137,1.62,8.23,7242.5423,44.46,3.03,877.82,3.4,4.62,3.25,4760000.0,1542.1788,-2.261906345037542,0,0.0,-5.349333463063333,-3.3869796701581523,-3.349635319080746,-5.304386741453005,-5.300739812745681,-10.231175850603657,-5.481470773172203,-2.281516886056445,17.021731690622865,-14.756058147664463,-6.119715861370967,-22.90459103568002,-13.085395303272751,89.24609294416153,-2.917019894527073,61.3663133097762,-4.172536695026075,-6.166370336802574,-12.7238908663055,28.772723903644227,-1.764705882352935,0.0,10.714285714285698,6.553911205073981,22.222222222222232,9.542743538767407,18.918918918918926,1.2658227848101333,-6.871216387441925,-42.10139281618503,4.516129032258065,1.9826517967781898,0.06941744201762745,4.858490566037732,13.0597014925373,3.5383648199325046,12.58278145695364,-4.347826086956519,0.0,1.449275362318847,0.2820316474726692
2009-02-23,7114.77978515625,2727.8701171875,3850.699951171875,3936.449951171875,7647.7001953125,13175.099609375,1387.719970703125,7376.16015625,406150000.0,155360100.0,985111800.0,131904200.0,257605900.0,1931112200.0,1977740000.0,164300000.0,773.25,743.3300170898438,6509300000.0,66.95001220703125,5.04,0.23,2.75,5.25,0.3,655000.0,0.64,0.95,1.83621,31.082,1.79,8.01,7251.9454,37.15,3.56,689.085,3.8,4.68,3.25,5307000.0,1533.4732,-3.869380266428225,0,0.0,-9.370597923575852,-7.911291390692998,-6.870945799928441,-9.85174349334258,-11.873560577126286,-2.086673453410859,-9.557080219009906,-4.82582665148219,61.196221622479754,82.24186915098524,28.61688047938753,53.17535523009249,45.084965126338176,42.24606225595924,-0.625568413066091,48.553345388788415,-7.278615182988002,-10.099899261435063,22.89465983215806,0.0,-2.3255813953488413,0.0,-4.513888888888884,0.7677543186180413,0.0,3.639240506329111,6.666666666666665,0.0,1.5170530249838166,-14.857831589327786,-2.1857923497267784,0.0,-0.05127992314862828,0.5684894423389375,-0.2801120448179262,14.261339329241007,0.0,-2.7027027027026973,0.0,0.5304034855086126,-0.21613815975951578
2009-03-02,6763.2900390625,2581.4599609375,3625.800048828125,3710.070068359375,7687.5,12317.4599609375,1322.8499755859375,7280.14990234375,568670000.0,167976700.0,1489096600.0,153081600.0,259172400.0,2194792800.0,2033110000.0,125400000.0,729.5700073242188,700.8200073242188,7868290000.0,80.41998291015625,5.07,0.2,2.91,5.31,0.29,652000.0,0.72,1.03,1.87241,35.583,1.97,8.13,7256.5042,41.1,3.6,692.397,3.87,4.68,3.25,5445000.0,1527.0748,-3.940677345748341,0,1.0,-4.940275830139851,-5.367196749123537,-5.840494071092362,-5.750863992189381,0.5204153362587949,-6.50954963427548,-4.674573868409448,-1.3016291928653168,40.0147728671673,8.120875308396425,51.16016273482869,16.055136985782113,0.6080994262942063,13.654338675919497,2.7996602182288832,-23.676202069385266,-5.648883630880208,-5.718860908113566,20.877667337501737,20.119444730602076,0.5952380952380931,-13.043478260869568,5.818181818181833,1.1428571428571344,-3.3333333333333326,-0.45801526717557106,12.5,8.421052631578952,1.9714520670293778,14.481050125474537,10.05586592178771,1.4981273408239737,0.06286313187080506,10.632570659488572,1.1235955056179803,0.4806373669431263,1.8421052631579116,0.0,0.0,2.6003391746749482,-0.41724889616588934
2009-03-30,7522.02001953125,2719.340087890625,3762.89990234375,3989.22998046875,8596.2001953125,13456.330078125,1501.800048828125,8236.080078125,383260000.0,148246900.0,1236805000.0,129820000.0,236756000.0,2885519600.0,2020200000.0,164200000.0,809.0700073242188,787.530029296875,5912660000.0,66.77996826171875,4.85,0.17,2.74,5.51,0.18,665000.0,0.59,0.92,1.72082,78.083,1.76,8.53,7321.1994,52.99,3.66,795.806,3.69,4.58,3.25,5935000.0,1508.0426,-2.662313252543056,0,0.0,-3.264460113905454,-5.235278347973615,-4.804193081830032,-4.480927970166981,-4.044201648573975,0.06625922520278049,-3.469019843908938,0.25013363719128545,-25.667183863460043,-3.9332774309439156,-13.937245837388678,-5.002133097997374,-17.56934792478476,7.6741138859370395,-7.014208847504588,-7.959641255605376,4.75974801334047,-4.300533994584621,-23.369151750246576,-17.463860552235953,-2.6104417670682833,0.0,-0.3636363636363549,-1.9572953736654908,-18.181818181818187,0.605143721633894,-7.812500000000011,-1.0752688172043001,-5.648521800157901,7.370433012939515,0.5714285714285783,0.3529411764705781,0.8157439139987677,7.072135785007072,-0.8130081300812941,2.298550631487628,-2.3809523809523725,-0.6507592190889477,0.0,1.8184937382055288,-0.0827606750901766
2009-04-20,7841.72998046875,2969.39990234375,3990.89990234375,4486.2998046875,9126.2001953125,15750.91015625,1608.2099609375,8924.75,453660000.0,172070400.0,1222655500.0,145103100.0,238680800.0,2565994000.0,3061850000.0,167900000.0,868.27001953125,832.3900146484375,6973960000.0,73.5899658203125,4.82,0.15,2.87,5.32,0.15,639000.0,0.55,0.9,1.33863,41.866,1.79,8.4,7326.4369,49.86,3.7,837.749,3.8,4.48,3.25,6264000.0,1494.1756,-4.132355612391514,0,1.0,-2.681622879588086,-0.16071755598990878,0.18073527775999132,-0.10732985033182763,-1.7166302744904716,5.700802750159184,-2.7278668887196322,0.0035891649238894985,6.932233352975836,7.599951975027008,9.189847394780282,19.735465365750613,25.05903711990023,-1.661193891084034,67.81582106076634,0.23880597014924732,1.5128666342651087,-3.0673164346648796,8.377299378854964,0.0,-1.0266940451745366,7.14285714285714,-2.0477815699658675,-2.7422303473491727,-21.052631578947366,6.6777963272120155,-8.333333333333325,-4.255319148936165,-8.435309005095936,16.355854478752676,-4.7872340425531785,-1.9836639439906656,0.36415384844261656,-1.189060642092754,-0.5376344086021501,-0.40444581293964665,0.0,-1.3215859030836885,0.0,2.1859706362153286,-0.28816936046047736
2009-06-15,8612.1298828125,3219.580078125,4326.0,4889.93994140625,10394.7998046875,18498.9609375,1816.3800048828125,10039.669921875,230220000.0,139400300.0,975059400.0,93486200.0,189470900.0,2357620400.0,2154700000.0,158200000.0,942.4500122070312,923.719970703125,4697880000.0,36.5799560546875,5.59,0.2,3.89,5.8,0.19,595000.0,0.56,1.36,0.71865,31.392,2.88,7.69,7516.029,70.85,4.68,804.321,4.67,5.06,3.25,6525000.0,1446.8206,-1.9873777135451676,0,0.0,-1.738382352973944,-2.1303063494924834,-1.7978795923230817,-2.293440362501531,-1.4626822231384895,1.3453408056893545,-1.412289360966823,1.7641046859633969,21.404841006169907,20.004046038755895,-19.92953242681019,8.3555002300721,1.6970176459348174,18.629871061073032,9.210432949142922,1.5404364569961526,0.4615632448280449,-1.6419323748104842,4.783168243956082,-23.997605768474774,5.6710775047258855,5.263157894736836,5.135135135135127,2.1126760563380254,26.666666666666682,-0.1677852348993314,12.00000000000001,33.33333333333335,-1.9884620105560358,-3.625702268750197,11.627906976744185,-1.4102564102564052,0.31991197081817635,4.02290412567905,3.083700440528636,-5.77970152051167,2.63736263736265,5.636743215031315,0.0,0.29203811865969875,-0.24094076114499208
2009-06-22,8339.009765625,3123.25,4234.10009765625,4693.39990234375,9834.2001953125,18059.55078125,1766.18994140625,9826.26953125,291240000.0,146328800.0,1126564100.0,115639900.0,224230700.0,2592021600.0,2318970000.0,149900000.0,918.1300048828124,893.0399780273438,4903940000.0,53.260009765625,5.38,0.19,3.75,5.61,0.17,608000.0,0.51,1.24,0.7094,42.257,2.76,7.42,7533.8907,70.62,4.55,817.587,4.54,4.89,3.25,6488000.0,1436.6988,-2.7327313912010815,0,1.0,-3.1713422916736844,-2.9920075223319187,-2.124362051404305,-4.019273067103946,-5.393077499406962,-2.3753234451090344,-2.7631918068708683,-2.125571779606328,26.505082095387024,4.970218858926412,15.53799696715914,23.697294360023193,18.34571958015716,9.942279087846373,7.623799136770781,-5.246523388116309,-2.580508993497299,-3.3213521033249926,4.386233790560845,45.598889419114144,-3.756708407871201,-5.000000000000004,-3.598971722365041,-3.275862068965507,-10.526315789473683,2.184873949579824,-8.92857142857143,-8.823529411764708,-1.2871356014749868,34.61072884811416,-4.166666666666674,-3.5110533159948054,0.23764809848392243,-0.3246294989414089,-2.777777777777779,1.6493414942541529,-2.7837259100642386,-3.359683794466406,0.0,-0.5670498084291209,-0.6995891543153387
2009-08-17,9135.33984375,3419.68994140625,4645.0,5201.60986328125,10531.599609375,20137.650390625,1930.8399658203125,10268.6103515625,207100000.0,115580100.0,800042900.0,91152000.0,151826800.0,2556880000.0,1924190000.0,134000000.0,998.1799926757812,979.72998046875,4088570000.0,39.489990234375,5.29,0.17,3.67,5.34,0.18,562000.0,0.47,1.16,0.22968,48.217,2.65,6.62,7538.6201,69.64,4.47,746.807,4.42,4.68,3.25,6008000.0,1369.4898,-1.848365259012359,0,0.0,-2.1697518976296015,-2.421147902734422,-1.6348352911664588,-3.9960401250505817,-2.428273726291985,-3.7835036750014983,-3.0819592375936122,-2.429143899483721,28.33860073123877,23.842101992315335,-10.334393310766455,34.56076432970576,-1.3724222827799282,17.878830181421137,4.309101750962219,-9.336941813261168,-1.0615648700208813,-2.717703880517286,-24.370893512489644,12.346978110707107,1.3409961685823868,-5.5555555555555465,-2.652519893899208,0.0,0.0,1.2612612612612706,-4.081632653061229,-5.691056910569115,-15.951256998572848,-31.90843359882506,-2.930402930402931,-1.341281669150518,0.02293253066114609,-2.710254260966749,-1.106194690265483,4.00907494349052,-1.7777777777777781,1.0799136069114423,0.0,-1.3464696223316919,-0.8432190375486592
2011-07-11,12505.759765625,3807.510009765625,5929.2001953125,7230.25,13179.7998046875,22347.23046875,2802.6201171875,10069.5302734375,133250000.0,202009000.0,850417100.0,197080600.0,155022000.0,1525097000.0,1765920000.0,104900000.0,1343.31005859375,1319.489990234375,3879130000.0,78.1400146484375,4.6,0.08,3.12,5.07,0.02,408000.0,0.19,0.44,-0.50724,76.56,1.67,5.84,8254.1787,97.12,4.35,1650.63,4.05,3.75,3.25,3724000.0,1237.5201,-1.7732368046369833,0,0.0,-0.6120255595061352,-4.886203287129232,-1.4673835427918558,-2.8578678651215994,-1.54409438846973,-1.858724133958789,-0.4761991871486959,1.0480631015384656,-6.075985056742084,127.87767349517192,82.35284909876104,132.78711760863584,14669.626524390245,-0.7978855227072534,7.260778192154915,-20.167427701674278,1.7165952639521809,-1.5063450737099027,2.1649069116365105,0.0,1.9955654101995624,0.0,0.3215434083601254,-0.7827788649706457,0.0,-2.392344497607657,0.0,-4.34782608695653,-0.6716666340297883,-29.09995091820009,0.0,-0.6802721088435382,0.4488496300133038,3.6499466382070356,-0.2293577981651529,2.062356703494017,0.0,1.6260162601626105,0.0,-0.241092954728106,0.1668286847236411
2011-08-08,10809.849609375,3125.18994140625,5069.0,5923.27001953125,11671.0,20490.5703125,2357.68994140625,9097.5595703125,479980000.0,324537000.0,1576389600.0,314803500.0,391284500.0,2678413800.0,3987990000.0,147000000.0,1198.47998046875,1119.4599609375,2615150000.0,188.0999755859375,4.39,0.12,2.62,4.43,0.04,405000.0,0.16,0.32,-0.31688,56.911,1.23,5.38,8351.1932,90.85,3.88,1624.803,3.54,3.54,3.25,3709000.0,1254.5146,-6.593353315784521,0,1.0,-10.901641785398352,-12.900046017280264,-12.215986323660022,-14.821871271306453,-9.845813618798738,-9.587271930501151,-14.097454679239485,-8.704960815039342,162.54239142325787,66.03347508093529,82.45045165580895,66.34126210821995,131.11574319088214,85.4926697738468,80.46918485466945,1.379310344827589,-7.280729994823821,-13.01381479276673,-47.353640442969045,163.55609983871048,-3.516483516483515,100.0,-11.784511784511785,-8.47107438016529,-42.85714285714286,-0.24630541871921707,-23.809523809523803,-21.95121951219512,-19.894837959451937,-26.107843519131645,-18.000000000000004,-5.944055944055937,0.2848029720600831,-7.134825718082394,-8.705882352941174,-1.686002080273874,-9.462915601023026,-3.2786885245901676,0.0,0.8977149075081625,0.2822578969060796
2011-09-05,11240.259765625,2999.5400390625,5102.60009765625,5246.18017578125,12602.400390625,19616.400390625,2480.330078125,8784.4599609375,174660000.0,210686000.0,788821300.0,202455700.0,180309700.0,1887246000.0,1571530000.0,112100000.0,1203.9000244140625,1173.969970703125,4401740000.0,94.7999267578125,4.22,0.09,2.17,4.34,0.02,414000.0,0.1,0.2,-0.0557,20.32,0.93,5.4,8357.1912,88.07,3.52,1611.435,3.11,3.39,3.25,3759000.0,1269.9712,-2.4860912952887797,0,0.0,-2.591071641354503,-4.903300821240409,-0.5321703192498362,-7.47591584546149,0.7796943354550612,-1.2519890008156564,-3.191901435460409,-0.7556999936671027,-1.622169651909433,139.0264046996145,-23.96502987048764,103.96134263130428,4.325605669268007,-0.605558200578904,-2.722360121571521,-21.99025748086291,2.2064495148370833,-2.9840991226145586,4.107547888280005,6.289785052932673,0.0,0.0,-0.91324200913242,-0.6864988558352492,100.0,1.2224938875305513,0.0,-9.090909090909083,-43.4517766497462,-2.223077663362527,-4.123711340206182,0.0,0.09557549351306704,3.5386785798259934,-0.28328611898016387,0.3626029435486622,-0.3205128205128305,-1.4534883720930147,0.0,0.966962127316684,0.17751542768722484
2011-10-03,10655.2998046875,2926.830078125,5075.5,5502.02001953125,11251.7998046875,16822.150390625,2335.830078125,8545.48046875,242870000.0,161438000.0,774952000.0,179771300.0,230269900.0,3227049200.0,2547690000.0,143700000.0,1131.2099609375,1099.22998046875,5670340000.0,96.93994140625,4.01,0.08,1.97,4.06,0.02,405000.0,0.11,0.26,0.0197,55.718,0.96,5.31,8389.1415,81.18,3.02,1576.801,2.74,3.28,3.25,3697000.0,1269.8258,-2.827059659397475,0,0.0,-3.5183399147203587,2.3603344883736277,-0.27311476029519,2.9269142844250418,-3.889917170864987,-3.364298557781098,-7.186418171965636,2.046189733564896,7.645598794433117,-20.436657549099337,-25.442155403565724,-14.853477710831676,-11.938433744799937,7.54474719738063,28.495342233609545,-9.62264150943396,-0.5013653737606649,-5.479167064663104,19.054007806283234,-8.693697578025738,-1.9559902200488977,-11.111111111111105,5.3475935828877,2.010050251256268,100.0,-0.24630541871921707,9.999999999999986,30.000000000000004,14.269141531322504,-14.16775783717169,12.941176470588234,2.5096525096525157,0.0582699287807964,-2.952779438135089,0.0,0.5868198688187443,2.238805970149249,-0.3039513677811634,0.0,-0.26975991367682584,0.03284993770329425
2011-10-17,11397.0,3166.06005859375,5436.7001953125,5859.43017578125,11923.0,18873.990234375,2614.919921875,8879.599609375,140360000.0,155771600.0,720599700.0,177500100.0,158833700.0,1626920400.0,1675210000.0,95900000.0,1224.469970703125,1200.8599853515625,4300700000.0,74.3499755859375,4.12,0.07,2.22,4.09,0.02,395000.0,0.11,0.3,-0.01989,21.906,1.14,5.52,8366.904,85.35,3.17,1624.516,2.92,3.37,3.25,3704000.0,1275.7488,-1.9281800220878413,0,0.0,-0.316444667965432,0.14518840707520297,0.6982810763567437,0.20761988267468112,2.887366660593549,6.566121122008095,1.9044785610940584,3.1837274764231926,-2.710196159977818,12.683143492483296,17.82519710711714,20.400679669932753,-19.96443506527209,-8.721040094687904,6.3794253056040695,-21.65032679738562,5.726369200105608,0.49962512280943283,-3.285508680399385,-38.113895021982614,4.5685279187817285,0.0,15.025906735751304,4.603580562659837,100.0,-3.658536585365857,0.0,11.111111111111093,-365.5540720961282,-49.8201809643798,18.75,4.942965779467667,-0.3401825121301494,7.453103361450308,10.069444444444443,1.261060223090027,11.026615969581744,3.3742331288343586,0.0,-0.7236665773251105,0.28857509433974915
2011-10-31,11955.009765625,3242.840087890625,5544.2001953125,6141.33984375,12252.099609375,19864.869140625,2684.409912109375,8988.3896484375,185790000.0,162597600.0,1079784300.0,173799700.0,290368400.0,1747618800.0,1772560000.0,133800000.0,1284.9599609375,1253.300048828125,4310210000.0,77.27001953125,4.1,0.07,2.28,3.97,0.02,399000.0,0.12,0.29,-0.06483,64.369,1.11,5.36,8383.1742,92.32,3.29,1568.317,3.02,3.38,3.25,3677000.0,1283.3231,-2.463883161485911,0,0.0,0.3474145392447836,0.6949357304417481,-0.07029257358563967,1.4214035698017158,0.7383455935931593,5.822817446196993,-0.5567832447883725,1.6328527657627268,14.777290418236856,27.230160096402134,59.386860917369,21.10532139651817,25.42635129852431,-10.445739290243484,-5.937541457719764,37.51284686536485,3.732884859208996,-0.07095357319858442,0.019260311228075366,18.748944759817967,-0.24330900243311193,0.0,3.6363636363636154,-0.2512562814070307,-33.33333333333333,-0.992555831265507,0.0,3.5714285714285587,40.23361453601557,48.305416676266624,3.738317757009346,-0.9242144177449174,0.4054280468249072,6.334945865008068,3.459119496855334,-1.9806775966120238,3.424657534246589,0.0,0.0,-0.5947553392808835,0.30364892213230466
2011-11-21,11547.3095703125,2894.93994140625,5222.60009765625,5606.0,11784.7001953125,18225.849609375,2523.139892578125,8348.26953125,170960000.0,140566000.0,952410000.0,182778300.0,196256000.0,1367022700.0,2048520000.0,89900000.0,1215.6199951171875,1192.97998046875,4050070000.0,83.8199462890625,4.0,0.08,2.02,3.89,0.01,385000.0,0.11,0.26,-0.02629,29.786,0.91,5.16,8402.6963,99.32,3.04,1583.716,2.73,3.31,3.25,3739000.0,1293.2713,-1.8624253252970695,0,0.0,-4.401620648472826,-6.883674974727628,-5.370536371512047,-6.332811223594459,-3.5953272441376694,-6.573294375316118,-5.045878007966397,-2.968846638817846,42.93119304405985,6.806577107774614,38.497069546786044,36.461189055528685,43.868986093700755,-18.811694960350835,46.14435225545941,-13.806327900287629,-3.8161159473370176,-4.697314819853215,25.791072404711034,64.6432724700579,0.25062656641603454,0.0,-1.4634146341463317,0.2577319587628857,0.0,0.5221932114882533,9.999999999999986,4.0000000000000036,-46.04966139954853,-19.560344594777067,1.1111111111111072,0.78125,0.1451316658719115,2.423429926781484,-1.2987012987012991,0.968746991592706,-2.1505376344086002,0.3030303030303161,0.0,1.7138193688792214,0.08922556942150273
2013-02-25,13784.169921875,3721.330078125,6355.39990234375,7773.18994140625,12650.900390625,22820.080078125,3116.25,11662.51953125,152190000.0,133442600.0,994472400.0,182462100.0,185360800.0,1074747100.0,1930990000.0,240900000.0,1515.5999755859375,1487.8499755859375,4011050000.0,26.199951171875,3.56,0.15,2.0,3.93,0.13,342000.0,0.17,0.27,-0.63572,24.877,0.87,4.87,9243.5517,94.38,3.18,1667.383,2.8,2.77,3.25,3043000.0,1492.3185,-1.8309580659152314,0,0.0,-1.4131972445684982,1.4804866727438082,0.5887706289972927,1.8936305427947886,-0.28139312226437285,-2.402963090920618,-2.374038734014272,2.2322257480722474,-22.221086523227886,102.7356010999529,116.20144925299184,99.2579512246262,-2.578945349105499,4.018407170229055,3.890954284515269,1.091061686949213,-0.3799201565896859,-2.1016102656038704,4.494973309956207,0.0,0.8498583569405138,7.14285714285714,-0.4975124378109319,0.5115089514066584,30.000000000000004,-5.524861878453036,13.333333333333353,-3.57142857142857,0.339346875641211,-28.73553340208549,-1.1363636363636354,0.2057613168724215,-0.3167748777462398,-2.650850954100059,-0.31347962382444194,-0.9458184617870624,-0.3558718861210064,0.0,0.0,0.23056653491435597,0.1398034444363816
2013-04-15,14599.2001953125,3710.47998046875,6343.60009765625,7712.6298828125,12004.900390625,21772.669921875,3216.489990234375,13275.66015625,161680000.0,103653000.0,576452100.0,118152700.0,302809200.0,1514316600.0,1779320000.0,321000000.0,1588.8399658203125,1552.3599853515625,4660130000.0,57.8499755859375,3.43,0.15,1.79,3.75,0.07,356000.0,0.12,0.24,-0.67496,58.767,0.72,4.62,9349.3894,93.36,2.96,1843.724,2.58,2.65,3.25,3024000.0,1504.3314,-2.296013522665608,0,0.0,-0.09771986535334065,1.1917800037831716,1.062629583874597,0.6523827975974283,-2.751804266636715,0.2514919095417012,-0.1787573827488509,0.62967403280072,51.55605549306337,30.181683910687784,-11.371306670766634,38.415318470964486,129.67965667423647,11.128963370334333,34.438467117988395,2.261866836572146,2.2906632393153714,-0.685187567128831,61.41102552024162,116.42356100323327,-3.1073446327683607,25.0,-1.104972375690605,-1.8324607329842868,0.0,-0.835654596100277,-7.692307692307699,0.0,1.555776233035422,-22.821233452405963,-1.3698630136986356,-1.7021276595744705,-0.15194235791390343,-1.7986746607762671,-1.9867549668874163,2.366496937151208,-2.2727272727272707,-3.284671532846728,0.0,-1.6905071521456483,0.06567358730447115
2014-02-03,15372.7998046875,4107.75,6465.7001953125,9186.51953125,13486.2001953125,22035.419921875,3996.9599609375,14619.1298828125,151050000.0,119653500.0,829888700.0,105545400.0,180781600.0,1537678000.0,2617030000.0,202800000.0,1782.6800537109375,1741.8900146484375,4726040000.0,87.2999267578125,4.32,0.07,2.73,4.45,0.04,331000.0,0.11,0.36,-0.76131,89.337,1.55,5.1,9878.6523,97.29,3.65,2519.198,3.39,3.4,3.25,2852000.0,1591.5698,-2.2881301093591597,0,0.0,-2.936504643084914,-0.8881535814018293,-1.2975712132395234,-1.740254267960406,-0.7075356217791207,0.2699310321413684,-2.1219005782870948,-2.5763529922292694,18.43343264858084,-13.804492840903526,-15.772531382999567,-6.2269610791610415,0.8127179711383103,-34.719397438299346,9.121120136097538,-9.423849933005801,-0.4662108088280048,-2.2267025887763525,16.8308118263621,147.168911422854,-1.5945330296127436,0.0,-3.1914893617021267,-0.22421524663677195,0.0,-2.6470588235294135,0.0,-10.000000000000009,-0.85818465946087,14.832000822643266,-6.060606060606055,-0.5847953216374324,-0.04025345316971407,1.1435700176733565,-1.3513513513513598,-0.14634010995326907,-2.3054755043227737,-1.1627906976744207,0.0,0.070175438596487,0.2271021972482412
2015-06-29,17596.349609375,4869.81982421875,6620.5,11083.2001953125,14490.2001953125,25966.98046875,4958.47021484375,20109.94921875,116340000.0,171663100.0,762752000.0,134211000.0,162380600.0,3023218900.0,2025580000.0,165300000.0,2098.6298828125,2057.639892578125,3678960000.0,73.230224609375,4.02,0.13,2.41,4.26,0.01,275000.0,0.29,0.69,-0.53788,239.498,1.71,5.22,10784.0911,60.01,3.19,2530.324,2.9,3.21,3.25,2312000.0,1883.0036,-1.9531786223991936,0,0.0,-2.888719994455302,-2.5765171234619633,-3.006287845068556,-3.2921757749443725,-2.030356003431255,-4.1131247973822616,-3.7931922741219593,-1.557848457912736,49.57572640781691,0.39805243226644915,1.7702303076621684,12.507324531879638,7.961015034569607,111.53597866405147,25.038117989839325,17.651245551601424,-0.6565735946745588,-3.071823354372538,21.417020349700657,27.622974186164264,0.49999999999998934,0.0,3.8793103448276023,2.1582733812949506,0.0,0.73260073260073,7.407407407407396,1.4705882352941124,-0.7876049063912149,15.33845738942825,3.6363636363636376,2.35294117647058,0.39229559315896445,0.20036734012356394,3.2362459546925626,-3.4707916365289915,3.2028469750889688,-0.6191950464396245,0.0,2.0750551876379753,0.2340244410859338
2015-08-24,15871.349609375,4383.4599609375,5898.89990234375,9648.4296875,13052.7001953125,21251.5703125,4526.25,18540.6796875,293920000.0,323292800.0,1657266300.0,294378200.0,318857900.0,3579922600.0,3508840000.0,274400000.0,1965.1500244140625,1893.2099609375,6612690000.0,236.4599609375,3.93,0.15,2.12,3.99,0.05,274000.0,0.39,0.69,-0.44038,177.883,1.52,5.16,10839.5967,41.34,2.8,2528.568,2.49,3.15,3.25,2252000.0,1901.626,-3.6607924373617458,0,0.0,-9.540113626294255,-12.064004344430934,-9.94458149652322,-11.808605237680469,-8.411744761516326,-10.762618959688764,-11.105331689266828,-10.085130360926698,300.5451076587626,300.6409406411142,251.65327932422124,313.86930377922715,119.25270956216556,198.86518935021797,132.25200060895293,157.41088180112573,-5.960182306936779,-9.951769672374244,130.59291624966437,343.97280807506655,-0.25380710659898,7.14285714285714,-2.752293577981657,-0.7462686567163979,-50.0,-1.7921146953404965,0.0,-2.8169014084507116,-5.272214932564701,-9.392684504617389,-3.1847133757961776,0.3891050583657574,0.24676974902704263,-4.305555555555552,-1.7543859649122862,-1.1875541480376395,-1.9685039370078705,-0.6309148264984188,0.0,-0.17730496453900457,0.2100398168209061
2015-09-28,16001.8896484375,4357.0498046875,5958.89990234375,9483.5498046875,13004.599609375,21186.3203125,4543.97021484375,17645.109375,139930000.0,134411100.0,968395200.0,106339000.0,188785200.0,1728956700.0,2387610000.0,130800000.0,1929.1800537109373,1881.77001953125,4326660000.0,110.4500732421875,3.86,0.14,2.16,4.03,0.0,272000.0,0.34,0.7,-0.41052,153.512,1.47,5.33,10861.1939,45.57,2.96,2622.865,2.6,3.08,3.25,2240000.0,1912.9399,-2.4575225152515006,0,0.0,-3.078703646197656,-4.9820127644204515,-2.4522449650368983,-4.673664416997125,-5.622891847871303,-2.622655784597361,-5.901489328785836,-2.3524991709854004,54.22682684889233,30.491526032560003,38.83053759395909,-9.786944519382335,1.8180916024770566,25.945852271212424,18.1090560120305,-23.953488372093023,-1.6146096908082108,-4.331532887684042,32.34006759753467,35.23939489508117,-1.278772378516635,0.0,-2.7027027027027084,-1.7073170731707221,-100.0,1.1152416356877248,-17.07317073170731,-6.666666666666677,2.1219433319236813,30.747544948940053,-4.545454545454552,-0.7448789571694592,0.05345454524015025,0.19788918205805306,-1.661129568106301,-2.7311588938446874,-2.621722846441943,-0.9646302250803762,0.0,0.26857654431513556,-0.15801938185276976
2016-01-18,15988.080078125,4189.56982421875,5779.89990234375,9521.849609375,11942.2001953125,19237.44921875,4488.419921875,16955.5703125,239210000.0,126059700.0,718879400.0,91275200.0,100097400.0,2038630500.0,2818630000.0,157200000.0,1916.6800537109373,1880.3299560546875,5468460000.0,127.489990234375,3.92,0.36,2.1,3.95,0.22,290000.0,0.58,0.91,-0.32446,302.983,1.52,5.42,10949.9108,30.59,2.88,2421.899,2.5,3.19,3.5,2221000.0,1950.8908,-1.8965135879549297,0,0.0,-2.5032074537747917,-2.8559663569466043,-1.5651061923191878,-3.086193721578012,-3.061047424395935,-3.273503689317947,-3.224894942456802,-4.194780560437095,87.1899209640817,17.78528381219342,-12.04362682818443,-1.3748600720061899,-51.99084876724549,-4.192508987046207,17.879562211692466,-14.704286489419427,-0.49010141788574657,-2.252989696805674,18.691465047782962,-21.029521737716795,-1.2594458438287215,33.33333333333333,-4.109589041095885,-0.7537688442211032,4.761904761904767,2.1126760563380254,-10.769230769230775,-8.080808080808078,-4.514420247204232,-9.074185222975817,-8.43373493975903,-0.73260073260073,0.015034345899267443,-11.717171717171714,-2.3728813559322104,14.151459191743786,-3.8461538461538547,-2.1472392638036797,0.0,1.4155251141552583,-0.17616235017399173
2018-02-05,24345.75,5285.830078125,7335.0,12687.490234375,15334.7998046875,32245.220703125,6967.52978515625,22682.080078125,714450000.0,96711900.0,888994600.0,113937900.0,264583100.0,3135015100.0,3143210000.0,107600000.0,2741.06005859375,2648.93994140625,5310840000.0,234.7001953125,4.22,1.41,2.75,3.63,1.44,224000.0,1.87,2.14,-0.58942,270.244,2.53,4.33,12026.9292,65.32,2.99,2203.63,2.88,3.68,4.5,1996000.0,2106.0614,-3.3607478573366434,0,1.0,-7.918954652776455,-4.269780485268415,-4.386365117643221,-4.780600908747912,-4.721432405720217,-2.189074881474362,-6.682908027067747,-4.008828735329873,69.70308788598574,60.88510856329143,45.04157122253329,44.54996986900947,32.184876804418835,-13.039214603927018,48.65589617956698,56.39534883720929,-4.400411642402435,-7.169719112471973,48.04065317135993,213.81210419795,1.6867469879517927,-0.7042253521126751,3.7735849056603765,1.3966480446927276,2.127659574468077,-1.7543859649122862,4.469273743016755,2.392344497607679,-3.08620661306499,0.41840382285838196,3.688524590163933,1.4051522248243575,0.3042697519697768,0.2763279091188009,2.749140893470803,-0.33080892143807494,3.597122302158273,1.6574585635359185,0.0,0.5541561712846255,0.054139778494377566
2018-04-02,23644.189453125,5167.2998046875,7056.60009765625,12096.73046875,15213.5,30093.380859375,6870.1201171875,21388.580078125,509820000.0,92382200.0,876227900.0,111589200.0,166742600.0,2167328200.0,2402670000.0,47500000.0,2633.449951171875,2581.8798828125,3635780000.0,153.25,4.44,1.68,2.79,3.83,1.73,232000.0,2.09,2.29,-0.48099,318.858,2.59,4.64,12032.9174,64.97,3.02,2113.321,2.9,3.9,4.75,1943000.0,2123.492,-1.958270303805338,0,0.0,-2.3072321373018845,1.9939684307848538,2.4373234076582317,2.6254677446534647,-0.5562575108041368,-1.4906939914851813,-4.8530985214299545,2.9975800966926647,6.3143846185928165,10.50383428886532,14.491987057407885,11.747993899330943,-22.077107598181357,-6.471139387907254,2.618125285623374,-51.28205128205128,0.5382958745469457,-2.8839090710148896,2.7613847058291396,-12.90644385646279,-0.22471910112359383,17.48251748251748,-2.447552447552437,-1.033591731266148,0.0,4.977375565610864,1.4563106796116498,-0.8658008658008698,-1.183359013867502,0.7596680718208626,-2.264150943396226,-0.8547008547008517,0.6271532324397366,1.3414443924504749,-2.265372168284785,-0.4834273330925454,-2.3569023569023684,-0.2557544757033292,5.555555555555558,1.3562858633281216,0.509473958836737
2018-11-12,25387.1796875,5059.08984375,7053.10009765625,11325.4404296875,15156.400390625,25633.1796875,7200.8701171875,22269.880859375,346910000.0,77068100.0,708713400.0,93211100.0,241196100.0,1171178800.0,2305340000.0,59300000.0,2773.929931640625,2726.219970703125,3701570000.0,114.7099609375,4.94,2.2,3.21,4.22,2.31,221000.0,2.73,2.94,-0.4961,319.984,3.06,5.19,12263.4951,61.57,3.42,1826.131,3.34,4.33,5.25,1665000.0,2258.8361,-1.7199410984862986,0,0.0,-0.292673048290204,-0.829191491634429,-0.713698420918274,-1.4747292015462987,-0.40281911130292114,-1.1614344129205811,-1.74624912180531,1.6936425882222217,3.635657525243463,12.833332845308965,28.069332140186564,34.36066641873445,-5.590229135279412,-28.001689826993136,5.444333145802749,-24.650571791613718,1.7444371970371852,-0.4415163963146562,1.3875992560758776,-25.031074036784638,2.2774327122153215,0.0,2.2292993630573132,-0.7058823529411784,0.8733624454148492,1.3761467889908285,2.2471910112359605,3.157894736842093,-2.9291486489130714,-14.2979580467528,3.0303030303030276,0.3868471953578423,-0.33594524479755306,-5.364279126959737,1.183431952662728,1.3249534471317048,1.5197568389057725,2.364066193853409,0.0,1.4007308160779441,0.1031549450469571
2018-12-17,23592.98046875,4799.8701171875,6773.2001953125,10772.2001953125,14362.7001953125,26087.98046875,6753.72998046875,21506.880859375,466740000.0,83817900.0,734851100.0,85598700.0,264315200.0,1036879300.0,2697400000.0,63400000.0,2590.75,2545.93994140625,4661420000.0,178.0,4.63,2.19,2.89,4.03,2.38,217000.0,2.69,2.75,-0.38923,334.967,2.74,5.15,12334.4774,51.54,3.14,1735.539,3.03,4.07,5.25,1756000.0,2294.4258,-1.7296172380102286,0,0.0,-3.399543324038967,1.212265482640018,0.7691764533586332,1.413376850234438,-2.4822933687067006,1.3031789612292455,-3.800146403974125,1.3543243685053774,19.772126562139135,-22.719133901536804,-14.983114654906126,-28.395174296823246,-4.166574512820387,-32.85698115489852,13.323278451604237,-19.74683544303798,-1.5246005406642893,-3.4795213410167114,11.97584364670612,18.500796411273292,-2.5263157894736876,-0.454545454545463,-0.34482758620688614,-1.7073170731707221,0.8474576271186418,4.326923076923084,-0.37037037037037646,-1.0791366906474753,-4.2578836030894855,-0.7693355926579937,-1.0830324909747224,-0.5791505791505669,-0.3923102221911723,-2.0710621318639655,-1.2578616352201255,-0.14970016816817644,-0.9803921568627527,-3.325415676959609,0.0,0.6303724928366838,0.34449297561460757
2018-12-24,21792.19921875,4626.39013671875,6686.0,10633.8203125,13780.2001953125,25651.380859375,6192.919921875,20166.189453125,308420000.0,24595900.0,192808000.0,216162200.0,170610500.0,1074120100.0,1647440000.0,116600000.0,2400.56005859375,2351.10009765625,2613670000.0,283.969970703125,4.62,2.19,2.81,3.95,2.35,228000.0,2.64,2.66,-0.38229,350.714,2.65,5.08,12376.9899,46.98,3.05,1699.138,2.94,4.07,5.25,1770000.0,2291.4381,-2.0603509068826917,0,0.0,-7.632699278436728,-3.6142640578449847,-1.2874297643357457,-1.2846018483087196,-4.055644078612097,-1.673566146287131,-8.303708620504047,-6.233778924132471,-33.92038393966662,-70.65555209567407,-73.76230368301823,152.52976972781127,-35.451877152732806,3.591623441609837,-38.92489063542671,83.9116719242902,-7.341115175383573,-7.652963079811704,-43.92974672953736,59.53369140625,-0.21598272138227959,0.0,-2.768166089965396,-1.985111662531014,-1.2605042016806678,5.069124423963123,-1.8587360594795488,-3.2727272727272716,-1.7830074762993586,4.701060104428212,-3.284671532846728,-1.3592233009708798,0.3446639741704782,-8.847497089639123,-2.866242038216571,-2.0973887651041023,-2.970297029702962,0.0,0.0,0.7972665148063829,-0.13021558596491012
2019-08-05,25717.740234375,5241.5498046875,7223.89990234375,11658.509765625,16271.7001953125,26151.3203125,7726.0400390625,20720.2890625,422240000.0,105517800.0,1243484900.0,113784300.0,240108500.0,2120745300.0,2661780000.0,85800000.0,2898.070068359375,2844.739990234375,4542850000.0,205.85986328125,3.75,2.4,1.98,3.24,2.04,208000.0,1.94,1.81,-0.56288,163.763,1.77,4.13,12824.4831,56.55,2.51,1534.523,2.28,3.2,5.5,1656000.0,2345.0074,-1.8401928478972445,0,0.0,-5.523640071402481,-6.419279903946052,-6.01956898282745,-6.112033913913972,-1.336989812655276,-6.956028297036887,-6.840316660720147,-4.147291395346608,68.32369942196533,77.94585624737553,63.77628848789516,76.93205991018448,29.900092457892157,35.634616960149536,41.359971959341046,82.55319148936171,-4.179241439595605,-5.833556181550947,40.885845513554074,294.9738386663107,0.0,-0.4149377593361092,-4.347826086956519,-1.8181818181818077,-0.4878048780487698,0.9708737864077666,-2.020202020202022,-1.6304347826086918,-1.6563002306240748,-15.307557844871278,-3.2786885245901676,-2.8235294117647136,0.13909079973026817,0.8920606601248826,-3.0888030888030937,1.0670332116639258,-3.797468354430389,0.6289308176100628,0.0,1.346389228886169,-0.07013392520037742
2020-03-09,23851.01953125,4707.91015625,5965.7998046875,10625.01953125,14514.2001953125,25040.4609375,7950.68017578125,19698.759765625,750430000.0,329160800.0,2098798700.0,305324300.0,559227400.0,4677892400.0,4554110000.0,170300000.0,2863.889892578125,2746.56005859375,8441290000.0,402.2900390625,3.29,1.51,0.96,2.53,0.76,207000.0,0.62,0.66,-0.12544,374.515,0.73,3.45,13437.9222,45.57,1.56,1698.855,1.36,2.79,4.68,1760000.0,2342.8256,-4.096869585958578,0,0.0,-10.681446156771823,-11.729774351465416,-10.354777799340898,-10.39689736650542,-12.318392644971443,-4.7589913039860825,-11.18711725574565,-7.708555751654278,17.769930947897052,63.07683161253246,18.51966988400222,47.347260635256006,49.238140859278154,112.48315948195433,7.1802439150674635,37.67178658043655,-3.7114910375418253,-11.12117622465334,32.28104486055414,-20.325972172258133,-4.637681159420293,-4.430379746835444,-25.581395348837212,-6.296296296296311,-46.85314685314685,-2.8169014084507005,-48.7603305785124,-41.07142857142857,-60.402790492124126,-14.75993763727198,-33.63636363636364,-2.2662889518413443,0.6668034468608974,-5.769230769230771,-12.35955056179775,4.450499825081211,-15.000000000000002,-5.423728813559325,-1.473684210526327,-0.9566685424873378,-0.03961593069853331
2020-03-16,20188.51953125,3881.4599609375,5151.10009765625,8742.25,12360.400390625,23063.5703125,6904.58984375,17002.0390625,770130000.0,311603900.0,2111567500.0,302202400.0,525668300.0,4067029300.0,4618120000.0,158100000.0,2508.590087890625,2386.1298828125,7805450000.0,604.989990234375,3.36,1.09,0.79,2.75,0.35,271000.0,0.38,0.47,0.07905,380.556,0.62,3.86,13471.4907,32.39,1.32,1744.525,1.15,2.77,4.25,1853000.0,2356.746,-4.881634734557091,0,1.0,-15.355737708408368,-17.554502271360118,-13.656169058692136,-17.720151249721972,-14.839259316425101,-7.894785283442829,-13.157243266026097,-13.68979943514448,2.6251615740308987,-5.333836835978034,0.6083861210701258,-1.0224865822995421,-6.000975631737648,-13.058511136339945,1.4055435639455327,-7.163828537874339,-12.40619639771321,-13.122967205959867,-7.532497994974696,50.38652004515165,2.127659574468077,-27.81456953642384,-17.708333333333325,8.69565217391306,-53.94736842105263,30.917874396135268,-38.70967741935484,-28.787878787878796,-163.01817602040816,1.6130195052267648,-15.068493150684926,11.884057971014483,0.24980424429008607,-28.922536756638138,-15.384615384615385,2.688281224707234,-15.441176470588246,-0.7168458781361964,-9.188034188034177,5.284090909090899,0.5941714142102539
2020-03-23,18591.9296875,3914.31005859375,4993.89990234375,8741.150390625,11228.5,21696.130859375,6860.669921875,16887.779296875,787970000.0,195845200.0,1629604900.0,197208600.0,473241500.0,0.0,4348410000.0,170300000.0,2290.7099609375,2237.39990234375,7411380000.0,519.469970703125,3.65,0.74,0.99,3.64,0.11,2914000.0,0.23,0.44,0.26009,362.576,0.62,4.78,13750.461,24.19,1.61,1895.588,1.41,3.06,3.82,3238000.0,2530.6676,-2.3272286541213725,0,1.0,-7.908404780640921,0.8463335442552289,-3.051779082763817,-0.012578104892901898,-9.157473502909442,-5.9290016012129465,-0.6360974781833839,-0.6720356611638056,2.316492020827643,-37.149310390531056,-22.82487299127307,-34.74287431205047,-9.973361528553271,-100.0,-5.840255342000644,7.716635041113218,-8.685361869397001,-6.233104976391479,-5.048651903477697,-14.135774295723348,8.630952380952372,-32.11009174311927,25.31645569620253,32.363636363636374,-68.57142857142857,975.2767527675277,-39.473684210526315,-6.382978723404253,229.01960784313724,-4.724666014988587,0.0,23.834196891191727,2.0708198239709263,-25.31645569620253,21.969696969696972,8.659262549977775,22.608695652173914,10.469314079422375,-10.11764705882353,74.74365893146249,7.379734600164811
2020-10-19,28195.419921875,4942.6201171875,5884.7001953125,12854.66015625,16274.099609375,24542.259765625,11478.8798828125,23671.130859375,358700000.0,44905900.0,522720700.0,48577300.0,212659200.0,3605537600.0,3477410000.0,46300000.0,3493.659912109375,3426.919921875,4091080000.0,129.920166015625,2.81,0.09,0.74,2.28,0.11,804000.0,0.13,0.15,-0.47655,1680.998,0.31,3.39,15794.7087,40.33,1.52,2861.929,1.29,2.35,3.25,7777000.0,2701.4978,-1.9103173151756274,0,0.0,-2.226611788434796,-0.7364488026872285,-1.9445414225050195,-2.1596981417498107,-1.7430697602897283,-0.4357862789165279,-3.3460019455172962,0.4772820936144395,-27.341597796143247,-39.39080237923955,-13.019284426825273,-0.6729180638934795,1.4421187200671648,48.35139926353793,-10.492068272317079,3.1180400890868487,-0.1817163155177215,-3.0360319877536623,19.073509209025087,-42.55391039259374,-2.0905923344947785,0.0,-5.128205128205132,-4.201680672268915,9.999999999999986,-4.1716328963051215,0.0,0.0,-0.104810816476264,-0.9472774905513903,-6.060606060606066,-2.5862068965517238,0.6838044860265402,0.34834535954217927,-3.797468354430378,0.7416416155671124,-3.731343283582089,-0.8438818565400852,0.0,-7.691394658753714,-0.44709480138099833
2022-03-07,32817.37890625,5982.27001953125,6959.5,12834.650390625,21304.400390625,21057.630859375,12830.9599609375,25221.41015625,488400000.0,243010200.0,2177431900.0,192412700.0,426010600.0,3322870000.0,6195370000.0,105400000.0,4327.009765625,4201.08984375,6940470000.0,216.9296875,3.76,0.08,1.8,3.27,0.34,220000.0,1.02,1.46,-0.38146,682.903,1.68,4.08,18074.0905,106.8,2.18,3844.716,2.26,3.01,3.25,1587000.0,2519.0413,-2.910091002690675,0,0.0,-3.1724406114627235,-10.16034424449912,-6.687848675297381,-11.246573155581775,0.8425476972356849,-7.288280933309688,-6.693430512829868,-4.921095483256477,10.133946691922603,41.342769748333176,37.41380209092604,19.62341007418773,6.717445538507638,17.256424036707664,4.507998306379912,15.69703622392975,-0.6237734571071685,-3.951816896705662,14.314726330301063,-17.107401471375717,-3.3419023136246895,0.0,-8.629441624365475,-2.678571428571419,-2.857142857142847,5.769230769230771,-10.526315789473673,-6.410256410256421,-8.081927710843361,-2.1401815321034356,-9.677419354838722,-1.2106537530266248,-0.016057980173067588,15.86027337817313,-4.3859649122806825,1.9854005537062402,-3.82978723404257,-4.140127388535042,0.0,-1.7337461300309553,0.8222098521255772
2022-05-09,32245.69921875,6086.02001953125,7216.60009765625,13380.669921875,19999.69921875,20001.9609375,11623.25,26319.33984375,470770000.0,91595000.0,803955700.0,82759800.0,340770200.0,2110559000.0,5939140000.0,79500000.0,4081.27001953125,3991.239990234375,5954520000.0,332.18017578125,5.27,0.33,3.01,4.19,0.87,206000.0,2.1,2.72,-0.28116,945.478,3.0,5.09,18135.811,106.69,3.1,3296.085,3.29,4.52,3.5,1362000.0,2584.3691,-2.205931704249632,0,1.0,-2.467525010208249,-5.284943390207442,-4.347480260774772,-4.006008852141663,-3.346671819071312,-5.156287855045594,-7.281175088907865,-1.8613602841493937,3.8333443613665974,4.651654351906975,-18.25080225904596,-3.739131951915975,34.27277330228398,-22.608176389021562,20.757425420475627,6.711409395973145,-1.194492953415982,-3.9500574485870965,15.312977483592483,2.7403518336594157,3.3333333333333215,0.0,6.360424028268552,5.808080808080818,2.35294117647058,-5.936073059360735,3.4482758620689724,3.8167938931297662,-7.204858246146728,0.12177972060554154,5.633802816901423,4.303278688524581,0.09690448311199251,3.7335926105979578,6.529209621993126,-1.0773467563750305,6.818181818181812,2.7272727272727115,0.0,-1.2327773749093551,0.42680347424004506
2022-06-13,30516.740234375,6022.31982421875,7205.7998046875,13427.0302734375,19742.599609375,21067.580078125,10809.23046875,26987.439453125,472290000.0,106541000.0,980090400.0,91214200.0,340413100.0,2607011600.0,5937320000.0,71400000.0,3838.14990234375,3749.6298828125,5636890000.0,434.479736328125,5.23,0.83,3.05,4.13,1.26,214000.0,2.34,2.83,-0.19342,723.384,3.07,5.11,18057.057,120.43,3.18,3339.405,3.4,4.38,4.0,1350000.0,2649.6403,-2.3063200183295507,0,0.0,-7.288421919576948,-8.039054269786217,-5.2890352553147,-8.371743136067234,-5.170732741560268,-2.7076891549471016,-10.381404734883281,-3.325887697251284,86.66851112604246,77.14790231184656,40.78285572366702,139.1832325091712,21.687103164815326,16.140504705095093,27.766456280490036,25.704225352112676,-7.17268151386169,-9.021147444243006,30.101091698017402,24.789479035554884,2.7504911591355707,0.0,4.452054794520555,2.736318407960203,10.526315789473696,-0.46511627906976605,9.345794392523343,7.604562737642584,-11.530896949183544,-8.378127802293012,5.498281786941561,1.5904572564612307,-0.3054380636279719,3.4888717023287885,2.912621359223322,0.5230235729358323,2.7190332326283873,1.388888888888884,0.0,0.821508588498876,0.6044337570734637
2022-09-05,31318.439453125,6093.22021484375,7287.39990234375,12760.7802734375,19270.900390625,19225.69921875,11630.8603515625,27619.609375,306180000.0,65693400.0,670793100.0,62869400.0,211097400.0,2181084500.0,4257410000.0,47100000.0,3994.659912109375,3924.260009765625,3665850000.0,299.39013671875,5.66,2.33,3.17,4.3,2.87,205000.0,3.48,3.45,-0.21604,612.536,3.31,5.37,18030.3154,90.79,3.29,3248.654,3.55,4.98,5.5,1396000.0,2726.2533,-1.7623503350145124,0,1.0,-2.4316988651378324,-2.0741524773666087,-1.8835903494222261,-1.0254406350592382,-2.8493465443320987,-3.9829830385405107,-3.2186736100016766,-0.930277003800184,-3.662450443647347,19.71767844646606,6.933926651626465,15.77518737454653,-26.385545025679935,36.72756229968479,1.129731463116257,-26.521060842433698,-0.9894503329371807,-2.6385607841457825,7.929904519639286,20.290076845056284,1.981981981981984,0.0,3.934426229508192,2.3809523809523725,4.3636363636363695,-2.3809523809523836,4.504504504504503,3.293413173652704,-9.817999666054423,14.435599429817248,4.088050314465397,1.8975332068311257,-0.12700764190618496,-3.895416534349516,0.920245398773023,-1.7751593791432096,1.7191977077363862,2.6804123711340333,0.0,-1.4820042342978068,-0.1813265108519646
2024-04-15,37735.109375,8045.10986328125,7965.5,18026.580078125,21740.19921875,16600.4609375,15885.01953125,39232.80078125,389170000.0,53987200.0,820441500.0,65138500.0,228341100.0,2561790600.0,4910550000.0,107000000.0,5149.669921875,5061.81982421875,3950210000.0,172.33984375,6.88,5.33,4.48,5.2,5.24,212000.0,5.12,4.86,-0.47161,704.971,4.51,5.91,17547.8001,86.5,4.59,3586.845,4.7,6.16,8.5,1774000.0,2747.1188,-1.7059364772696672,0,0.0,-2.9766213360702953,-0.913748022500882,0.2769560017624517,-1.5961083716899083,-2.336453436146224,-0.7911902333767817,-2.269849504823196,-0.2903351407676169,33.52432580800109,9.670119385945487,-3.1730580742255876,6.655739959655227,14.91855487367273,-2.843718439167875,11.941778557913697,-1.2003693444136654,-1.1839534311525512,-2.7020332732804353,20.50009456466697,84.7152224995944,0.8797653958944274,0.0,2.9885057471264576,1.5625,0.3831417624521105,0.0,1.5873015873015817,3.404255319148941,-1.0366173538978063,-8.284644136285513,3.9170506912442393,1.0256410256410442,0.013254129928186309,0.17371163867980766,2.0000000000000018,5.053967327887965,2.1739130434782705,1.650165016501659,0.0,-1.2799109627156358,-0.14048793311598473
1993-03-08,3469.419921875,2004.300048828125,2957.300048828125,1702.27001953125,3551.0,6482.2001953125,687.22998046875,17686.470703125,32460000.0,0.0,0.0,0.0,532000.0,0.0,219940000.0,0.0,446.1199951171875,454.7099914550781,275290000.0,13.72998046875,7.44,3.24,5.9,7.56,2.95,354000.0,3.3,3.85,-0.97008,6.017,5.09,8.12,2497.95,20.69,6.79,25.893,7.36,6.91,6.0,2683000.0,593.1778,1.9254900995043254,2,0.0,3.3977967745214332,0.27516509233751485,2.5914087504753436,0.6444494371739884,3.4462682585391535,1.3033755262026547,2.6467073598090307,4.780155409029141,49.10427193385394,0.0,0.0,0.0,20.443740095087158,0.0,18.22188776607181,0.0,0.6179778529027624,2.873233955988308,18.424675212939867,9.83984375,-1.195219123505975,11.340206185567014,-1.9933554817275656,-0.6570302233902869,0.0,-2.209944751381221,-0.30211480362538623,-2.5316455696202556,0.330961442991895,21.139520837527705,-2.303262955854124,-1.2165450121654708,0.7311217610797893,1.4215686274509975,-1.4513788098693747,13.630578838811601,0.0,-1.5669515669515577,0.0,1.4366729678638945,0.10505348614719967
1993-04-12,3428.090087890625,1986.9000244140625,2821.800048828125,1658.1300048828125,3615.0,6285.7001953125,673.1199951171875,19882.140625,24990000.0,0.0,0.0,0.0,403000.0,0.0,214150000.0,0.0,441.8399963378906,448.3699951171875,259690000.0,15.399993896484377,7.57,3.11,6.06,7.61,2.91,353000.0,3.31,3.92,-1.00752,5.723,5.21,8.25,2499.3732,20.37,6.96,25.682,7.36,7.07,6.0,2781000.0,586.4622,1.4779102918295235,2,0.0,1.4470967105218557,0.6178190886644508,-0.598844571917545,-0.013867946090195815,0.2940877245434681,-1.8534087321407045,0.3593167040270462,0.6208655584686307,-28.783129096608718,0.0,0.0,0.0,-24.162589386526157,0.0,12.214420456927266,0.0,0.09514360413678258,1.3746606196843647,-12.29059713590921,7.316984992163289,0.5312084993359889,-2.2012578616352307,-0.16474464579901982,-0.3926701570680535,0.0,-3.28767123287671,-0.3012048192771011,-0.75949367088608,0.7509924900750864,9.155063894716765,-0.7619047619047636,0.2430133657351119,0.11130362224636148,-0.3424657534246589,0.14388489208632116,0.12865998674411738,0.0,0.5689900426742556,0.0,1.905459875412241,-0.37900883549908393
1996-03-18,5683.60009765625,1965.0,3669.60009765625,2472.550048828125,4960.39990234375,10601.2998046875,1114.4200439453125,20285.130859375,49300000.0,0.0,0.0,0.0,707200.0,0.0,498780000.0,0.0,641.4299926757812,652.6500244140625,437100000.0,26.02001953125,7.83,5.24,6.37,7.42,4.97,384000.0,5.41,5.76,-0.79348,5.507,6.06,8.1,2692.1396,20.8,6.68,18.237,6.82,7.32,8.25,2677000.0,725.7585,1.7492215621966642,2,0.0,1.8383819683972513,0.8261057716789644,-0.13334881871682747,2.1833137207876385,0.5432099107552713,1.9600846808127015,3.1392914340872213,2.4693607742928503,4.938271604938271,0.0,0.0,0.0,6.973226440780511,0.0,8.932471389883823,0.0,1.251774692309593,1.9733765347000665,-2.758620689655178,-11.315440206695982,6.0975609756097615,-5.9245960502693045,4.7697368421052655,2.9126213592232997,1.6359918200409052,6.371191135734078,5.048543689320373,6.666666666666665,-3.34612339362933,27.713358070500902,6.129597197898429,2.5316455696202445,0.30856698422319084,5.476673427991896,3.2457496136012454,0.44613350958360165,3.8051750380517557,6.550218340611358,0.0,1.1333585190782092,0.18281856141229014
1997-05-05,7213.68017578125,2672.800048828125,4455.60009765625,3565.68994140625,6150.7001953125,13399.2998046875,1339.239990234375,19514.75,60160000.0,0.0,0.0,0.0,50203800.0,0.0,835140000.0,0.0,812.969970703125,830.2899780273438,549410000.0,66.989990234375,8.01,5.61,6.76,7.64,5.15,342000.0,5.93,6.33,-0.63688,32.937,6.62,8.26,2927.5205,19.99,6.98,10.19,7.08,7.53,8.5,2339000.0,808.845,2.1304608962664324,2,1.0,6.3494055105594915,4.803356375901302,1.5012392512390837,5.713971784449567,5.399617732250084,6.257629515416618,10.04165534092083,4.522571851767543,37.60292772186642,0.0,0.0,0.0,5.777723464864226,0.0,84.35761589403974,0.0,6.2192110860903815,7.416936765807991,35.83454891586521,184.94241772848582,-0.8663366336633671,2.372262773722622,-1.8867924528301883,-1.4193548387096855,-0.770712909441229,1.4836795252225476,-1.331114808652245,-2.314814814814825,-0.8453861842412591,280.3348729792147,-2.5036818851251863,-1.0778443113772407,0.4183204130475904,0.7052896725440627,-1.6901408450704092,-26.6220205948009,-1.8030513176144236,-1.1811023622047223,0.0,0.5156854318865589,0.5811321139503001
1997-05-12,7292.7998046875,2693.10009765625,4669.60009765625,3593.139892578125,6272.60009765625,13987.7998046875,1344.18994140625,20143.509765625,52370000.0,0.0,0.0,0.0,53685600.0,0.0,529710000.0,0.0,824.780029296875,837.6599731445312,459370000.0,40.02996826171875,7.94,5.55,6.7,7.56,5.06,318000.0,5.9,6.3,-0.63395,23.899,6.57,8.18,2917.4622,19.94,6.91,12.803,7.0,7.47,8.5,2318000.0,806.5127,1.561621691863272,2,1.0,1.0967997884336667,0.7595049557495015,4.802944503762108,0.7698356173125198,1.9818865897032412,4.392020542701225,0.3696089728480123,3.2219719218796072,-12.948803191489366,0.0,0.0,0.0,6.935331588445504,0.0,-36.57231122925497,0.0,1.4527053912625654,0.8876411027744391,-16.388489470522927,-40.24485132529857,-0.8739076154806402,-1.0695187165775444,-0.8875739644970349,-1.0471204188481686,-1.7475728155339931,-7.017543859649122,-0.5059021922428242,-0.4739336492891044,-0.4600552694385085,-27.44026474785195,-0.7552870090634434,-0.9685230024213065,-0.3435774403629299,-0.2501250625312479,-1.002865329512903,25.64278704612366,-1.1299435028248594,-0.7968127490039945,0.0,-0.8978195810175338,-0.28834943654223455
1997-11-03,7674.39990234375,2788.0,4906.39990234375,3847.72998046875,6945.7998046875,11255.099609375,1629.97998046875,16458.939453125,67160000.0,0.0,0.0,0.0,58170100.0,0.0,642760000.0,0.0,914.6199951171876,938.989990234375,564740000.0,104.76995849609376,7.21,5.5,5.9,6.93,5.04,313000.0,5.35,5.65,-0.50863,5.868,5.78,7.49,3042.0098,20.92,6.22,9.116,6.27,6.76,8.5,2201000.0,830.9764,2.664494024544579,2,0.0,7.166392406780853,0.6643523142319641,1.3572356142789177,-0.6111477470851945,5.252145701250188,7.2098016801056986,6.343498970396344,-3.4006790743313586,-26.86485897854731,0.0,0.0,0.0,-7.664016330599399,0.0,-29.083366432764024,0.0,-2.8694638196039235,7.0696359924735885,-18.593689187436034,9.271957822850375,-1.904761904761898,-0.7220216606498187,-3.1198686371100126,-1.7021276595744705,1.4084507042253502,2.287581699346397,-3.2549728752260476,-3.583617747440271,-4.690252220514934,6.169712321331655,-3.9867109634551423,-1.0568031704095149,0.016998231920850593,-0.3809523809523707,-2.5078369905956133,-11.253894080996885,-2.6397515527950444,-2.0289855072463836,0.0,-1.2118491921005337,-0.1284185504892843
1997-11-17,7698.2001953125,2773.0,4867.0,3816.7099609375,6798.60009765625,10419.7998046875,1614.1099853515625,16283.3203125,64880000.0,0.0,0.0,0.0,98028500.0,0.0,652880000.0,0.0,928.3499755859376,946.2000122070312,576540000.0,49.04998779296875,7.23,5.5,5.88,6.89,5.16,325000.0,5.44,5.71,-0.47663,5.338,5.81,7.44,3090.5876,20.66,6.12,10.008,6.22,6.78,8.5,2209000.0,838.2595,1.9227701934098078,2,0.0,1.9278142066787352,2.434335634681739,1.2523965581798135,2.3693957674094657,-0.2991626681881465,4.273076698681577,1.4704042873176837,3.73391502876117,25.22679019494307,0.0,0.0,0.0,94.19736602296409,0.0,10.706412995557368,0.0,0.09056137523786312,2.7216578757966126,24.216831128538807,6.769667362401877,-0.13812154696132284,-1.7857142857142794,-0.6756756756756799,-0.5772005772005762,0.3891050583657574,5.519480519480524,0.0,0.0,-2.6630179508648655,2.1626794258373216,0.0,-0.40160642570280514,1.0252373535465598,0.048426150121083644,-1.2903225806451646,-15.136097685067417,-0.797448165869219,-0.2941176470588225,0.0,0.09062075215224841,0.45908051112328874
1997-12-01,8013.10009765625,2918.5,4921.7998046875,4125.919921875,6623.89990234375,10750.900390625,1630.719970703125,17007.58984375,58280000.0,0.0,0.0,0.0,59586800.0,0.0,610620000.0,0.0,955.4000244140624,974.77001953125,590300000.0,29.719970703125,7.17,5.49,5.86,6.83,5.13,318000.0,5.5,5.73,-0.47396,5.002,5.82,7.38,3087.7931,19.3,6.06,9.346,6.15,6.73,8.5,2242000.0,844.479,2.0274225059882163,2,1.0,3.156582839571831,4.139161462979479,0.4735987132803432,7.667331664912758,-1.4974897220668582,1.553880393052931,2.755529696963732,1.7104230837560408,11.178939336131254,0.0,0.0,0.0,6.988661357943782,0.0,9.68170714183072,0.0,-0.7984718174805061,2.9683033293937955,14.63916724928145,-39.60578277867079,-0.139275766016711,-0.3629764065335661,0.34246575342467,0.0,-0.3883495145631133,2.9126213592232997,0.73260073260073,0.5263157894736858,0.4322766570605152,-1.12670488238783,0.5181347150259086,0.0,1.6148163276333838,-2.5744573447753605,0.16528925619834212,-10.624462082815345,0.0,0.0,0.0,1.1732851985559511,0.667473536431995
1997-12-29,7792.39990234375,2939.5,5112.39990234375,4266.02001953125,6650.0,10503.0,1537.449951171875,14775.2197265625,35190000.0,0.0,0.0,0.0,36138800.0,0.0,645090000.0,0.0,936.4600219726562,953.3499755859376,443160000.0,49.3800048828125,6.99,5.44,5.74,6.69,5.27,303000.0,5.55,5.69,-0.51817,5.001,5.72,7.26,3097.2981,18.31,5.9,11.33,5.99,6.57,8.5,2291000.0,847.7821,1.8035957987509834,2,1.0,-0.344019324180711,2.432311740452908,1.8771612005284766,3.4051294894394735,0.8263209764233226,3.2489555173261353,0.3518068725760104,-0.16338948487276683,-29.80251346499102,0.0,0.0,0.0,-9.628147740628668,0.0,2.8687609631637745,0.0,-1.0900110907369753,-0.03670301107405738,-16.490474306065916,0.0,-1.1315417256011373,-3.886925795052998,-0.5199306759098632,-0.7418397626112738,2.9296875,-2.2580645161290325,1.0928961748633892,0.17605633802817433,3.1204601086588735,-20.99526066350711,-0.34843205574913716,-0.5479452054794498,0.7760374589182772,0.0,-1.0067114093959662,21.111704970603952,-0.8278145695364225,-1.2030075187969946,0.0,4.659661946094107,0.6175446142248076
1998-02-02,8107.77978515625,3187.5,5599.0,4529.8798828125,6771.39990234375,10578.599609375,1652.8900146484375,16776.8203125,64720000.0,0.0,0.0,0.0,56052800.0,0.0,808120000.0,0.0,980.280029296875,1001.27001953125,724320000.0,51.6199951171875,7.12,5.53,5.63,6.7,5.06,315000.0,5.28,5.4,-0.6164,6.976,5.48,7.28,3080.1315,17.3,5.89,9.759,5.96,6.7,8.5,2200000.0,856.619,2.1412238959341527,2,0.0,5.119187323504715,6.232294617563738,6.908267608546348,6.177192833069189,2.8603515349028275,17.881847902239056,5.855420952071233,-1.7366838470773804,23.18233726684431,0.0,0.0,0.0,2385.932233457513,0.0,37.37930096559228,0.0,2.3694902625412295,4.631381656185218,30.489298839806867,-1.2812835947375922,1.859799713876975,0.0,0.7155635062611854,0.4497751124437732,0.7968127490039834,2.6058631921824116,1.1494252873563315,0.746268656716409,3.341324794205902,-23.742894621775246,0.5504587155963359,0.5524861878453136,-0.3401297923794955,7.990012484394504,0.34071550255536653,52.24648985959439,0.5059021922428464,2.1341463414634276,0.0,-3.296703296703296,-0.1166251874958002
1998-08-17,8574.849609375,3983.81005859375,5467.2001953125,5432.02978515625,6404.5,7224.68994140625,1818.0400390625,14794.66015625,67560000.0,0.0,0.0,0.0,52784800.0,0.0,626440000.0,0.0,1062.75,1083.6700439453125,584380000.0,48.5400390625,6.91,5.5,5.4,6.52,4.89,308000.0,5.23,5.34,-0.42975,4.839,5.36,7.14,3211.4759,13.12,5.6,10.616,5.7,6.6,8.5,2210000.0,902.7596,1.96848214023171,2,0.0,0.0,1.126048254748846,-2.1547694938700457,-0.5201126964495373,-1.827186899210198,2.701920232399724,-1.1510334504826747,-5.322778792477234,13.948389273064588,0.0,0.0,0.0,24.863509485735925,0.0,14.520758304235759,0.0,-2.450773543397289,0.04893451351688505,0.8978210573569623,-43.30758954603585,-0.4322766570605263,-1.9607843137254943,-0.5524861878452914,-0.3058103975535187,-0.8113590263691739,-2.5316455696202556,-1.506591337099794,-1.1111111111111183,-10.732832038552608,-7.546809323653026,-1.2891344383056946,-0.13986013986014845,-0.18680421420909088,-5.133767172812731,-1.0600706713780994,3.7123876514263188,-0.6968641114982632,-0.4524886877828038,0.0,-2.1257750221434946,0.34914796114708935
1998-09-14,7945.35009765625,3714.81005859375,5268.60009765625,4893.509765625,5879.39990234375,7661.85986328125,1665.68994140625,14227.3701171875,89750000.0,0.0,0.0,0.0,55656800.0,0.0,686720000.0,0.0,1009.0599975585938,1029.719970703125,714400000.0,144.2099609375,6.77,5.47,4.9,6.43,4.73,304000.0,4.76,4.74,-0.17758,5.396,4.72,7.07,3237.4511,14.45,5.26,9.488,5.41,6.43,8.5,2190000.0,907.9648,2.0474474455946883,2,0.0,3.993326103939654,0.5266066928230284,-1.466240926570972,-1.0560697949111075,2.3839774025903315,-5.136959800507867,6.330587585128633,-3.8045110667063398,-7.235142118863047,0.0,0.0,0.0,-31.61362301531717,0.0,10.155435427728143,0.0,2.7284005789224297,5.732675683592592,-8.445469691144435,0.0,-0.7331378299120339,-2.4955436720142665,-2.970297029702962,-0.6182380216383287,-0.6302521008403228,-2.8753993610223683,-3.054989816700615,-3.462321792260692,-26.032989003665442,-0.07407407407408195,-4.0650406504065035,-0.7022471910112293,0.30732770426442624,3.361945636623731,-1.1278195488721887,-15.609712710130752,-1.0968921389396646,-1.228878648233489,0.0,1.388888888888884,0.1755677984848436
1998-11-23,9374.26953125,3845.81005859375,5848.39990234375,5024.509765625,6672.89990234375,10514.5302734375,1977.4200439453125,14779.9404296875,84080000.0,0.0,0.0,0.0,82789500.0,0.0,951040000.0,0.0,1163.550048828125,1188.2099609375,774100000.0,71.449951171875,6.86,4.89,4.85,6.39,4.35,304000.0,4.54,4.62,-0.10098,4.801,4.59,7.33,3278.2433,12.4,5.26,9.513,5.46,6.51,7.96,2207000.0,944.3845,2.1193684048409733,2,0.0,4.028514703842423,6.18357896927948,6.131928179725077,4.988758560654993,4.964373355863216,2.1017531694856872,6.216964617720833,2.437374057060837,23.59253270615904,0.0,0.0,0.0,964.8304158252839,0.0,26.10252194436342,0.0,3.3605229639278145,4.607918691866897,25.75132395464439,177.4755385315534,-1.0101010101010055,1.8750000000000044,0.6224066390041472,-0.7763975155279601,-1.5837104072398245,-8.982035928143716,0.4424778761062065,2.212389380530988,39.28275862068966,-8.656773211567737,1.7738359201773912,-0.13623978201634523,-0.17285744919836032,-9.024211298606023,-0.1897533206831059,26.856914255234045,-0.36496350364964014,-0.9132420091324311,-0.5000000000000004,1.3780431786862612,0.18045294952684365
1999-01-18,9340.5498046875,4151.68017578125,6123.89990234375,5076.85009765625,6822.7998046875,10402.5400390625,2348.199951171875,13805.0595703125,79440000.0,0.0,619850000.0,0.0,718700.0,0.0,1001160000.0,0.0,1212.18994140625,1243.260009765625,798100000.0,72.780029296875,6.83,4.75,4.75,6.26,4.35,339000.0,4.51,4.61,-0.2488,5.423,4.61,7.3,3303.7761,12.62,5.17,4.803,5.49,6.48,7.75,2316000.0,938.7292,2.5631353056214037,2,0.0,-2.90377388887586,-1.1951671322414925,0.6392753055669775,-3.60051627469663,-0.28499189682745785,-2.179082366744012,-1.5260541802780136,3.265734670316811,-19.52998379254457,0.0,51.132426481882874,0.0,-98.89812526446833,0.0,-12.250532460361285,0.0,-4.932987169544278,-1.6314836090076001,-2.43276283618582,23.06393518757417,0.589101620029453,10.465116279069765,-0.21008403361344463,-0.31847133757962887,-0.2293577981651529,-1.7391304347826098,-0.879120879120876,-0.6465517241379226,6.89121842240934,-9.495994659546058,-0.4319654427645703,-0.544959128065392,-0.29289739142024374,-0.39463299131807794,-0.576923076923086,-66.38202561769442,0.365630712979903,0.7776049766718529,0.0,1.1795543905635641,-0.0487762132218017
1999-02-22,9552.6796875,4165.85986328125,6069.89990234375,4887.7001953125,6504.60009765625,9229.33984375,2342.010009765625,14256.669921875,81950000.0,0.0,469166000.0,0.0,54747200.0,0.0,843510000.0,0.0,1239.219970703125,1272.1400146484375,718500000.0,60.3399658203125,6.82,4.75,5.03,6.37,4.42,302000.0,4.71,4.93,-0.34514,4.223,4.96,7.38,3327.712,11.66,5.36,7.71,5.69,6.46,7.75,2237000.0,935.5142,2.6565133490088844,2,0.0,2.9950764870749547,2.476389131283141,0.7753304807566197,-0.025567861198472208,0.8840498656348172,-1.840487484118014,0.8665405388865954,1.4368852545015631,4.488078541374474,0.0,32.316725797990856,0.0,10006.553442865055,0.0,0.7103968670901128,0.0,-1.1817858997910657,3.4150869907142,3.90455531453362,0.0,0.7385524372230501,-0.41928721174003813,1.6161616161616266,-0.15673981191222097,0.4545454545454408,-3.205128205128205,0.8565310492505418,2.494802494802495,7.0998572581145725,-13.196300102774927,2.4793388429751984,0.13568521031206426,0.546788608730786,-1.2701100762066098,0.18691588785046953,-20.776818742293457,1.2455516014235002,0.9374999999999911,0.0,-0.710164225477139,-0.0318760435450538
1999-03-29,10006.7802734375,4153.64990234375,6252.89990234375,4867.2099609375,6652.7998046875,10688.4697265625,2492.840087890625,16008.83984375,69040000.0,0.0,438246000.0,0.0,54800800.0,0.0,876200000.0,0.0,1282.800048828125,1310.1700439453125,747900000.0,67.389892578125,6.98,4.79,5.2,6.62,4.39,298000.0,4.75,5.02,-0.40968,5.309,5.11,7.53,3319.4513,15.55,5.58,8.856,5.87,6.61,7.75,2191000.0,949.45,2.133613507591521,2,0.0,1.1755764926961065,-1.0342991437807703,1.626903212095221,-3.3263327360761874,0.8519495831074808,-3.7702480452027842,4.044347890769817,-2.2586567712093664,12.79202744649568,0.0,-7.452833774691792,0.0,-0.6407490272726246,0.0,0.22878059940516504,0.0,-1.269153902409148,1.0146439950810882,13.628076572470382,94.48797260544228,-0.42796005706132734,0.0,1.1673151750972943,1.0687022900763399,-0.6787330316742168,-2.2950819672131195,0.21097046413500742,0.40000000000000036,1.4888398939727931,-15.903690796768565,1.1881188118811892,0.8032128514056325,-0.09658224475784793,4.292421193829643,1.454545454545464,14.153132250580036,1.5570934256055269,-0.45180722891565717,0.0,-2.492211838006231,0.5737827256729222
1999-04-05,10007.330078125,4229.85009765625,6330.0,4901.81005859375,6739.7001953125,11072.98046875,2560.06005859375,16334.7802734375,71120000.0,0.0,529933000.0,0.0,33460500.0,0.0,977920000.0,0.0,1293.719970703125,1321.1199951171875,695800000.0,57.169921875,6.98,4.84,5.24,6.7,4.35,310000.0,4.72,4.99,-0.41435,5.16,5.12,7.56,3327.06,16.61,5.63,10.029,5.92,6.58,7.75,2280000.0,948.9716,2.117925442487437,2,0.0,0.005494321574728289,1.8345358203998519,1.2330294560984445,0.7108815509077715,1.3062228411528487,3.5974349184142884,2.6965215711050483,2.0360028138750597,3.0127462340671984,0.0,20.921354672946247,0.0,-38.941584794382564,0.0,11.609221638895239,0.0,0.8512567398929916,0.835765649083342,-6.966171948121403,-15.165435515833481,0.0,1.0438413361169019,0.7692307692307665,1.2084592145015227,-0.9111617312072884,4.026845637583887,-0.6315789473684275,-0.5976095617529764,1.139914079281401,-2.8065549067621043,0.1956947162426559,0.3984063745019917,0.2292155935530671,6.816720257234721,0.8960573476702427,13.24525745257452,0.8517887563884052,-0.45385779122542047,0.0,4.062072113190318,-0.05038706619622246
1999-05-31,10559.740234375,4351.2900390625,6226.2001953125,5068.58984375,6841.7998046875,12147.1201171875,2470.52001953125,16111.650390625,72820000.0,0.0,484224000.0,0.0,607700.0,0.0,681570000.0,0.0,1281.4100341796875,1301.8399658203125,649960000.0,73.179931640625,7.23,4.73,5.56,6.99,4.52,303000.0,4.93,5.35,-0.40268,4.888,5.51,7.79,3339.147,17.07,5.8,7.617,6.11,6.84,7.75,2191000.0,941.7776,1.5943321103852215,2,1.0,-0.8909678872838778,-1.0649945544592976,-1.5168994616093223,-3.524710352619742,-1.7829485402311218,-2.3296895372681314,0.687141169754879,-1.7012294309855513,-21.139267922893655,0.0,31.034613396691558,0.0,-98.83932357221711,0.0,-25.906639996521285,0.0,-3.6743870469976514,-0.36812141766170425,-13.878362263150922,14.290017424990564,0.0,-0.6302521008403228,-0.891265597147961,0.0,0.22172949002217113,1.6778523489932917,0.8179959100204526,0.1872659176029856,-3.8513884577732194,-5.216210975373281,-0.3616636528029016,0.2574002574002643,0.21503717607118666,-0.6402793946449381,-0.8547008547008517,-35.683526133581026,-0.16339869281045694,0.14641288433381305,0.0,-1.439496176338284,0.2121125254074263
1999-08-23,11299.759765625,4487.35009765625,6322.10009765625,5301.97998046875,7175.0,13573.66015625,2719.570068359375,18233.55078125,85070000.0,0.0,451157000.0,0.0,65058300.0,0.0,915630000.0,0.0,1336.6099853515625,1360.219970703125,682600000.0,62.0799560546875,7.93,5.03,5.91,7.37,4.65,286000.0,5.2,5.68,-0.14926,5.08,5.81,8.14,3347.5134,21.62,6.03,7.564,6.43,7.53,8.0,2185000.0,966.217,1.7664079731794367,2,0.0,2.289984019502267,0.6414375700869002,1.3904512408243752,0.8537003667194565,1.8351590488270064,5.264765032180918,2.808399800388872,2.2861035264114538,30.615691693535997,0.0,23.863243264019673,0.0,21.36134952273112,0.0,17.152654272809855,0.0,0.6725966557729945,2.213000799510678,16.97369548453431,-1.95848225818267,-2.6993865030674913,1.4112903225806495,-2.796052631578949,-2.1248339973439556,-1.483050847457612,-2.0547945205479423,-0.5736137667304075,-1.559792027729634,-6.255495540761213,-0.39215686274508554,-2.680067001675046,-1.5719467956469058,-0.18761076037355773,0.8395522388059629,-2.584814216478193,2.8276237085372413,-1.3803680981595123,-2.207792207792203,0.0,0.4136029411764719,0.06459241173275565
1999-09-06,11078.4501953125,4668.0400390625,6375.7001953125,5400.5498046875,7006.10009765625,13385.16015625,2843.110107421875,17756.509765625,79660000.0,0.0,335106000.0,0.0,57493800.0,0.0,910410000.0,0.0,1319.1099853515625,1357.239990234375,663200000.0,76.9100341796875,7.83,5.34,5.97,7.44,4.82,290000.0,5.29,5.72,-0.13345,5.403,5.86,8.21,3364.308,21.88,6.08,8.871,6.5,7.45,8.25,2157000.0,975.8145,2.8905857211482093,2,0.0,1.5055740976545495,0.227594940345055,0.007842890963138949,0.14872462185235857,-0.47729444044539715,-2.2171636707733366,4.807780057164046,-0.9066421291244575,13.282138794084197,0.0,-14.2080321963733,0.0,17.03381929658143,0.0,14.381737316883193,0.0,-2.1627740554392427,2.509023293687518,10.921558789095176,28.098168739465734,0.38461538461538325,6.374501992031889,2.753872633390708,2.0576131687242816,0.20790020790022457,0.0,1.9267822736030782,1.9607843137254832,-6.007888434990827,11.379097093382807,2.626970227670755,1.8610421836228408,0.02311856613514962,3.1588873173031606,2.5295109612141653,21.87113614507488,2.3622047244094446,0.2691790040376896,2.6119402985074647,-0.5073800738007339,0.4275052420567249
1999-10-04,10401.23046875,4603.240234375,6052.89990234375,5218.85986328125,7042.2998046875,12875.8603515625,2795.969970703125,17763.7109375,99080000.0,0.0,445882000.0,0.0,61633900.0,0.0,914660000.0,0.0,1282.81005859375,1304.5999755859375,803300000.0,48.3399658203125,7.7,5.27,5.92,7.39,4.71,309000.0,5.24,5.66,-0.07303,7.403,5.81,8.24,3368.7544,24.58,6.09,6.627,6.5,7.35,8.25,2139000.0,975.9842,1.6986082114194037,2,0.0,0.9495983715158918,0.14445756815206767,-0.42279792879300615,-0.39659734056685103,2.1259568313984234,0.9043591765364623,1.2390683698062732,5.603989046933933,25.338393421884888,0.0,-23.833975620422,0.0,-26.173064875671237,0.0,-2.934278528297485,0.0,0.426666977569945,1.6589846584321943,2.9080194722008734,-35.148993174285,-0.773195876288657,2.1317829457364157,0.6802721088435382,0.5442176870748217,1.2903225806451424,0.9803921568627416,0.19120458891013214,0.35460992907803135,-18.03591470258137,-1.4510117145899892,0.6932409012131657,0.6105006105006083,0.039463382337623365,0.20383204239704522,0.4950495049504955,-15.568862275449103,0.6191950464396356,-0.6756756756756799,0.0,-0.8804448563484724,0.25904439051325223
2000-01-31,10940.5302734375,5659.81005859375,6268.5,6835.60009765625,8481.099609375,15532.33984375,3940.35009765625,19539.69921875,191880000.0,0.0,931453000.0,41254200.0,4751700.0,0.0,1507630000.0,0.0,1360.1600341796875,1394.4599609375,993800000.0,103.949951171875,8.25,5.43,6.68,7.73,5.41,285000.0,6.17,6.48,-0.20321,7.205,6.63,8.29,3489.8259,28.34,6.57,5.334,6.77,7.84,8.5,2164000.0,1006.3748,2.5217566974388266,2,0.0,-0.6144495308260889,-0.5456083163783432,-1.744565787248109,-1.3905117211614249,0.26362847215206653,2.4050690042880962,-3.8019271473822336,2.5344787084930376,-5.3566143829535395,0.0,38.587010699189264,23.245830233829558,-94.82019987965361,0.0,-24.20351424046655,0.0,-5.633564966219695,-0.5044535765617475,-10.93385911453666,28.491866256848542,-0.1210653753026647,-2.8622540250447304,-1.3293943870014702,-1.9035532994923776,1.8832391713747842,0.35211267605634866,0.6525285481239873,0.0,3.6997346397223962,33.673469387755105,-0.300751879699257,-1.7772511848341277,0.03365196739748555,-3.506979911474295,-2.377414561664193,41.71094580233794,-2.1676300578034713,-0.2544529262086592,0.0,4.997573993207172,0.3587936658692614
2000-04-17,10582.509765625,6060.5400390625,5994.60009765625,7187.14013671875,8769.599609375,14762.3701171875,3539.159912109375,19008.640625,247520000.0,0.0,1204901000.0,42838900.0,90662100.0,0.0,2482830000.0,0.0,1356.56005859375,1401.43994140625,1204700000.0,187.7899169921875,8.12,5.98,5.89,7.62,5.67,259000.0,6.14,6.35,-0.04456,5.462,6.18,8.35,3539.9554,24.87,5.78,6.17,6.13,7.76,9.0,1962000.0,1031.5021,3.3083594440355117,2,1.0,-5.399781772856782,-4.781848386479348,-8.246851757753483,-4.387551467341321,-7.306923788511965,-12.393343486046316,-15.496878203901076,-7.810345763396443,64.93636303058572,0.0,47.554376112106446,68.370723808326,-7.920240015275182,0.0,71.68669700029042,0.0,-10.537799292042893,-6.847641160689544,41.11514583577369,69.51622518344172,-0.9756097560975618,-2.287581699346397,-0.5067567567567655,0.5277044854881341,-0.5263157894736858,-3.3582089552238847,-0.4862236628849326,-0.4702194357366851,-24.576844955991874,8.008700810757352,-0.3225806451612967,0.6024096385542022,-0.16752044723259418,-2.8515625000000044,-0.17271157167529916,-29.080459770114942,0.16339869281045694,-0.8939974457215838,0.0,-3.2067094227923088,0.34216462560190397
2000-05-15,10807.7802734375,6392.27001953125,6247.7001953125,7195.14990234375,9281.900390625,14881.2998046875,3607.64990234375,17313.689453125,155810000.0,0.0,688447000.0,23454500.0,93868200.0,0.0,1155810000.0,0.0,1420.9599609375,1452.3599853515625,854600000.0,77.25,8.52,5.96,6.5,8.04,5.94,276000.0,6.38,6.86,0.02501,9.068,6.74,8.93,3574.6509,28.7,6.2,6.702,6.61,8.17,9.0,1982000.0,1048.3258,2.2097754530216216,2,0.0,1.9252877824027959,-1.8750695197523037,0.505129926348169,-2.8744243914090917,-0.5954442771084367,-0.1322072029561805,-1.6823000735872395,-4.869633992174604,8.06630600638092,0.0,14.085176899494577,2.587149542929623,18.968539334386957,0.0,1.1463975986908403,0.0,-0.8145888265314594,1.9793943515450385,8.506856272219409,-7.095637620840767,2.898550724637694,-1.650165016501648,1.5625,2.1601016518424165,3.4843205574912828,-5.802047781569963,2.2435897435897356,1.479289940828421,528.391959798995,-37.197866888288665,1.2012012012011963,2.1739130434782483,0.29038233810121383,7.289719626168223,1.6393442622950838,-26.665937192252976,2.0061728395061706,2.896725440806036,0.0,-0.45203415369161615,0.44538666833258134
2000-12-25,10635.5595703125,5783.72998046875,6097.5,6251.39990234375,8769.900390625,14738.2099609375,2517.02001953125,13931.6103515625,230880000.0,0.0,293611000.0,23738900.0,70860500.0,0.0,2235410000.0,0.0,1274.8599853515625,1305.949951171875,1087100000.0,105.9200439453125,7.17,6.53,5.1,7.16,5.51,364000.0,5.44,5.23,-0.04631,8.105,5.02,7.95,3721.3226,27.38,5.43,5.703,5.56,6.84,9.5,2340000.0,1088.0872,2.438696498246351,2,0.0,-0.09262529458550217,-1.7623851552301506,-2.3853357880412984,-2.172842966335431,-2.64968173856448,-1.9056856173813141,-4.095987045250271,-3.813130608244042,6.14196395733726,0.0,-55.02757827374252,-41.72744165723642,-14.553222379518004,0.0,8.200426913973446,0.0,-2.841903621436259,-1.2693378280280943,-8.639381460626938,26.592552066236273,-3.369272237196763,0.9273570324574987,-3.5916824196597474,-0.6934812760055475,-6.451612903225801,2.824858757062154,-5.061082024432806,-4.212454212454208,12.923677151914159,50.59457450761799,-4.380952380952385,-0.996264009962633,0.5199464148985866,-5.748709122203099,-1.0928961748634003,-12.22102508850238,-1.592920353982319,-3.797468354430389,0.0,0.7751937984496138,0.9513250423186959
2001-02-26,10642.5302734375,5415.10009765625,5916.7998046875,6189.06982421875,8140.7998046875,15230.2197265625,2308.5,13201.1396484375,243270000.0,0.0,985885000.0,42182000.0,83582900.0,0.0,1739060000.0,0.0,1245.8599853515625,1267.6500244140625,1130800000.0,57.139892578125,7.12,5.5,5.13,7.13,4.87,386000.0,4.69,4.64,-0.27618,4.836,4.93,7.96,3781.6673,28.65,5.49,7.696,5.69,6.69,8.5,2506000.0,1094.025,1.748995819650728,2,0.0,-1.4564134819951446,-3.0377349450512514,-2.9077813474319036,-4.374705679012569,-3.7696417516273395,-1.68317673683549,-4.819034067230932,0.6215880653186012,20.19862641434853,0.0,12.662013388459602,38.05449915888279,6834.03849344616,0.0,-8.093224817672551,0.0,-6.086943479367868,-2.603090525780294,-10.05408845052498,0.0,1.5691868758915817,0.5484460694698434,0.3913894324853118,0.1404494382022392,-1.2170385395537497,7.8212290502793325,-2.2916666666666585,-2.9288702928870425,-0.2600216684723766,-3.7228747760302494,-0.40404040404041774,0.6321112515802696,0.5477649884055413,-3.4378159757330717,0.7339449541284404,53.766233766233775,0.707964601769917,1.210287443267788,0.0,-0.3974562798092163,0.21343875472901175
2001-03-19,9959.1103515625,5048.60009765625,5551.60009765625,5657.2900390625,7911.10009765625,13457.6904296875,1951.1800537109373,12190.9697265625,239520000.0,0.0,1047462000.0,43867400.0,75795600.0,0.0,1774570000.0,0.0,1150.530029296875,1170.81005859375,1126200000.0,117.5599365234375,6.96,5.46,4.86,6.95,4.47,393000.0,4.31,4.34,-0.24844,4.893,4.64,7.81,3812.0913,27.02,5.3,4.038,5.45,6.54,8.5,2605000.0,1092.9823,1.7626684032983269,2,0.0,-2.4405715811965822,-3.6967764439499673,-4.718096667703597,-6.437875680702043,-0.24210568962224066,-2.3157130522143743,1.4453747443328835,0.16103042785071686,-18.31667973945367,0.0,9.750033266730028,-9.515745440969292,-21.826922184393972,0.0,-17.45494971672047,0.0,-6.72033951899299,-0.792263363878154,-8.364524003254681,29.699820746293383,-0.1434720229555153,-0.5464480874316946,-1.8181818181818188,-0.42979942693409656,-3.2467532467532534,0.0,-3.579418344519014,-2.6905829596412634,-4.390994804695025,-1.330913490623109,-2.3157894736842155,0.25673940949935137,0.7412656547239216,-5.026362038664322,-0.7490636704119868,-47.28459530026109,-1.26811594202898,0.30674846625766694,0.0,1.8771998435666903,-0.11864415763197522
2001-05-21,11337.919921875,5652.0400390625,5941.60009765625,6249.8701171875,8270.599609375,13721.26953125,2305.590087890625,14176.830078125,227630000.0,0.0,912076000.0,48251500.0,108873000.0,0.0,2311480000.0,0.0,1291.9599609375,1312.8299560546875,1174900000.0,72.159912109375,7.14,4.37,5.46,7.34,3.54,402000.0,3.76,4.3,-0.40265,5.169,4.96,8.11,3864.2554,29.08,5.83,9.052,5.98,6.67,7.43,2819000.0,1084.3725,1.6153747599146464,2,0.0,4.234401644906183,2.99431854733192,4.412619236556536,3.0535813272691392,3.2534283317727786,3.4851322676891616,10.743456732677071,2.189938147139814,50.519076902730944,0.0,-5.981142130854689,15.08455172084815,51.320315724954035,0.0,72.68665859817413,0.0,3.716065680248448,5.117214061797326,36.90281985551154,89.89450555098684,0.5633802816901401,-1.3544018058690654,3.2136105860113506,1.2413793103448256,-3.013698630136985,3.076923076923066,0.0,3.3653846153846034,4.840389522470456,2.2956659410251268,3.765690376569042,0.9962640099626441,0.6867324528290863,3.413940256045511,1.5679442508710784,72.05854400304123,2.2222222222222365,0.9077155824508187,-0.9333333333333416,0.6785714285714395,-0.3392448438450768
2001-09-24,8603.8603515625,3861.18994140625,4613.89990234375,4038.68994140625,6662.0,9284.5,1499.4000244140625,9554.990234375,403530000.0,0.0,1530732000.0,86597600.0,119968800.0,442181500.0,2052290000.0,0.0,965.7999877929688,1003.4500122070312,1746600000.0,61.97998046875,6.8,2.47,4.7,7.34,2.3,453000.0,2.6,2.91,-0.33014,6.291,3.96,8.2,4023.1731,27.09,5.55,66.683,5.58,6.3,6.36,3302000.0,1059.2639,3.898325211216844,2,0.0,-3.5517373839834665,-3.8419015762077735,-5.817632645722137,-4.6252818437615195,-3.561088592935724,-0.3739489431745513,-5.074231390991768,0.5321748250914693,-28.654526166902407,0.0,4.475273041479366,-24.041124187432406,-9.748222329883816,0.0,-8.97401779457292,0.0,-11.600494877815725,-3.4001758483708566,-25.06532007911345,0.0,-0.8746355685131268,-29.22636103151862,0.42735042735044804,4.857142857142849,-18.439716312056742,14.683544303797458,-11.864406779661019,-7.028753993610215,-6.840115130650714,17.588785046728983,-3.8834951456310662,4.458598726114649,-4.361371234902112,-4.0042523033309685,2.9684601113172615,199.38939523189515,2.7624309392265234,-1.4084507042253502,-2.1538461538461506,2.738021157436221,-1.0606384547710013
2001-10-22,9377.0302734375,4341.2900390625,5070.39990234375,4619.31982421875,6905.2001953125,9797.5400390625,1708.0799560546875,10565.41015625,222210000.0,0.0,939318000.0,49633000.0,87588000.0,236566000.0,1530830000.0,0.0,1073.47998046875,1089.9000244140625,1105700000.0,49.8800048828125,6.61,2.44,4.6,7.04,2.17,482000.0,2.37,2.78,-0.37274,4.722,3.94,7.92,3969.0123,21.92,5.35,14.556,5.37,6.09,5.5,3557000.0,1046.2586,1.529608771850823,2,0.0,0.3146272086509416,3.0228428725176393,0.06117849299902556,1.5574399371699466,-0.7245945948032961,-3.287565776764445,0.6938529546122396,1.0798343442425473,11.127225445089017,0.0,11.244833426104673,-4.488003510041338,12.803393838236321,-14.026396163412569,-3.4913409952023966,0.0,-1.6644568807723137,-0.007335552589970984,7.904752610520149,7.499953960574457,0.4559270516717451,0.0,-1.0752688172043112,-0.8450704225352101,-1.363636363636378,0.0,-0.8368200836820106,-0.7142857142857117,6.036640873918975,-6.973995271867595,-1.253132832080206,-0.7518796992481258,-0.4387579350866755,-3.2656663724624835,-0.9259259259259411,15.413891531874402,-1.104972375690605,0.4950495049504955,0.0,1.022436807725069,-0.3239148424068583
2002-02-25,10145.7099609375,4305.43994140625,5100.7001953125,4863.5400390625,7512.5,10496.01953125,1769.8800048828125,10296.4697265625,256580000.0,0.0,1219187000.0,59788400.0,94046200.0,191984600.0,1666850000.0,0.0,1089.8399658203125,1109.4300537109375,1367400000.0,46.280029296875,6.81,1.75,4.87,6.5,1.73,398000.0,2.24,2.99,-0.49187,4.892,4.27,7.86,4134.6043,20.7,5.52,11.39,5.59,6.28,4.75,3538000.0,1020.0414,1.7975196822480006,2,0.0,2.450458858267668,-0.9571977582677138,-1.0399008867558401,-0.1687219189356992,-0.6099025885831,-4.606005728117912,-1.9565669867282032,2.0134221045005285,4.047039740470404,0.0,51.95997048515033,44.29826784348083,11771.522342842716,6.043881384823235,2.5930621891772088,0.0,-2.386071861069361,0.47546593350928923,0.6032960565038215,0.0,-0.7288629737609464,1.744186046511631,-1.4170040485830038,-0.6116207951070374,0.5813953488372103,0.25188916876575096,0.0,-0.9933774834437026,-0.05283156889440699,-1.688102893890664,-1.3856812933025542,-0.6321112515802807,0.3001505446783126,-2.2662889518413665,1.845018450184499,74.55938697318007,-1.0619469026548756,-1.1023622047244053,0.0,-1.173184357541901,0.531395271825863
2002-03-04,10586.8203125,4607.43994140625,5242.0,5245.83984375,7861.7998046875,10704.1201171875,1859.3199462890625,11450.2197265625,298820000.0,0.0,1491304000.0,90965800.0,123893200.0,279649600.0,2297630000.0,0.0,1131.780029296875,1153.8399658203125,1594300000.0,79.449951171875,6.8,1.75,4.9,6.53,1.74,392000.0,2.28,3.08,-0.49291,4.696,4.3,7.88,4119.3007,21.43,5.54,8.512,5.61,6.28,4.75,3567000.0,1017.7946,1.9491364003959644,2,0.0,4.347752431922869,7.014381900804323,2.7702040754591595,7.860525494125303,4.649581426788685,1.9826619540666668,5.053446626861691,11.205296870087356,16.46270169148023,0.0,22.319545730064384,52.14623572465562,31.736529492951338,45.66251668102546,37.84263730989592,0.0,3.848277250962684,4.002948357206315,16.59353517624689,71.67221451443584,-0.1468428781204123,0.0,0.6160164271047375,0.4615384615384688,0.5780346820809301,-1.5075376884422065,1.7857142857142572,3.0100334448160515,0.21143798158049787,-4.0065412919051635,0.7025761124121788,0.2544529262086481,-0.3701345737003203,3.5265700483091855,0.36231884057971175,-25.267778753292358,0.3577817531305927,0.0,0.0,0.8196721311475308,-0.2202655696131539
2002-05-13,10109.66015625,4375.39013671875,5204.7998046875,4975.47998046875,7661.39990234375,11733.4296875,1652.5400390625,11336.9501953125,201420000.0,0.0,1267997000.0,61108800.0,145798800.0,199682000.0,1648780000.0,0.0,1054.989990234375,1074.56005859375,1088600000.0,39.9600830078125,6.79,1.74,5.16,6.71,1.73,413000.0,2.31,3.22,-0.62643,5.145,4.5,8.04,4158.5887,27.27,5.72,7.11,5.77,6.27,4.75,3729000.0,989.9112,1.8550003829920076,2,0.0,3.0752333390385633,0.18616641853421712,0.03266719838843635,1.9425623963795324,1.0592104530096513,-0.023606514599217032,4.691859225972372,-1.853167598814831,-5.838904212051799,0.0,-40.53364148360474,35.799445769156414,51.69440297148684,-19.452989301650536,-7.167469933786763,0.0,-1.717863535943831,2.0794754039352714,-3.0286834135043628,-9.428632297727646,0.1474926253687281,-3.8674033149171283,0.9784735812133016,0.0,-0.5747126436781658,0.9779951100244544,-0.8583690987124526,-0.3095975232198067,2.784432120237601,-25.928591995393035,-0.4424778761061843,1.0050251256281229,-0.16117198704918012,1.4508928571428603,0.17513134851137035,-45.708613317043365,0.698080279232105,0.15974440894568342,0.0,0.4579741379310276,-0.20777797928430708
2002-06-17,9687.419921875,4010.360107421875,4756.7998046875,4475.10009765625,7357.39990234375,10832.259765625,1553.2900390625,10664.1103515625,247560000.0,0.0,1528700000.0,73492700.0,104989800.0,192975200.0,1591840000.0,56400000.0,1007.27001953125,1036.1700439453125,1236600000.0,57.4100341796875,6.71,1.74,4.97,6.65,1.7,396000.0,2.24,3.04,-0.58978,5.289,4.23,7.95,4161.8463,24.94,5.68,7.232,5.67,6.17,4.75,3604000.0,987.1924,2.8691437105922812,2,0.0,0.43564320347802,-0.362237305316937,-3.4779510537747416,-2.487539904013314,-1.384592468058865,-4.044526137712756,1.4764647656524854,-6.21008417435398,9.510749358577364,0.0,20.55927136048934,38.91026828410822,-36.71981513158132,30.35694020373423,4.846337254488686,48.81266490765172,-1.9717194814723449,0.5268111999518599,0.8481487522427056,-14.872508683745156,0.0,-2.2471910112359605,-1.7786561264822143,-1.3353115727002929,-1.1627906976744207,2.0618556701030855,-3.44827586206895,-3.4920634920634908,-3.237026463880821,-0.9179467965530264,-2.5345622119815503,-1.2422360248447228,0.07715988710246258,-0.27988804478208396,-1.730103806228378,-14.917647058823524,-1.7331022530329254,-0.16181229773462036,0.0,-2.0918228742189626,-0.25932572885664085
2002-07-29,8711.8798828125,3395.830078125,4202.7001953125,3859.780029296875,6483.10009765625,9975.990234375,1335.25,9666.669921875,328750000.0,0.0,1810431000.0,86852100.0,129364800.0,170356400.0,1944170000.0,49900000.0,852.8400268554688,898.9600219726562,1778650000.0,123.280029296875,6.34,1.72,4.47,6.46,1.67,390000.0,1.88,2.32,-0.44219,5.311,3.56,7.8,4228.872,26.64,5.52,10.066,5.4,5.76,4.75,3495000.0,975.9503,5.40781314958186,2,0.0,11.912008038728406,7.814741809438397,7.88602734725965,4.560565980496034,1.8282610893072926,-1.327956931084795,4.100882905293357,-5.126502533271049,-31.20369982840162,0.0,9.49593661150232,-17.58769794842453,-7.590630826267408,-24.29459074397824,-3.4868770508486358,11.633109619686799,0.5992282050728326,9.649332041533532,-20.880670444739025,1.842248433531668,-2.3112480739599484,-1.1494252873563204,-4.487179487179482,-1.2232415902140636,-1.183431952662728,2.902374670184704,-4.5685279187817285,-9.727626459143968,-4.3975525911832625,-3.348498635122843,-7.532467532467535,-1.7632241813602123,0.3313168951545098,-3.54815351194786,-1.4285714285714346,59.19658390004745,-2.1739130434782483,-2.866779089376048,0.0,0.6334581053843991,-0.11748051526448977
2002-08-19,8990.7900390625,3493.010009765625,4426.89990234375,3837.669921875,6658.10009765625,10246.9599609375,1394.5400390625,9599.099609375,250510000.0,0.0,1272622000.0,72332400.0,91232300.0,126512200.0,1489490000.0,38300000.0,928.77001953125,950.7000122070312,1299800000.0,74.969970703125,6.22,1.72,4.18,6.31,1.61,399000.0,1.76,2.14,-0.4176,4.896,3.25,7.53,4254.5479,28.52,5.2,4.728,5.13,5.63,4.75,3531000.0,972.2509,2.361186538606114,2,0.0,3.474556621619551,3.8214404358080545,4.863080347223758,5.224383150170797,1.3193565541731456,2.8819512738458286,6.710850259858514,-1.5256816227345649,28.99588053553037,0.0,45.80928713254713,48.22577604367319,26.55807611049381,-6.785233257589828,41.28834588605794,10.693641618497107,2.215399339484403,5.1892039220524655,25.40279787747226,-6.881180462687519,-1.426307448494446,-1.1494252873563204,-3.9080459770114984,-2.170542635658923,1.2578616352201255,2.570694087403602,5.389221556886237,4.90196078431373,-0.8499928771546594,-2.5671641791044864,-1.2158054711246202,-2.080624187256175,0.6079279999175125,6.5371684721703405,-4.059040590405905,-45.214368482039404,-3.20754716981132,-1.0544815465729385,0.0,1.3199426111908164,-0.1864758215371798
2002-10-21,8538.240234375,3156.929931640625,4133.7998046875,3282.669921875,6362.2998046875,9570.3603515625,1309.6700439453125,8978.41015625,311250000.0,0.0,1120832000.0,69383300.0,149157700.0,186206800.0,1572970000.0,36100000.0,884.3900146484375,899.719970703125,1447000000.0,96.77001953125,6.15,1.75,4.11,6.41,1.64,412000.0,1.77,2.07,-0.37665,4.327,3.15,7.86,4346.9369,29.65,5.27,9.907,5.14,5.56,4.75,3518000.0,964.9364,1.7333931637368678,2,0.0,8.389066699973323,9.415406886372102,5.142936768970663,15.176951000128414,6.416103782486959,6.743788305034748,7.303385620080927,5.261668308274903,36.30988876237191,0.0,-5.940168644932598,-12.399689916216772,27.801549819039263,-15.769370301780716,30.61931176509667,-36.10619469026549,5.874396266576287,6.926217923158107,20.55319503457469,27.732321881455178,2.842809364548504,1.1560693641618602,11.684782608695654,4.227642276422761,5.12820512820511,1.7283950617283939,11.32075471698113,16.292134831460658,3.7003386470636945,-15.256560908734818,16.23616236162362,3.830911492734468,1.124315388682895,0.9533537623425126,5.611222444889763,71.54978354978354,7.531380753138062,4.1198501872659055,0.0,-0.31170303202040506,0.2878919904083288
2002-12-16,8627.400390625,3173.85009765625,3984.0,3205.2900390625,6724.39990234375,9656.4599609375,1400.3299560546875,8450.9404296875,207040000.0,0.0,1469197000.0,77975500.0,140458900.0,150167600.0,1406210000.0,44500000.0,889.47998046875,910.4000244140624,1271600000.0,27.0,6.04,1.23,4.04,6.2,1.19,429000.0,1.47,1.87,-0.4583,4.107,3.06,7.45,4351.7811,27.82,5.09,9.027,5.01,5.46,4.25,3497000.0,958.3061,2.3519409547910977,2,1.0,1.817334833737716,1.868649904949371,1.2735478507320819,4.557715778387017,3.387091240598905,-2.148461543637792,2.4276914617838097,-4.271717801136143,-9.06934867583118,0.0,15.448542706697088,9.737321708781032,-17.603127421666333,-71.56699651270276,-6.053500086850794,1.1363636363636465,-2.4938886560503026,2.0627830060607977,-3.725015142337973,-56.66831229282743,-2.4232633279483107,-0.8064516129032251,-3.1175059952038398,-2.0537124802527673,-0.8333333333333304,0.9411764705882453,-3.9215686274509887,-6.965174129353214,-0.21555008817958354,-11.942538593481977,-5.555555555555558,-1.3245033112582738,-0.18616262914065151,2.5055268975681555,-1.9267822736030893,-11.508675620037268,-2.3391812865497075,-2.499999999999991,0.0,-1.130901894260672,-0.27592268378957563
2003-01-06,8773.5703125,3210.27001953125,4001.39990234375,3157.25,6837.2998046875,9665.9599609375,1421.3199462890625,8713.330078125,258040000.0,0.0,1123294000.0,81943500.0,142266300.0,234912800.0,1567690000.0,23300000.0,908.5900268554688,929.010009765625,1435900000.0,62.32000732421875,5.85,1.2,3.94,6.16,1.2,393000.0,1.38,1.7,-0.48438,5.016,2.91,7.37,4332.1996,31.96,5.1,10.667,4.93,5.24,4.25,3438000.0,953.5346,2.2474363911771724,2,0.0,5.288955444835586,6.119721187351468,2.5842127407028403,9.148080739946241,3.3199302434286038,4.245209990325294,6.10507374485032,1.5663907558983725,28.473985561364202,0.0,159.05271023209474,179.82440863409587,89.4368278925587,6.425213744912339,45.61760389381189,38.69047619047619,3.791409814458424,5.642547025852296,35.74399697485347,101.68311062388273,-1.3490725126475533,-2.4390243902439046,0.5102040816326481,0.32573289902280145,3.4482758620689724,-3.9119804400977953,-2.127659574468088,-0.5847953216374324,3.285924472780777,7.2253099615220195,0.6920415224913601,-0.13550135501354532,-1.023111592213899,-1.2970969734404036,0.0,-10.180195351970356,0.40733197556006573,-1.5037593984962405,0.0,-0.6932409012131768,-0.6463017904689394
2003-02-17,7908.7998046875,2882.1201171875,3692.39990234375,2708.969970703125,6564.10009765625,9383.6796875,1310.1700439453125,8771.8896484375,237900000.0,0.0,1185132000.0,59239000.0,1043200.0,193064000.0,1315410000.0,62900000.0,817.3699951171875,834.8900146484375,1404600000.0,39.44000244140625,5.86,1.22,3.95,5.97,1.16,420000.0,1.3,1.63,-0.53864,4.681,2.94,7.09,4417.8865,35.79,5.06,6.254,4.91,5.26,4.25,3423000.0,942.9911,2.14346252442728,2,0.0,-0.14280178923002929,3.9628356299509893,3.165594747173839,4.751570078238387,1.8621684669926974,1.6414400651765249,1.0403484032756039,3.381995744292965,5.907492320705154,0.0,-9.728438544481788,-28.743524079538197,-98.73420178997844,32.573406213090884,8.136036302653649,66.84350132625995,-1.484892825991213,-0.12918598664245495,13.438862865449842,-4.06223182974882,-0.340136054421758,-5.4263565891472965,-0.7537688442211032,-0.33388981636061077,0.8695652173912993,7.692307692307687,-1.5151515151515138,-3.5502958579881727,0.10779466973944718,-13.18620178041543,-2.6490066225165587,-0.14084507042253502,-0.2398888113609443,5.4197349042709675,1.200000000000001,-46.31759656652361,-0.20325203252031798,-0.1897533206831059,0.0,-0.9835117153601414,0.0702408457681214
2003-03-17,8141.919921875,2831.72998046875,3722.300048828125,2487.1201171875,6406.60009765625,8804.16015625,1392.27001953125,7871.64013671875,356750000.0,0.0,1479570000.0,136862800.0,105540000.0,143293200.0,1886510000.0,41300000.0,833.27001953125,862.7899780273438,1700420000.0,73.88995361328125,5.61,1.21,3.65,5.82,1.09,430000.0,1.16,1.47,-0.56078,5.196,2.62,6.9,4441.6959,36.66,4.91,5.511,4.68,4.93,4.25,3528000.0,939.535,3.5426641789776605,2,0.0,7.580947239202374,12.655895681974316,8.329208784316,6.787349099787532,2.053298155907446,-0.6512165059333497,8.909785496304723,-2.121538396900946,65.19262826449344,0.0,2.401104038613666,34.642147068400874,28.213227076145575,-30.17615156343649,68.44290472066217,-23.518518518518515,0.5284181019685974,6.84970511918892,35.49163346613546,61.43745266010221,-1.058201058201047,-6.2015503875969,0.0,0.0,-5.217391304347807,1.4150943396226356,-4.918032786885251,0.0,1.7380261248185702,5.846404563047458,0.3831417624521105,0.0,-0.13491029052500325,-0.8653326122228244,0.0,-59.08078408078408,0.0,-1.5968063872255467,0.0,-0.8710311885361088,-0.007726629712245803
2003-04-14,8351.099609375,2874.97998046875,3849.39990234375,2776.780029296875,6462.39990234375,8533.5498046875,1384.949951171875,7752.10009765625,199690000.0,0.0,1049779000.0,80766500.0,115078800.0,190938000.0,1173640000.0,64600000.0,868.2999877929688,885.22998046875,1131000000.0,42.1300048828125,5.85,1.23,3.97,5.81,1.13,434000.0,1.25,1.61,-0.64643,6.528,2.92,6.93,4411.6357,28.03,5.18,5.725,4.95,5.17,4.25,3586000.0,937.4047,1.949786123896378,2,1.0,0.6106861247914708,-2.067662435460138,-2.1952371922476233,-1.1449127706616102,0.4367234743363868,-4.782973821393933,-0.328177455484413,-6.034927876249707,-30.08298028780505,0.0,-38.21445744699009,-39.109544994319315,1.8276609921133113,-13.819997725192412,-22.587198564719536,26.66666666666666,-1.200431027597737,0.6023192568822333,-24.297188755020084,-31.171393956315153,1.0362694300518172,-3.90625,1.7948717948718107,0.0,2.7272727272727115,4.076738609112707,5.042016806722693,4.545454545454541,4.5783249478265065,15.458082773257864,2.8169014084507005,0.28943560057885787,-0.856858944808292,-4.432321854756216,0.974658869395717,-57.000150217815836,0.8146639511201537,2.1739130434782705,0.0,0.08372871895059308,-0.08253222466074739
2003-04-28,8471.6103515625,2949.570068359375,3940.300048828125,2953.919921875,6548.7001953125,8435.0400390625,1462.239990234375,7607.8798828125,214870000.0,0.0,1208580000.0,87581800.0,69033900.0,237547000.0,1477750000.0,46100000.0,898.8099975585938,914.8400268554688,1273000000.0,34.010009765625,5.79,1.26,3.97,5.68,1.14,444000.0,1.31,1.66,-0.70021,8.927,2.97,6.79,4456.2459,28.43,5.09,8.29,4.89,5.12,4.25,3676000.0,933.278,1.7834725181536486,2,0.0,1.71343099622292,1.7580826343983835,1.3138974158644734,1.8670344657574889,-0.33633058428038654,-1.6796510522036345,2.6587189597511607,-4.53252058922069,22.154633314383165,0.0,15.25477391151766,-7.477302931128104,-15.875000456976574,26.202806832622837,16.251170181801022,-6.8686868686868685,0.5852839554070011,2.559390235524628,13.792795208724407,0.0,-0.5154639175257825,-0.7874015748031482,-0.5012531328320802,-2.0689655172413834,-1.7241379310344862,-1.3333333333333308,-1.5037593984962405,-2.352941176470591,3.7486479678771945,37.97527047913447,-0.3355704697986517,-1.4513788098693747,0.47642271363363964,-2.903005464480879,-1.3565891472868241,-37.025220297781836,-1.0121457489878694,0.0,0.0,0.05443658138268859,-0.5538767107523213
2003-06-16,9318.9599609375,3174.489990234375,4152.89990234375,3264.5,7099.2998046875,9862.2802734375,1666.5799560546875,8839.830078125,209150000.0,0.0,1390218000.0,97142500.0,106619400.0,225146200.0,1912560000.0,53300000.0,988.6099853515624,1010.739990234375,1345900000.0,38.26995849609375,5.21,1.24,3.2,4.84,0.92,421000.0,0.97,1.14,-0.72311,6.515,2.13,6.08,4532.393,31.46,4.5,10.099,4.21,4.6,4.25,3695000.0,915.946,2.2384970019236556,2,0.0,3.7746098099944225,3.90347078707729,0.5763920497110053,5.484754543123027,1.820031898931851,1.3229606885202694,3.9034387485519018,0.19381312208921475,-0.8250746834842837,0.0,11.494302652346299,101.24318434180215,4.6858523078735725,-11.200413971212908,3.008563580546131,-43.297872340425535,0.08605081978760865,3.5668539567220936,2.9762815608263216,-34.07413170769148,-0.9505703422053147,-1.5873015873015928,-4.761904761904756,-3.200000000000003,-12.380952380952381,-1.8648018648018683,-10.185185185185198,-8.800000000000008,-0.11051097512122521,0.4316324957607476,-6.167400881057272,-2.2508038585209,0.3791642529143324,2.5423728813559254,-2.5974025974025983,-15.79956644989161,-3.661327231121281,-1.2875536480686844,0.0,0.3530689842476953,-0.02018270533173938
2003-07-07,9216.7900390625,3182.18994140625,4074.800048828125,3332.8701171875,7068.39990234375,9892.400390625,1720.7099609375,9795.16015625,235220000.0,0.0,1378312600.0,118920800.0,115835700.0,267968200.0,1836380000.0,97200000.0,985.7000122070312,1004.4199829101562,1429100000.0,32.9000244140625,5.4,1.13,3.58,5.2,0.87,433000.0,1.07,1.31,-0.73206,6.087,2.49,6.35,4570.367,30.31,4.86,12.845,4.56,4.75,4.04,3627000.0,926.1613,1.8991549631018119,2,0.0,2.5747164113473,3.1805013016452666,1.0815662379529245,3.486640180916556,1.2215177141185363,3.292015444931984,6.033393465823389,7.8392728605902295,5.0417541195909354,0.0,-3.7582603886781696,33.38732200842358,-8.030043787390984,41.434890005489166,2.4296917705068033,-0.2053388090349051,0.9710968622244298,3.0702907039667826,-9.9609375,15.478993360912296,3.053435114503822,-6.611570247933896,4.678362573099415,2.7667984189723382,1.1627906976744207,0.932400932400923,4.90196078431373,2.34375,0.44041983947313845,-15.446589804139466,5.508474576271194,1.437699680511173,0.16645802521928488,0.9996667777407486,3.1847133757961776,-4.012853086235236,2.934537246049662,2.591792656587466,-4.941176470588237,-2.943537597002943,1.120296364070117
2003-11-24,9747.7900390625,3412.050048828125,4382.39990234375,3737.090087890625,7850.2001953125,11848.5595703125,1947.1400146484373,9852.830078125,192330000.0,0.0,1838710300.0,89160200.0,101188500.0,130638800.0,1791020000.0,68600000.0,1035.280029296875,1052.0799560546875,1302800000.0,32.4500732421875,5.83,0.99,4.18,5.56,0.93,354000.0,1.3,1.84,-0.72031,4.651,3.16,6.57,4571.2291,32.58,5.17,12.226,5.07,5.17,4.0,3337000.0,879.583,1.622742280581072,2,0.0,0.38060557789758587,1.570267592452823,1.0025582746562733,1.7022551982882606,1.0829128725965198,-1.2374736954523513,1.9653243114962748,0.6743756606903739,-6.1392806598018606,0.0,10.73306783321466,-8.622619233071237,-13.20825438704083,-45.32216439830808,-3.7655150180001096,-9.617918313570485,-1.4347547616836653,0.8096692441133646,-5.202648621116202,14.38166664515268,-3.316749585406309,0.0,-4.128440366972486,-2.4561403508772006,0.0,-4.324324324324325,-4.4117647058823595,-6.598984771573601,-0.17876940133038088,-4.614438063986881,-5.952380952380942,-2.0864381520119157,-1.2311735006688584,3.2319391634980876,-2.4528301886792447,29.801465123686178,-2.8735632183907955,-4.081632653061218,0.0,0.18012608826178944,-0.47536491374252643
2004-06-07,10391.080078125,3722.22998046875,4491.60009765625,4017.81005859375,8412.7998046875,12326.849609375,2020.6199951171875,11439.919921875,172490000.0,0.0,1202833100.0,78392500.0,118435200.0,346232600.0,1485300000.0,80000000.0,1122.5,1140.4200439453125,1211800000.0,38.5198974609375,6.28,1.01,4.74,6.04,1.16,355000.0,1.92,2.65,-0.68698,4.092,3.91,6.8,4916.5378,40.01,5.5,15.312,5.47,5.63,4.0,2923000.0,864.7102,1.596440440562361,2,0.0,1.9888194860659514,1.4333897241957327,1.3744983785673348,2.4583032288129303,-0.0534613249428717,1.0543272843370977,1.7053064341255642,1.8115263431572437,8.103534720481331,0.0,-33.44836063002329,513.6543323913673,13987.688830736291,49.64700980523516,20.443727243977005,5.124835742444156,0.10880160809516592,1.761429604195186,3.342998464949676,0.0,-0.6329113924050667,2.020202020202011,1.2820512820512997,0.6666666666666599,9.433962264150942,5.341246290801194,5.494505494505497,4.330708661417315,-0.5198604051725342,-21.488871834228707,2.088772845953013,1.1904761904761862,0.06321447262176427,-1.5744157441574425,0.5484460694698434,-2.632582983594056,1.109057301293892,-1.0544815465729385,0.0,0.24005486968450285,-0.03156130662422818
2005-10-24,10385.0,4421.97021484375,5207.60009765625,4901.7900390625,10360.7998046875,14402.349609375,2115.830078125,13106.1796875,263690000.0,77048400.0,1194962600.0,86105100.0,123778100.0,290231200.0,1551470000.0,115700000.0,1179.5899658203125,1199.3800048828125,2197790000.0,28.8399658203125,6.1,3.76,4.46,5.35,3.77,324000.0,4.19,4.26,-0.58034,4.555,4.32,6.31,5525.4716,62.28,4.64,11.06,4.75,5.65,6.75,2772000.0,1014.596,1.677704934420799,2,0.0,0.356590987890848,-1.4978080036093466,-1.4924790001655142,-1.5473522464842349,-1.8250097485981387,-0.955894767225629,2.19919954707275,-2.194805863941407,8.568017127799731,0.17421965197674805,-5.917213059382975,1.646553016575325,-24.589142205079494,-6.450905865303791,22.546069208470577,-3.0988274706867713,-0.5882485470476984,0.7797688838961703,6.970801676263161,-8.473637314531434,1.1608623548921893,2.1739130434782483,0.22471910112358273,0.0,3.005464480874309,-6.896551724137934,1.2077294685990614,0.4716981132075304,1.364120657432788,-4.8464591602256135,0.23201856148493682,0.31796502384737746,-0.322739149175566,-0.9384444090981381,0.21598272138227959,30.056444026340557,0.6355932203389925,0.5338078291815096,0.0,-1.7369727047146455,0.1768158378333773
2006-07-24,11051.0498046875,4914.93017578125,5833.89990234375,5578.0498046875,11625.2001953125,16480.58984375,2061.840087890625,14794.5,269370000.0,87998600.0,1298199500.0,94650500.0,164267900.0,251868300.0,1975870000.0,98400000.0,1240.25,1260.9100341796875,2312720000.0,38.02001953125,6.8,5.25,5.07,5.82,4.97,306000.0,5.22,5.11,-0.55351,4.915,5.03,6.75,5864.7985,73.98,5.11,10.33,5.23,6.41,8.25,2422000.0,1128.9697,1.6657959427282807,2,0.0,2.825712018494375,3.4704698646116583,2.331168257213645,2.973805324603518,1.2595211997413536,2.588074582611366,1.1836816409654727,-0.34179463298619206,7.045779685264675,-23.480143650924777,-5.018454536548489,-16.5114219533666,29.766698186466066,8.699562600745336,31.297512093987567,-13.835376532399302,0.3276208532677627,2.140158620508248,7.7482866740278045,-18.985774520029864,0.8902077151335286,0.190839694656475,-0.5882352941176339,-0.5128205128204999,0.8113590263691739,-3.7735849056603765,-0.3816793893129833,-0.583657587548625,1.913021063485032,-5.225607404550714,-0.5928853754940566,-0.14792899408283544,0.015713153333307694,-1.6354208216992294,-0.583657587548625,54.68703204552261,-0.3809523809523707,0.6279434850863463,0.0,-2.141414141414144,0.4198891509008096
2007-08-06,13468.7802734375,5532.990234375,6189.10009765625,7444.4501953125,13565.2001953125,21936.73046875,2547.330078125,16914.4609375,311810000.0,160663200.0,1727996600.0,172699700.0,227232700.0,2154530000.0,2815560000.0,130700000.0,1433.0400390625,1467.6700439453125,5067200000.0,61.1400146484375,6.68,5.27,4.77,5.63,4.77,314000.0,4.83,4.55,-0.16438,4.874,4.6,6.62,6367.1723,76.75,4.91,12.245,5.0,6.32,8.25,2531000.0,1282.3092,2.41654133442549,2,0.0,0.8269811576347097,-2.0078356968265876,-0.27392403816399735,-0.15905807548307616,-2.1601621079499256,-3.531985224553247,-1.3916397279492787,-2.168045130873708,5.537315958707056,-0.115698358649996,-12.037288118510038,-3.3932683954472243,15.246862612237933,29.610446173762806,22.85847685789215,-15.184944841012326,-1.774589164338869,-0.4233630336771488,22.728747959445638,-38.161203936573315,-0.1494768310911887,0.1901140684410496,-2.254098360655743,-0.17730496453900457,-1.0373443983402675,2.9508196721311553,-1.6293279022403295,-2.9850746268656803,-45.77065188704144,-3.523357086302459,-2.9535864978903037,0.1512859304084735,0.42977005470032914,2.129075182967388,-1.9960079840319334,97.02333065164923,-1.7681728880157177,-0.7849293563579218,0.0,-0.23649980291683415,-0.1713105008082194
2008-01-28,12383.8896484375,4848.2998046875,5788.89990234375,6818.85009765625,12986.900390625,24053.609375,2349.909912109375,13087.91015625,278990000.0,166274300.0,1232833300.0,182821600.0,202346000.0,3088035600.0,2033860000.0,152900000.0,1330.699951171875,1353.9599609375,4100930000.0,116.5799560546875,5.48,4.0,3.58,5.3,2.26,366000.0,2.31,2.16,0.46061,5.335,2.74,6.54,6725.3685,89.41,4.28,6.481,4.28,4.95,7.04,2845000.0,1440.7549,1.7479530036159674,2,0.0,2.352118290677807,2.188864991724504,3.7771987317397837,0.42208180474057055,7.045777802462627,0.9855635666852658,0.4226413661241324,-1.7862174507940698,-42.273949927581214,-54.47160415333529,-41.44446912162617,-55.377477075080485,18.449720948365787,-5.045926738611173,-32.00885216089004,0.1965923984272644,-0.23990352977114604,2.17101100999304,-31.7062569527248,0.0,-3.690685413005268,-5.660377358490576,-3.7634408602150615,0.1890359168241984,-24.916943521594682,14.018691588785037,-18.37455830388692,-12.903225806451601,-0.21014775336886116,3.1715335525043464,-7.744107744107742,0.30674846625766694,0.4300620148905754,-2.2948311659927945,-0.46511627906975495,-44.25425769826251,-0.92592592592593,-4.990403071017269,-2.89655172413793,2.707581227436817,-0.04535147077657786
2008-10-13,9387.6103515625,3531.5,4256.89990234375,5062.4501953125,9065.2001953125,16312.16015625,1844.25,8276.4296875,399290000.0,301050400.0,2075277200.0,320643300.0,390417300.0,4305063600.0,2665690000.0,247300000.0,912.75,1003.3499755859376,7263370000.0,314.0199584960937,5.94,1.59,3.69,6.12,0.57,461000.0,1.24,1.56,2.48407,7.91,2.63,8.25,7154.5913,86.24,4.08,119.718,4.28,5.63,4.93,3696000.0,1575.8849,9.926044983394972,2,0.0,-5.70428053274572,-4.862094661565464,-7.240919524673783,-6.024855800031103,-11.38958545923846,-2.925533429611704,-1.0043136368902195,-20.97432743366463,2.000204363153313,8.423256748667995,16.104451180151802,5.305276737146425,-2.004230900331372,92.67269192937569,-23.88635876936255,33.67567567567566,-16.838263851414027,-5.065809906464991,-8.705986158908596,51.11640265100468,-2.6229508196721207,20.45454545454546,-0.2702702702702786,2.684563758389258,-25.00000000000001,-4.356846473029041,-22.012578616352208,-10.857142857142854,10.478727662488986,-8.33236759763587,-5.054151624548742,4.961832061068705,-1.4259933796367807,-10.715394968423242,-2.6252983293556187,-28.336176708269733,-0.46511627906975495,-2.595155709342567,-1.4000000000000012,0.5440696409140466,1.1525558066225017
2008-10-20,9265.4296875,3448.510009765625,4282.7001953125,4835.009765625,10251.400390625,15323.009765625,1770.030029296875,9005.58984375,241400000.0,220540400.0,1455710000.0,192822800.0,278144100.0,3013349000.0,2021750000.0,165600000.0,943.510009765625,985.4000244140624,5175640000.0,204.51007080078125,6.46,0.96,4.02,6.47,0.45,478000.0,1.25,1.68,2.618,7.338,2.9,9.09,7166.0488,75.19,4.27,281.034,4.6,6.14,4.5,3729000.0,1593.2975,4.439806066163854,2,0.0,-1.3015097504783357,-2.34999264432606,0.6060817393085838,-4.492694661926655,13.085206832231556,-6.063883514814606,-4.024398574115495,8.810080962220468,-39.54268827168224,-26.743030402882706,-29.85467194454794,-39.86376761965711,-28.75722976415236,-30.00454162860683,-24.156597353780818,-33.03679741205015,3.370036676595456,-1.7890020041504306,-28.74326930887453,-34.87354377721017,8.754208754208737,-39.62264150943396,8.943089430894302,5.718954248366015,-21.052631578947356,3.6876355748373113,0.8064516129032251,7.692307692307687,5.391554988385994,-7.231352718078387,10.2661596958175,10.18181818181818,0.16014192173352537,-12.813079777365488,4.656862745098023,134.74665463840023,7.47663551401867,9.058614564831258,-8.722109533468558,0.8928571428571397,1.1049411032493461
2008-11-24,8443.3896484375,3172.110107421875,4153.0,4554.330078125,8440.900390625,12457.9404296875,1472.02001953125,7910.7900390625,491890000.0,219127700.0,1635116900.0,211675900.0,382061300.0,1769147200.0,2553620000.0,185200000.0,801.2000122070312,851.8099975585938,7879440000.0,175.8599853515625,6.04,0.36,3.38,5.99,0.07,532000.0,0.96,1.11,2.83794,60.465,2.12,9.14,7033.7502,52.26,3.93,633.849,4.14,5.73,4.0,4095000.0,1569.4519,6.316772913189223,2,0.0,2.052431579909042,-0.311748216819685,0.5033590751748918,-0.06451102071306503,-4.031602630606557,-7.92037729390983,-0.6767672458029228,-7.178460436327116,76.79893609373877,44.40674190772054,50.02546580494285,54.411364569754554,58.083908398866946,10.252889986991365,39.42474638828526,26.84931506849315,-8.248682463129942,0.12459565778357717,59.90778266419616,31.96756150690778,-1.6286644951139961,28.57142857142856,-10.582010582010582,-5.965463108320246,-66.66666666666666,-0.7462686567164201,-14.285714285714302,-9.756097560975597,2.9791279609846733,-2.1221833721833727,-12.03319502074689,-1.295896328293733,-1.0584171344661608,-10.81911262798635,-7.311320754716977,7.043592657829811,-7.795100222717166,-1.376936316695343,0.0,2.3238380809595283,-0.7130721651780192
2008-12-08,8934.1796875,3247.47998046875,4300.10009765625,4715.8798828125,8567.099609375,15044.8701171875,1571.739990234375,8329.0498046875,358970000.0,191470600.0,1243254600.0,186376800.0,292669900.0,3219421000.0,2290810000.0,138900000.0,882.7100219726562,909.7000122070312,6553600000.0,102.8800048828125,5.53,0.49,2.66,5.31,0.04,570000.0,0.69,0.88,2.87047,61.049,1.63,8.78,7126.4721,45.6,3.15,633.911,3.44,5.33,4.0,4417000.0,1572.3015,3.057628163556873,2,0.0,9.63408010959812,5.422945904799548,5.770510334675927,7.306147526867868,1.9140564146000294,6.634353240972879,12.422128406828993,-0.8118153876498169,11.825176785769909,39.499705657782,19.344910458770403,24.96868688765097,-0.166429138163815,57.68770807990189,20.285958823189667,29.934518241347053,-0.6639542067009341,11.45415857654184,8.287990271000867,-29.851340705329488,-7.37018425460636,-12.50000000000001,-14.193548387096778,-7.65217391304348,-42.85714285714286,7.750472589792068,-25.806451612903235,-22.807017543859644,-0.36169378212982384,-5.395856255133202,-20.873786407766993,-3.516483516483515,0.27216616262581983,-14.398348038295483,-12.5,9.724248828607074,-10.416666666666663,-7.14285714285714,0.0,-0.6746120980436254,-0.2585421978027913
2009-03-23,7775.85986328125,2869.570068359375,3952.800048828125,4176.3701171875,8958.5,13447.419921875,1555.77001953125,8215.5302734375,515600000.0,154316600.0,1437096700.0,136655700.0,287218400.0,2679863800.0,2172590000.0,178400000.0,772.3099975585938,822.9199829101562,7715770000.0,80.90997314453125,4.98,0.17,2.75,5.62,0.22,661000.0,0.64,0.93,1.82384,72.723,1.75,8.5,7261.9604,49.49,3.69,777.925,3.78,4.61,3.25,5829000.0,1509.2917,6.5530661925327225,2,0.0,7.7441035753200715,2.790818319668853,2.29813790963056,3.259457858045023,6.817935437910272,3.6273443912550274,10.80825044436786,6.637726129110999,-12.159054125423784,-10.632282424888228,21.97577097801775,-0.5102776277222887,22.28584955546491,-3.5775691317402436,3.4832766520914937,18.538205980066436,1.775073826685536,9.156503856057775,-2.1281048868909136,-24.902603821748414,-0.994035785288272,-15.000000000000002,-5.82191780821918,2.3679417122040025,0.0,1.5360983102918668,-8.571428571428562,-6.999999999999995,-3.312269392255829,48.72995746073299,-9.32642487046632,1.1904761904761862,-0.38438776983571454,8.388085851949212,1.0958904109588996,23.749854842378703,-2.0725388601036343,-0.6465517241379226,0.0,2.281101947710118,-0.6621375864274692
2009-05-04,8426.740234375,3237.969970703125,4243.2001953125,4902.4501953125,9870.400390625,16381.0498046875,1763.56005859375,8977.3701171875,354490000.0,144425500.0,600337900.0,122411700.0,244645600.0,3324975600.0,2524800000.0,154800000.0,879.2100219726562,907.239990234375,7038840000.0,60.72998046875,4.78,0.17,3.1,5.46,0.13,602000.0,0.5,0.92,1.10934,84.774,1.98,8.26,7365.6691,50.2,3.99,827.227,4.05,4.48,3.25,6416000.0,1488.5345,3.1880856179083104,2,1.0,5.006108839563872,4.368834818158929,1.8286583948284196,4.439226063886492,5.0623812728846085,10.381309227925485,5.010689629180742,2.8766960481981796,25.265910456199858,20.251667947514918,-38.44825155574193,-8.18782794963414,24.589836668011134,42.60114634150107,14.570948858737577,1.641497045305318,1.8995867630916763,5.7993469350103855,25.392182361680682,24.44671241803089,-0.4166666666666541,21.42857142857142,4.729729729729737,2.4390243902439046,0.0,-2.9032258064516148,-3.8461538461538547,-5.154639175257724,-9.303922690779466,28.99269628727936,4.761904761904767,0.0,0.34032373264245575,5.020920502092063,5.277044854881274,-10.553325108371626,3.8461538461538547,0.0,0.0,1.8412698412698436,0.30820894999381565
2009-05-18,8504.080078125,3245.389892578125,4446.5,4851.9599609375,9762.900390625,17022.91015625,1732.3599853515625,9038.6904296875,288280000.0,136721500.0,959145100.0,119160500.0,164836300.0,2397278400.0,2023250000.0,147700000.0,886.0700073242188,909.7100219726562,5702150000.0,51.22998046875,4.86,0.17,3.14,5.44,0.18,620000.0,0.52,0.89,0.90065,76.059,2.01,8.0,7454.8789,57.94,4.12,858.146,4.09,4.52,3.25,6539000.0,1473.5003,2.66796240173238,2,0.0,1.0133374783373172,-0.10096529889936923,0.24799909818509214,-0.3071804252088195,-3.281117004654832,-0.38061362231013307,0.0646932327987626,-4.37252320218936,-13.333132910441027,-16.50605617580925,-18.32290951266421,-1.0744288101668054,-44.10917333360459,-35.59828398089525,-20.452534942695944,-36.005199306759096,-4.0000415281623125,0.051695013783992216,-7.2911585861542,-20.04062023981564,0.4132231404958775,-19.047619047619037,-2.786377708978327,-1.0909090909090868,-5.263157894736848,-0.8000000000000007,-1.8867924528301883,-9.183673469387754,-9.78976151604083,-12.659187212199852,-3.8277511961722577,-1.7199017199017286,0.49814998840984615,3.5382416011436657,-0.7228915662650715,10.438241679611139,-1.918465227817745,0.22172949002217113,0.0,0.3529772866789349,-0.5819614355246694
2009-06-01,8721.4404296875,3379.489990234375,4506.2001953125,5142.56005859375,10604.099609375,18888.58984375,1828.6800537109373,9677.75,354830000.0,128426800.0,945032300.0,87549200.0,263260800.0,4124671200.0,2600340000.0,177600000.0,923.260009765625,942.8699951171876,6370440000.0,45.65997314453125,4.91,0.17,3.59,5.69,0.16,607000.0,0.49,0.95,0.76392,26.692,2.38,8.03,7459.7137,64.32,4.48,867.413,4.47,4.53,3.25,6635000.0,1466.9031,2.1239937985119406,2,0.0,5.365505990106634,4.429017169042648,3.2277368549509466,4.556513828173681,5.309097863597989,10.318818320737467,8.077377979829059,3.538568524660324,45.30898071174085,118.25554362160618,-5.09735323054138,63.56968169478796,291.80670174054757,111.50060178640726,60.56238885595733,37.46130030959753,3.8911663787686512,6.298759314226343,23.57021484602313,0.0,1.8672199170124415,6.25,9.118541033434635,2.1543985637342944,-11.111111111111105,0.16501650165017256,4.255319148936176,5.555555555555558,-6.538122736615437,-46.442473614511016,11.737089201877925,-0.12437810945273853,0.2614235510031815,6.6312997347480085,5.660377358490565,-7.1426506875344575,5.924170616113744,0.6666666666666821,0.0,1.7325973627721591,-0.05208945131718323
2009-07-13,8331.6796875,3052.080078125,4202.10009765625,4722.33984375,9891.900390625,17254.630859375,1793.2099609375,9050.330078125,253520000.0,97934600.0,833668500.0,92348600.0,171589300.0,2006182600.0,1899410000.0,168800000.0,879.5700073242188,901.0499877929688,4499440000.0,35.64996337890625,5.2,0.17,3.42,5.34,0.19,546000.0,0.46,0.94,0.56741,34.2,2.31,7.1,7481.3295,61.48,4.27,751.528,4.22,4.69,3.25,6136000.0,1401.1127,2.442100150060284,2,1.0,0.081797916563775,-0.9759335933932411,0.1716416477179239,1.5159662711806243,-1.3512973923598848,-4.03116281666811,0.3250495940516851,-6.5132579141107705,22.532624456259054,-13.877073277116715,-4.688242060997716,16.47015052434433,1.2277282160980896,12.698846767674432,-3.609181286252938,53.73406193078325,-1.643800181821653,0.259259520851729,-4.522787942061457,0.0,-2.2556390977443663,-10.526315789473683,-3.116147308781869,-1.1111111111111183,5.555555555555558,-4.712041884816753,-13.207547169811317,-11.32075471698114,-10.666603690408715,-52.49340186136963,-7.599999999999996,-1.1142061281337101,-0.2938861866921938,-11.30986728216964,-1.1574074074074292,3.4206676749175324,-1.8604651162790753,-1.6771488469601525,0.0,-0.14646053702196404,-1.1240326406997458
2009-09-28,9789.3603515625,3825.0,5165.7001953125,5736.31005859375,11338.7001953125,20588.41015625,2130.739990234375,10009.51953125,163780000.0,129654700.0,925739600.0,120293200.0,166605600.0,1258607200.0,1890030000.0,159300000.0,1045.3800048828125,1062.97998046875,3726950000.0,38.97998046875,5.04,0.16,3.43,5.14,0.11,554000.0,0.41,0.98,0.03611,53.301,2.41,6.27,7563.2889,68.33,4.18,889.393,4.15,4.46,3.25,5912000.0,1334.9472,1.6835959654604704,2,0.0,0.10737447537352285,0.3368192359884503,0.6096193043799047,1.193585023164423,-0.7518811774551049,-4.11887322462714,-0.34143648831412854,-3.4812122266791423,-5.236359428339988,12.105386483684576,-3.3025816594455693,12.024138236102111,-4.082902747592798,-17.47501479553185,-21.538404058351258,-8.710601719197708,-2.039096038657462,-0.15780189515913756,-19.247586278622318,-1.986519171506096,0.0,0.0,-0.8670520231213841,-0.1941747572815622,0.0,3.3582089552238736,2.499999999999991,0.0,-42.88199936728883,110.29353744180543,-0.8230452674897082,-1.4150943396226578,0.029068556376321553,-4.192372406057199,-1.4150943396226578,2.5004120101832727,-0.9546539379474916,-0.22371364653243075,0.0,-0.504880511612249,-0.4568280219668708
2009-11-09,10226.9404296875,3785.489990234375,5235.2001953125,5619.72021484375,11486.900390625,22207.55078125,2154.06005859375,9808.990234375,227470000.0,144337600.0,866590200.0,93765700.0,195835900.0,1662950300.0,2004700000.0,117600000.0,1072.31005859375,1093.0799560546875,4460030000.0,63.8099365234375,4.98,0.12,3.53,5.27,0.05,512000.0,0.36,0.9,-0.03241,49.511,2.35,6.39,7652.4866,79.0,4.36,1084.635,4.32,4.4,3.25,5568000.0,1297.5516,1.9369302091762135,2,1.0,4.469101202896497,4.012409282262275,2.56048967210305,3.4783034005767988,5.593653277594046,2.7167260925185843,5.117124239726278,0.06161450320729678,-6.182463086694712,-4.885866413622231,-16.64796370480811,-28.5825923034446,3.4244759484472365,-3.461874718446245,-16.75940074408716,-8.482490272373544,3.4868462052920046,4.81358842214219,-28.094650019991484,-3.9729369275366633,-0.994035785288272,9.090909090909083,1.1461318051575908,0.9578544061302541,-28.57142857142857,-1.9157088122605415,-7.692307692307699,-8.163265306122447,61.48480318883907,14.500127194098212,-2.4896265560165998,0.7886435331230235,0.9447974708103102,0.675417356951713,1.3953488372093092,-0.06845541368997177,1.1709601873536535,-1.3452914798206206,0.0,-1.4338821030270843,-0.4586086531054856
2010-05-10,10785.1396484375,3720.2900390625,5387.39990234375,6017.91015625,11947.900390625,20426.640625,2374.669921875,10530.7001953125,313350000.0,413011200.0,2324686400.0,280850400.0,205450400.0,1820977600.0,2871800000.0,181000000.0,1122.27001953125,1159.72998046875,6893700000.0,142.199951171875,5.0,0.2,3.56,5.0,0.14,451000.0,0.39,0.88,-0.315,76.667,2.29,5.98,7695.3524,80.24,4.36,1021.581,4.2,4.36,3.25,4707000.0,1196.5178,3.33787415555717,2,0.0,-3.2881637105176664,-2.8254160414024954,-2.9874112361755634,-2.41627534511093,-2.038286470503836,-1.8485998106502866,-4.965305267625608,-4.763327515561999,75.96024258760107,309.4116527490305,61.534687878441716,148.60133732015487,14.48925742339766,38.75023134847455,19.73965651671761,15.507338864071475,-5.578920979245128,-3.537506774858634,39.603689715575996,272.4456551278731,-1.1857707509881354,0.0,-5.319148936170204,-3.8461538461538547,-12.49999999999999,0.0,-9.302325581395344,-14.563106796116509,-21.637892432459328,34.122319023127254,-8.399999999999997,-2.6058631921824005,-0.12235910853209964,-4.725718356684883,-5.217391304347807,-2.990578060041371,-5.191873589164775,-0.6833712984054552,0.0,0.2555910543130979,-0.6864938795071551
2010-08-02,10674.3798828125,3752.030029296875,5397.10009765625,6292.1298828125,11713.400390625,21412.7890625,2295.360107421875,9570.3095703125,167640000.0,128950400.0,955430600.0,104821000.0,153668100.0,1646320600.0,1953200000.0,135600000.0,1107.530029296875,1125.8599853515625,4144180000.0,39.4200439453125,4.54,0.19,3.02,4.76,0.15,476000.0,0.3,0.6,-0.30366,41.603,1.73,5.94,7742.232,78.12,4.05,1045.219,3.83,4.0,3.25,4467000.0,1189.9833,1.655030163500346,2,0.0,1.4151459820152867,3.186038640391997,0.859636320766044,1.5808298797185039,-0.278383632332746,2.7489509405499657,-0.046586408059301476,0.7013025820232999,-6.2520970808634395,7.3164723408150945,23.70337982699948,43.15877743952821,14.174466864699319,44.45810942738164,-9.752897037351914,50.0,0.42071417700852987,0.9730832450749238,3.3551556869053423,-32.18640868036816,-0.43859649122806044,0.0,1.683501683501687,1.492537313432818,-6.25,2.3655913978494647,11.111111111111093,0.0,10.667298370931878,-18.91359853431306,1.1695906432748648,-0.3355704697986517,0.1802893565695074,0.7220216606498298,2.015113350125941,0.8708785508519279,1.8617021276595924,-0.7444168734491385,0.0,-1.368955619342016,0.2052889935829194
2011-08-15,11482.900390625,3239.06005859375,5350.60009765625,6022.240234375,12683.599609375,20260.099609375,2555.199951171875,9086.41015625,188120000.0,130932600.0,695636400.0,143251900.0,185099100.0,1827188800.0,1945850000.0,107800000.0,1178.8599853515625,1204.489990234375,4272850000.0,116.5699462890625,4.32,0.09,2.27,4.32,0.03,409000.0,0.11,0.21,-0.23187,23.425,0.99,5.31,8350.855,82.86,3.66,1649.269,3.23,3.5,3.25,3717000.0,1257.2018,2.1741347743828165,2,0.0,6.226273311575836,3.643622286082926,5.555338284794842,1.6708712335822495,8.676202633664643,-1.1247647069364652,8.377268202103782,-0.12255390004681788,-60.806700279178294,-59.65557085940893,-55.871543430634155,-54.49481978440519,-52.694497226442664,-31.78093691124202,-51.2072497674267,-26.66666666666667,-1.6370732458554471,7.595629344855359,63.38833336519893,-38.02766538063423,-1.5945330296127436,-25.0,-13.358778625954205,-2.483069977426622,-25.0,0.9876543209876631,-31.25,-34.375,-26.827190103509214,-58.839240217181214,-19.512195121951216,-1.3011152416356975,-0.004049720703380721,-8.794716565767747,-5.670103092783496,1.5057825471764819,-8.757062146892657,-1.1299435028248594,0.0,0.21569156106766574,0.21420236958582528
2011-08-29,11539.25,3154.199951171875,5129.89990234375,5670.06982421875,12504.900390625,19865.109375,2562.110107421875,8851.349609375,177540000.0,88143400.0,1037445400.0,99261800.0,172833600.0,1898744000.0,1615510000.0,143700000.0,1177.9100341796875,1210.0799560546875,4228070000.0,89.1900634765625,4.22,0.09,2.19,4.37,0.01,409000.0,0.1,0.22,-0.0985,20.782,0.97,5.4,8349.2114,85.06,3.53,1605.613,3.12,3.44,3.25,3723000.0,1267.7208,2.7311017770048602,2,0.0,6.306970604656947,3.370295216872665,0.6790591129577805,3.5860054069912994,3.6168836454836484,1.9410005355168458,9.240730092281657,2.587115975237708,-21.691954834156668,-37.28367830486044,21.01875743648367,-45.74787704022487,-9.11741135937707,-25.647201306780754,-17.459368597456614,-1.7099863201094356,4.8382344345283546,7.675607649647254,-22.224654449934334,2.0714791629704132,1.6867469879517927,-10.000000000000009,0.9216589861751112,1.3921113689095321,-50.0,-1.4457831325301207,-9.090909090909083,9.999999999999986,-38.32571535908834,3.023993654570689,4.3010752688172005,2.07939508506616,-0.009425151506614604,-0.35145267104029765,-1.1204481792717047,-0.957782794823403,-0.31948881789136685,2.3809523809523725,0.0,0.2153432032301561,0.4115085526200213
2011-09-26,11043.8603515625,2859.340087890625,5089.39990234375,5345.56005859375,11707.2001953125,17407.80078125,2516.68994140625,8374.1298828125,225620000.0,202905000.0,1039397000.0,211131700.0,261487400.0,3000657200.0,1982710000.0,159000000.0,1136.9100341796875,1162.949951171875,4762830000.0,106.1700439453125,4.09,0.09,1.87,3.98,0.01,406000.0,0.1,0.2,0.01724,64.915,0.85,5.18,8384.256,83.65,3.02,1567.602,2.68,3.29,3.25,3707000.0,1269.4088,2.290411396621724,2,0.0,-3.132612123001033,-2.743534425488947,-3.2359911809330066,-1.2989524498493665,-3.818598461119782,-7.982622323582822,-3.6795403391766457,-5.5282199869999715,43.17806828277699,15.03842268009674,44.081995839436686,30.906460885243714,65.03250318720572,90.37465901849603,4.807138288481161,10.95603628750872,-6.426386775386161,-3.4166894348637733,11.956212581008362,26.407789002786153,0.0,0.0,-7.881773399014769,-3.864734299516903,0.0,-3.791469194312791,0.0,0.0,1290.3225806451612,371.56036611942477,-6.593406593406604,-2.814258911819889,0.047399349411048064,-5.9372540200157475,-9.036144578313243,-3.106449260133748,-8.21917808219177,-0.3030303030302939,0.0,-1.0675206832132411,0.027319388074054096
2011-10-10,11433.1796875,3161.469970703125,5399.0,5847.2900390625,11588.400390625,17711.060546875,2566.050048828125,8605.6201171875,144270000.0,138238600.0,611583700.0,147424500.0,198453900.0,1782360800.0,1574750000.0,122400000.0,1158.1500244140625,1194.8900146484375,4446800000.0,120.1400146484375,3.94,0.07,1.93,3.91,0.01,410000.0,0.11,0.27,0.00749,43.655,0.96,5.26,8395.4639,79.43,2.88,1604.285,2.63,3.26,3.25,3731000.0,1272.0779,3.1722997418199506,2,0.0,7.300403527550614,8.016860778212354,6.373756280169451,6.275331938189965,2.9915266160109866,5.284164839861316,9.856023897420041,0.7037597085082004,-40.59785070202165,-14.370470397304224,-21.081086312442576,-17.99330593926839,-13.816829728939828,-44.7680934024805,-38.18910463988947,-14.82254697286013,2.381526366178366,8.702458619159458,-21.577894799959086,23.932419295532736,-1.74563591022443,-12.49999999999999,-2.0304568527918843,-3.6945812807881673,-50.0,1.2345679012345734,0.0,3.8461538461538547,-61.97969543147208,-21.65009512186368,0.0,-0.941619585687381,0.07536408820856266,-2.1557033752155674,-4.635761589403975,1.743022740345812,-4.014598540145997,-0.6097560975609762,0.0,0.9196645929131719,0.17735503562772426
2011-11-28,11523.009765625,3012.929931640625,5312.7998046875,5745.330078125,11640.2001953125,18037.810546875,2527.340087890625,8287.490234375,204950000.0,162111800.0,897909200.0,172618500.0,186585700.0,1142332600.0,1626060000.0,102300000.0,1158.6700439453125,1192.550048828125,3920750000.0,102.4599609375,3.98,0.08,1.94,3.81,0.02,397000.0,0.12,0.27,-0.00609,44.347,0.91,5.11,8393.709,96.89,2.9,1505.201,2.6,3.3,3.25,3592000.0,1292.3917,2.924042531336176,2,0.0,-0.21043693805502528,4.075731884684974,1.7271034608169478,2.4853742084373964,-1.2261661103392107,-1.0317163069494262,0.1664670010907754,-0.7280466526324414,19.881843706130088,15.327888678627843,-5.7224094665112695,-5.558537309954192,-4.927390754932337,-16.436457126864102,-20.622693456739505,13.793103448275868,-4.68484817629089,-0.036038462309828656,-3.1930312315589626,22.238161050778203,-0.5000000000000004,0.0,-3.960396039603964,-2.0565552699228773,100.0,3.116883116883118,9.090909090909083,3.8461538461538547,-76.83529859262077,48.88538239441349,0.0,-0.9689922480620172,-0.10695733463553792,-2.446637132500995,-4.605263157894745,-4.957643921006028,-4.761904761904756,-0.30211480362538623,0.0,-3.9315324953196007,-0.0680135714757002
2012-05-21,12504.48046875,3027.14990234375,5304.5,6331.0400390625,11280.599609375,18922.3203125,2847.2099609375,8633.8896484375,142110000.0,156823200.0,914314900.0,126851500.0,213164400.0,1236217100.0,1870420000.0,110800000.0,1295.72998046875,1315.989990234375,3786750000.0,73.6800537109375,3.79,0.15,1.74,3.72,0.09,371000.0,0.2,0.3,-0.2647,99.876,0.74,4.98,8680.2014,93.11,2.87,1501.657,2.46,3.04,3.25,3301000.0,1376.0246,1.5635981316335394,2,0.0,-1.5034571437406608,-1.0085084643544295,-2.9457506175098347,-1.874313918917847,-1.8096391228184738,-4.118151210272025,-1.9076172128648983,-3.788235596262224,-0.7542426147077341,-6.695288571149782,3.4375599949000524,-1.4440968936416887,16.58285191122253,-28.546841342426866,11.10569897710667,-1.685891748003554,-4.157025216498655,-1.6707128747675437,2.674262225741031,34.20768842511579,-1.0443864229765065,-6.25,-7.4468085106382915,-3.875968992248058,-10.000000000000009,0.5420054200542035,11.111111111111116,11.111111111111093,-12.449560097903023,-11.795252225519281,-3.8961038961038974,-1.9685039370078705,0.06834924694434363,-3.9905135079397858,-5.592105263157887,0.3078055561307469,-6.4638783269961975,-0.3278688524590123,0.0,-0.9898020395920804,0.1254237700055283
2012-11-19,12795.9599609375,3439.580078125,5737.7001953125,7123.83984375,12040.400390625,21262.060546875,2916.070068359375,9153.2001953125,136910000.0,124613000.0,745281500.0,137507800.0,139715500.0,1100673100.0,1767240000.0,143100000.0,1359.8800048828125,1386.8900146484375,3374800000.0,48.0400390625,3.34,0.16,1.59,3.46,0.09,406000.0,0.17,0.25,-0.5249,38.664,0.63,4.46,9132.9596,85.87,2.73,1483.331,2.31,2.65,3.25,3325000.0,1458.4935,1.986205376109827,2,0.0,-0.14920013820387545,0.8186706309478708,-0.5132316747421761,-0.6266066006339943,-1.2393848941885777,-0.7850577371373069,0.4069921101618412,5.494877415324706,119.54778704297628,18.317559304524835,13.895121888227191,15.700948104968049,31.057943322086288,19.358510674752626,28.131434703169855,65.81691772885283,-1.4479715826863027,0.49708957094634076,31.440990208526443,-21.55446322142889,-1.764705882352946,0.0,-5.357142857142849,1.1695906432748648,-10.000000000000009,-8.968609865470857,-10.526315789473683,-10.71428571428572,0.08007931665652279,38.0758517248768,-7.352941176470596,0.0,0.5069742552441969,-0.12793672947196688,-3.5335689045936425,-1.7625807562527185,-4.545454545454541,-1.486988847583648,0.0,-1.1593341260404233,0.060853186370946055
2012-12-31,13104.1396484375,3620.25,5897.7998046875,7612.39013671875,12433.5,22656.919921875,3019.510009765625,10395.1796875,145740000.0,49791000.0,164636500.0,48123600.0,99702000.0,685413000.0,1557230000.0,202800000.0,1402.4300537109375,1426.18994140625,3204330000.0,36.1199951171875,3.35,0.17,1.76,3.65,0.06,362000.0,0.16,0.26,-0.5845,55.563,0.74,4.61,9307.4113,90.14,2.91,1503.482,2.5,2.65,3.25,3127000.0,1482.3564,1.6941941334216288,2,0.0,-0.2647859444411038,-1.1238844005378668,-0.9472370557745413,-0.31219389425115596,0.5068402714652365,0.5134613005156163,0.22936705455034456,4.578645771367262,205.47055124711798,-81.8452498151381,9.844590352498939,-76.88123744344446,75.35386650157588,22.337330490867878,153.52555231753578,-20.935672514619885,-1.9382561430561829,-0.03295058122994021,156.55985780169098,0.0,-0.5934718100890191,0.0,-2.2222222222222254,-2.144772117962468,0.0,0.0,6.666666666666665,-3.703703703703709,2.3266399397769755,1.0493580184046891,-2.631578947368418,-1.9148936170212738,0.7161546832219257,2.153218495013598,-2.020202020202022,-0.9054718498306191,-2.34375,0.0,0.0,-2.9183483390251452,0.4846438828343347
2015-10-05,16776.4296875,4616.89990234375,6298.89990234375,9814.7900390625,13552.2001953125,21854.5,4781.259765625,18005.490234375,127660000.0,142138000.0,863396300.0,121330200.0,304422500.0,1468789300.0,2005320000.0,120900000.0,1954.3299560546875,1987.050048828125,4334490000.0,117.260009765625,3.85,0.12,2.05,3.98,0.0,267000.0,0.31,0.63,-0.42251,145.165,1.36,5.33,10872.6032,45.0,2.85,2514.321,2.49,3.07,3.25,2207000.0,1921.1877,1.6742358511195998,2,0.0,4.840303589633432,5.963900099941299,5.705751154945093,3.492787418180443,4.210822342755827,3.1538260426742015,5.222075400188553,2.042383822712912,-8.768670049310368,5.748706766033451,-10.84256716679306,14.097555929621297,61.25337155666863,-15.047652726063065,-16.011408898438184,-7.568807339449545,1.30365759771216,5.594734117567679,0.18097100303697822,6.165624271253423,-0.2590673575129432,-14.285714285714302,-5.092592592592604,-1.2406947890818976,0.0,-1.8382352941176516,-8.823529411764708,-9.999999999999998,2.9206859592711742,-5.437359945802289,-7.482993197278908,0.0,0.10504646270976803,-1.2508229098090906,-3.716216216216217,-4.138375402470196,-4.230769230769226,-0.32467532467532756,0.0,-1.473214285714286,0.4311583442846212
2015-11-16,17483.009765625,4804.31005859375,6146.39990234375,10713.23046875,13317.5,22010.8203125,4984.6201171875,19393.689453125,137590000.0,108609700.0,602945000.0,65211900.0,181704800.0,1816444100.0,1819190000.0,111500000.0,2022.0799560546875,2053.18994140625,3741240000.0,82.5198974609375,3.98,0.12,2.32,4.11,0.14,272000.0,0.5,0.88,-0.48444,107.125,1.72,5.5,10967.3027,42.7,3.09,2655.976,2.76,3.2,3.25,2185000.0,1947.8439,1.5385141056569143,2,0.0,-1.3957360239682637,-2.175853513137105,-2.3637102610263083,-0.9451268760573894,-1.2245383988129355,-3.1502463109222223,-2.1721918580370536,-1.26790243254431,13.513736490388585,7.183304582614558,-8.462398449275344,-13.927704546084495,-2.248231288454783,17.573367650839657,-1.7063168302922538,-33.94549763033176,-3.552490768569705,-1.221513521944917,-3.634654268677473,71.06118193642423,2.84237726098191,19.999999999999996,2.6548672566371723,1.4814814814814836,133.33333333333334,-1.449275362318836,21.95121951219512,6.024096385542177,-0.3250895024896172,259.5401913072663,4.878048780487809,1.2891344383057168,-0.047485020067883354,-7.133536320139178,2.657807308970095,0.5074613084403712,3.3707865168539186,3.5598705501618255,0.0,-1.0864644635581677,0.8127775840662599
2016-02-15,15973.83984375,4115.25,5824.2998046875,9206.83984375,12381.2001953125,18918.140625,4337.509765625,16022.580078125,132550000.0,123815300.0,724655800.0,127182100.0,252630300.0,1729340100.0,1983190000.0,232200000.0,1833.4000244140625,1864.780029296875,4696920000.0,117.25,3.65,0.38,1.71,3.92,0.3,262000.0,0.51,0.68,-0.29425,317.303,1.15,5.29,10997.6759,28.14,2.55,2441.826,2.13,2.95,3.5,2206000.0,1980.2693,1.7115743681110323,2,0.0,-0.33200097077090707,1.203546721746429,2.3710743603763573,2.533359652371181,-1.230117830363231,-1.9184261564148875,1.254969725707622,-5.773367077860126,-20.092838196286465,-25.02581082316695,-27.231616201337005,-17.664222141083307,-8.453816032358386,36.72746877569806,-26.604788180913154,16.041979010494757,-2.127317527609107,0.6118400514246503,-16.66897307884736,-1.2548343918792448,-1.8817204301075363,11.764705882352944,-9.523809523809524,-2.7295285359801524,-6.25,-1.5037593984962405,-1.9230769230769273,-8.108108108108103,-0.152697658635903,-9.563698134287947,-10.852713178294582,-2.0370370370370483,0.12513552638726555,-9.980806142034549,-5.55555555555557,2.8149817408296807,-7.391304347826089,-1.9933554817275656,0.0,-0.31631269769543113,-0.3837470920285746
2016-09-12,18325.0703125,4439.7998046875,6700.89990234375,10431.76953125,14597.099609375,23290.599609375,5211.89013671875,16672.919921875,103260000.0,98367100.0,861327100.0,172217200.0,202210600.0,2533454700.0,2007610000.0,112800000.0,2120.860107421875,2159.0400390625,4010480000.0,30.849853515625,3.44,0.4,1.59,3.33,0.34,252000.0,0.57,0.76,-0.32576,236.154,1.17,4.25,11387.9649,45.96,2.3,2373.809,1.96,2.76,3.5,2110000.0,2065.5109,1.8002098067201924,2,0.0,-0.9025036639654593,-2.230312429974113,-2.594703063259729,-2.2530476458804016,-1.3422858216633804,-1.5177927699142058,-0.7240093398358183,-2.1406200222921057,38.8836583725622,29.914325599700998,54.731522398538004,196.08797163891188,16.190017605714722,32.26811955539366,36.183014516347846,-11.459968602825743,-2.600695436786127,-0.9605565919805992,29.741970547892027,0.0,-0.5780346820809301,2.564102564102577,0.6329113924050667,2.777777777777768,3.0303030303030276,-1.945525291828798,-6.557377049180335,-5.000000000000004,-2.3823079919690793,-13.873703021572236,-1.6806722689075682,1.4319809069212264,0.10897917456940132,1.884282864109954,2.678571428571419,1.5333453095861316,2.617801047120416,-0.3610108303249149,0.0,-1.814797580269889,0.5735461660573371
2018-03-05,24874.759765625,5167.22998046875,7116.0,12090.8701171875,15541.2998046875,29886.390625,7330.7099609375,21042.08984375,383910000.0,120940100.0,941867700.0,109920600.0,20663500.0,2279546200.0,2076870000.0,87200000.0,2681.06005859375,2720.93994140625,3733640000.0,141.829833984375,4.43,1.41,2.86,3.87,1.63,228000.0,2.06,2.24,-0.52389,202.62,2.63,4.56,12031.062,62.07,3.14,2232.947,3.02,3.9,4.5,1960000.0,2111.9977,1.48746696981557,2,0.0,-3.2459489547559506,-3.3125220876224937,-2.3814762858125227,-3.481827474925525,-1.1034279271628922,-5.118351305672508,-1.2228052226604724,-5.017421400043853,-18.89682271421328,78.16067740481361,60.79012302684343,40.37852955825447,-88.04503469881888,12.537321818078496,10.674318966619767,34.98452012383901,-2.7674942191505902,-2.110381140778561,8.643742779906827,-36.03488635838124,0.6818181818181612,-0.7042253521126751,-1.718213058419249,-1.0230179028132946,0.6172839506172645,5.555555555555558,1.980198019801982,-0.4444444444444362,-2.457688655532586,-5.616344554842856,-1.1278195488721887,-0.4366812227074357,0.6190081934026814,-0.640307347526814,-1.5673981191222541,0.43029081848358075,-1.6286644951139961,1.298701298701288,0.0,0.15329586101175963,0.04433787984499116
2018-03-26,24202.599609375,5066.27978515625,6888.7001953125,11787.259765625,15298.599609375,30548.76953125,7220.5400390625,20766.099609375,479540000.0,83600900.0,765318100.0,99857900.0,213984100.0,2317282800.0,2341370000.0,97500000.0,2619.35009765625,2658.550048828125,3538080000.0,175.960205078125,4.45,1.43,2.86,3.87,1.73,221000.0,2.06,2.31,-0.48675,316.454,2.65,4.68,11957.9229,64.11,3.09,2123.587,2.97,3.91,4.5,1917000.0,2112.7282,1.4965525687822507,2,0.0,-1.6590631727258942,-2.9976040483244093,-2.189434880083063,-3.517713665969957,-1.865375023819893,-3.0621234709912515,-1.6843157544536247,-3.3276108927071,26.865790100267194,8.68693040731159,5.095161534844683,2.618649528258743,21.586158148752975,60.82807536440256,-0.486227107161219,44.87369985141159,-4.451400038401621,-2.004109026900358,6.329753024829743,63.974009250559114,0.22522522522521182,0.7042253521126751,0.7042253521126751,0.2590673575129543,0.5813953488372103,-1.7777777777777781,0.0,1.3157894736842257,-2.306117533718688,26.617559386865874,0.7604562737642651,0.8620689655172376,-0.4162283719942095,4.618146214099217,0.32467532467532756,-3.6847301990313164,0.33783783783785104,0.2564102564102555,0.0,-2.143950995405819,-0.1768792761613791
2020-03-02,26703.3203125,5333.52001953125,6654.89990234375,11857.8701171875,16553.30078125,26291.6796875,8952.169921875,21344.080078125,637200000.0,201844000.0,1770844200.0,207214100.0,374721500.0,2201535600.0,4249020000.0,123700000.0,2974.280029296875,3090.22998046875,6381330000.0,504.919921875,3.45,1.58,1.29,2.7,1.43,213000.0,1.21,1.12,-0.31679,439.365,1.1,3.53,13348.9112,48.36,1.78,1626.469,1.6,2.95,4.75,1777000.0,2343.7541,3.8984207952768246,2,0.0,-4.497297765496199,-7.913680527746747,-7.012909624983776,-9.03220881255934,-5.747399217669013,-1.9730939287552207,-2.918362131749641,-8.734266237103006,40.79278801537849,15.162013264137087,63.74275829941838,25.47107489059872,20.830935072012323,7.672612081146135,33.25701956036995,99.19484702093398,-8.697482779768018,-4.205348496905947,31.54235275686641,650.0288311942643,-1.1461318051575908,0.0,-15.131578947368418,-2.5270758122743597,-7.741935483870977,-1.8433179723502335,-17.12328767123288,-19.424460431654666,-32.436870841153386,2.4626578514709507,-19.70802919708029,-1.3966480446927498,-0.1785976718837956,-8.995107263831393,-9.644670050761416,-1.6715252478964548,-12.08791208791209,-1.3377926421404673,0.0,-0.6707657909446607,-0.25023050402411817
2020-03-30,22327.48046875,4378.509765625,5563.7001953125,9815.9697265625,13038.5,23175.109375,7774.14990234375,19084.970703125,545540000.0,119404100.0,1136875400.0,131120200.0,388246500.0,2553435900.0,3870770000.0,121000000.0,2558.97998046875,2626.64990234375,5751120000.0,445.14990234375,3.5,0.15,0.81,3.27,-0.01,5946000.0,0.17,0.31,0.37547,390.252,0.48,4.94,14112.3635,19.44,1.38,2186.971,1.17,2.92,3.25,8004000.0,2712.6235,2.6444099755170547,2,1.0,20.092324164508547,11.859042847464618,11.409926192179576,12.296085616948748,16.119695417909785,6.8167846387501285,13.3147344336761,13.010540744433928,-30.766399736030557,-39.03138805546421,-30.236132696950037,-33.511925950491005,-17.960174667690808,0.0,-10.984244815921219,-28.94891368173811,11.711217225486603,17.397426342615276,-22.40149607765356,-14.306903680838289,-4.109589041095885,-79.72972972972974,-18.181818181818176,-10.164835164835162,-109.09090909090908,104.0494166094715,-26.086956521739125,-29.54545454545454,44.36156714983277,7.633158289572384,-22.580645161290324,3.347280334728042,2.6319299403852803,-19.636213311285655,-14.285714285714302,15.371641939071147,-17.021276595744684,-4.575163398692816,-14.92146596858639,147.18962322421248,7.190035546351492
2020-04-06,22679.990234375,4346.14013671875,5582.39990234375,10075.169921875,13592.7001953125,23749.119140625,7913.240234375,18576.30078125,610760000.0,141469800.0,1207951800.0,126692200.0,386784300.0,1834036600.0,3849130000.0,105700000.0,2578.280029296875,2663.679931640625,6403840000.0,229.360107421875,3.33,0.09,0.65,2.69,0.1,6137000.0,0.15,0.23,0.41891,429.267,0.38,4.58,14263.6522,21.69,1.29,2533.908,1.08,2.82,3.25,12396000.0,2806.6572,3.3122818845647064,2,0.0,1.5788156935950814,-0.7392841546313034,0.3361019892301975,2.6405969306434462,4.250490434578369,2.476837353113903,1.7891387968904215,-2.665290556572397,11.955127030098623,18.47985119438946,6.25190764089012,-3.3770540313391884,-0.3766164022083962,-28.173775578231663,-0.5590618920783164,-12.644628099173548,0.7542086681189941,1.409781686696543,11.349441500090407,-48.47575924103867,-4.857142857142859,-40.0,-19.753086419753085,-17.737003058103973,-1100.0,3.2122435250588666,-11.764705882352954,-25.806451612903224,11.569499560550778,9.99738630423419,-20.833333333333325,-7.287449392712553,1.0720295009407854,11.574074074074069,-6.521739130434778,15.863813466205091,-7.692307692307676,-3.424657534246578,0.0,54.87256371814093,3.4665223537287737
2020-06-15,25763.16015625,4815.72021484375,6064.7001953125,11911.349609375,15359.7001953125,23776.94921875,9726.01953125,21530.94921875,461230000.0,111889900.0,907815700.0,99879200.0,294431200.0,2104538300.0,4476010000.0,78500000.0,2993.760009765625,3066.590087890625,5757480000.0,267.469970703125,3.21,0.07,0.77,2.45,0.17,1473000.0,0.19,0.19,-0.33877,1506.558,0.37,3.63,15443.7058,37.87,1.53,3182.228,1.31,2.62,3.25,17860000.0,2961.2049,2.4327293399413707,2,0.0,-6.561912303591766,-6.951954650541325,-6.301948153593672,-7.084783877214285,-3.851042449526232,-4.035313446488509,-2.0023725408700455,-7.106494571965538,7.212924221292427,-26.82840857368567,-30.465459747259573,-28.846626492377027,-33.53934554930095,-0.8901218989285975,-27.77518705636137,-27.64976958525346,-6.442658477171371,-5.129325675352225,-32.25139145476154,14.05007115396426,0.943396226415083,40.000000000000014,0.0,-2.390438247011939,13.333333333333353,-6.47619047619048,11.764705882352944,5.555555555555558,10.691063551707236,4.9995713757027715,-2.631578947368418,-3.9682539682539653,0.4927727440709351,1.4737406216505766,-1.9230769230769273,-1.7060591617937604,-0.7575757575757569,0.0,0.0,-4.711092141065998,-0.3049830222144889
2021-03-01,31535.509765625,5792.7900390625,6588.5,14012.8203125,18299.599609375,29452.5703125,13588.830078125,29663.5,385670000.0,83783600.0,708419900.0,69566200.0,269334400.0,2629062100.0,5079530000.0,62700000.0,3842.510009765625,3901.820068359375,5114820000.0,140.869873046875,2.97,0.07,1.42,2.89,0.04,704000.0,0.08,0.13,-0.62008,1529.977,0.68,3.58,16399.9479,62.3,2.23,3369.02,2.09,2.34,3.25,4227000.0,2593.2413,1.5435238540176928,2,0.0,0.04384381909654511,0.43953812980788154,-0.3584313029315389,0.4500365107318993,-0.6358338591737511,-2.8603714578555817,0.41217814345277937,-1.6332697253548578,-0.3977170011105091,-0.1040885456099816,-16.308730358533296,5.346988656067286,-19.412326693553716,-40.91875923515849,-21.657407607337742,-0.15923566878981443,-1.1076948828771527,0.6531682796175664,-13.558668942556318,40.0713704832073,5.693950177935947,-12.49999999999999,8.396946564885477,6.6420664206642055,0.0,0.2849002849002913,14.28571428571428,8.333333333333348,0.5529699839460278,-2.365222096932995,19.298245614035103,4.069767441860472,-0.14792766198511442,3.539970084759836,6.698564593301448,-0.29260941481964453,8.290155440414493,5.882352941176472,0.0,-4.062641852019977,0.1633286696507863
2022-01-31,35131.859375,6999.2001953125,7464.39990234375,15471.2001953125,21098.30078125,23802.259765625,14239.8798828125,27001.98046875,468070000.0,90912900.0,761419500.0,88305600.0,273255000.0,995464900.0,5124940000.0,78300000.0,4431.7900390625,4515.5498046875,5098610000.0,294.27001953125,3.55,0.08,1.79,3.04,0.2,230000.0,0.69,1.09,-0.52705,614.877,1.6,3.68,18010.6184,86.94,2.11,3796.174,2.17,2.8,3.25,1701000.0,2485.0261,1.8899759439578172,2,0.0,2.233000261898188,3.1145653450294297,2.291285733652404,3.064861313516265,2.56182146964834,-3.464411109283916,2.7769497886648287,-2.1254923365931044,-29.508591738076227,0.0,-42.84094831449675,-23.75321092599868,-30.82645745291096,-46.810414519372,-26.77370452236607,28.36065573770492,1.7324305351543945,2.390404017030212,-26.4069132851528,76.64343330128732,-0.2808988764045006,0.0,-1.6483516483516536,2.3569023569023573,17.647058823529417,-2.9535864978902926,18.965517241379317,3.809523809523818,-2.5911619568632527,25.819679678819373,-0.6211180124223614,1.6574585635359185,-0.029422312403704076,1.1753753054811966,-0.9389671361502372,-3.4671652103065775,-0.91324200913242,0.35842293906809264,0.0,-0.7005253940455369,-0.12359223973686939
2022-05-30,33212.9609375,6562.39013671875,7600.10009765625,14575.98046875,20919.400390625,21123.9296875,12131.1298828125,27369.4296875,328770000.0,69803300.0,1009169800.0,54721200.0,122884600.0,2609326500.0,4793900000.0,97000000.0,4077.429931640625,4158.240234375,4375620000.0,348.170166015625,5.1,0.83,2.77,4.03,1.06,201000.0,2.02,2.51,-0.23784,821.535,2.75,5.07,18142.4558,113.38,3.0,3306.18,3.18,4.31,4.0,1354000.0,2619.399,1.9818931064220535,2,0.0,4.180397303556038,3.2026768642447356,1.1539409114301735,2.8258819298672355,3.5736958609426273,3.1942706721735714,5.165552048422151,1.3625535252717924,-18.21845227730653,-15.53521881757317,23.104422437928427,-9.667301666958306,-44.64550439490495,53.84274557428754,5.309520671323753,49.23076923076923,4.0314641685557095,4.642723733878573,-1.0047443116901866,24.16914667423584,-2.857142857142869,0.0,-3.484320557491294,-3.5885167464114742,1.9230769230769162,-5.188679245283023,-4.265402843601884,-4.924242424242442,-5.6115564727359235,-7.376736823591501,-3.8461538461538436,-2.3121387283236983,0.28319590259633376,1.0697093956141712,-2.280130293159599,-1.4955709683387775,-2.4539877300613355,-2.708803611738153,0.0,0.3706449221645647,0.5369444049752703
2022-10-03,29490.890625,5794.14990234375,6908.7998046875,12209.48046875,18881.19921875,17079.509765625,10815.4296875,26215.7890625,397830000.0,80848100.0,1216065800.0,63674200.0,238315900.0,1361001600.0,4415440000.0,80700000.0,3609.780029296875,3678.429931640625,4806680000.0,152.610107421875,6.7,3.08,3.83,4.85,3.27,204000.0,4.07,4.2,-0.10409,689.569,4.06,6.0,17899.9316,80.08,3.76,2960.598,4.04,5.96,6.25,1394000.0,2755.6859,1.9017752269276602,2,0.0,0.7863079450803889,0.429157415918513,-1.5980657358282246,-0.15079795454019385,3.023949466633935,-4.344019885729688,0.11579985518237468,-0.8163036688072722,7.681688997157932,2.8554671796202635,4.701533260654656,-5.350812127734528,-32.02648251816665,-46.77551094471754,-6.0090724669148665,-16.373056994818658,-1.9805997194058733,0.6399353311632883,-1.6262325680393985,-41.82071848863854,6.518282988871227,32.18884120171674,6.6852367688022385,5.664488017429181,1.869158878504673,9.090909090909083,-0.2450980392156854,3.70370370370372,-17.864751834609017,-0.4226739215822173,6.5616797900262425,5.078809106830118,-0.2794809144976984,-4.049844236760114,5.3221288515406195,-4.62089308357646,5.759162303664933,9.558823529411754,13.636363636363647,-0.07168458781362519,-0.031227477481154953
2019-11-04,27462.109375,5824.2998046875,7369.7001953125,13136.2802734375,16669.80078125,27547.30078125,8433.2001953125,22850.76953125,273030000.0,86434000.0,582661700.0,84782400.0,244774900.0,1777502800.0,2166830000.0,65400000.0,3078.9599609375,3078.27001953125,4178040000.0,83.260009765625,3.78,1.83,1.78,3.05,1.56,214000.0,1.57,1.59,-0.54538,389.872,1.6,3.94,13036.4943,55.17,2.26,1483.702,2.08,3.19,5.0,1646000.0,2371.4429,-0.02240826171834734,1,0.0,1.3709073152570639,1.6356136186077785,0.5237869361234937,1.5034358912947354,1.7226592295957355,2.4396068512328117,1.2876541758945148,-0.07215553206932901,-6.101042060735285,23.81498087639129,-13.812770157111586,22.830141935932513,50.932293635343974,20.41264450680074,10.557063553614432,35.96673596673596,1.5447885288082608,1.2782076401040232,18.526966186946268,22.85670026586355,0.8000000000000007,-1.0810810810810811,0.0,0.9933774834437026,-4.294478527607348,-0.46511627906976605,-1.2578616352201255,-0.6249999999999978,3.4798117789921035,3.1448337897006517,0.0,-0.5050505050505083,-0.235619746335336,-0.05434782608695343,-0.440528634361248,2.391854486029743,0.0,0.3144654088050203,0.0,0.7960808328230318,0.11655426450007944
2016-06-27,17140.240234375,4030.300048828125,5982.2001953125,9268.66015625,13689.7998046875,20227.30078125,4594.43994140625,15309.2099609375,138740000.0,130042900.0,2430429000.0,209916500.0,285929200.0,1789673800.0,2659650000.0,161900000.0,2031.449951171875,2000.5400390625,5431220000.0,121.6400146484375,3.56,0.38,1.68,3.56,0.28,262000.0,0.55,0.73,-0.34494,316.838,1.18,4.56,11267.6075,48.71,2.49,2361.897,2.05,2.83,3.5,2139000.0,2046.6154,-1.521568970554461,1,0.0,-3.7328491493011318,-7.152197623453915,-3.575109682261446,-6.960028263596463,-2.3210666620585463,-1.379306141704273,-5.018802605049599,-4.109473995329349,39.605554437512566,13.550684964998627,148.22610939017628,122.49244019727033,48.854551313654326,14.300281332128396,49.45548337791364,22.651515151515156,-2.1261587263349813,-3.970236934477378,56.63486606833861,105.47316719110205,0.5649717514124353,2.7027027027026973,4.347826086956519,3.1884057971014457,3.703703703703698,0.3831417624521105,3.7735849056603765,2.8169014084507005,-1.919303932440497,37.00687979174686,5.357142857142838,1.5590200445434244,-0.18001886776757292,1.7122572562121574,2.892561983471076,-3.562701064408791,3.015075376884413,0.7117437722419906,0.0,-0.9722222222222188,-0.08477059458243952
2014-05-05,16530.55078125,4462.68994140625,6822.39990234375,9529.5,14697.0,21976.330078125,4138.06005859375,14457.509765625,70320000.0,83750800.0,746449000.0,61911600.0,126804800.0,1052997700.0,1561170000.0,108600000.0,1879.449951171875,1884.6600341796875,2733730000.0,40.719970703125,4.29,0.09,2.66,4.19,0.03,325000.0,0.1,0.43,-0.77472,84.126,1.7,4.81,10144.0179,100.51,3.44,2609.418,3.2,3.38,3.25,2702000.0,1655.3871,0.27721318168456194,1,0.0,0.4973666415135636,0.048428244043763335,1.8238217287409153,0.8801236173861193,1.1430785767560847,-0.7057449993844833,1.5624425136418374,1.18474640540851,-33.35228888257037,-7.313375188553229,14.350068086215884,-8.33221052693921,-6.524463420603355,-12.569640343262467,-33.51970770593445,11.498973305954818,0.7747963094839161,0.8146857614981462,-32.24419284800777,-29.99838414870868,-0.9237875288683584,-10.000000000000009,-1.845018450184499,-0.7109004739336289,0.0,-5.797101449275366,-9.090909090909083,0.0,0.05682698765303584,-24.47887677971884,-2.298850574712641,-1.0288065843621519,0.6706395441414381,-1.566937616296149,-1.1494252873563204,-1.200773001879496,-0.9287925696594312,-0.2949852507374673,0.0,-0.18470631695604034,0.25192170696304306
1992-10-26,3244.10009765625,1770.699951171875,2661.60009765625,1534.02001953125,3276.0,6062.5,598.9199829101562,17011.330078125,23440000.0,0.0,0.0,0.0,392700.0,0.0,168800000.0,0.0,414.0899963378906,418.1600036621094,188060000.0,10.740020751953123,8.23,3.05,6.78,8.04,2.95,367000.0,3.48,4.28,-0.67991,4.675,5.83,8.93,2497.6502,21.58,7.62,23.145,7.36,7.71,6.0,3063000.0,596.1833,0.982879895726264,1,0.0,1.7437697242041805,5.455302061687717,3.8794843641657417,3.678725523172943,1.5656487366299876,-0.4499236897671288,1.3967190205524505,0.636066826185977,-10.500190912562047,0.0,0.0,0.0,52.742123687281214,0.0,-14.803411901276942,0.0,0.5731875958978616,0.7663002052130219,-15.345487283367099,-14.490264015978005,2.109181141439209,-4.687500000000011,3.669724770642202,1.0050251256281229,1.7241379310344973,-4.675324675324677,6.748466257668717,6.467661691542315,-3.6108197000198516,2.6344676180021898,5.615942028985521,1.0180995475113086,-0.3672368456061781,-3.0112359550561907,1.3297872340425565,-7.130246368670257,0.0,2.663115845539288,0.0,-0.6487187804086969,-0.19151979157825405
2000-08-28,11252.83984375,6615.02001953125,6563.7001953125,7339.22021484375,11224.5,17019.759765625,4070.590087890625,17181.119140625,166710000.0,0.0,864787000.0,25585900.0,88304500.0,0.0,1373010000.0,0.0,1506.449951171875,1514.0899658203125,733600000.0,34.9599609375,7.99,6.46,5.75,7.54,6.11,312000.0,6.2,6.23,-0.18353,4.824,6.04,8.25,3670.7925,32.46,5.69,7.244,5.98,7.72,9.5,2119000.0,1072.5138,0.5071535660706348,1,0.0,1.5616719072602203,0.6602644624316589,0.32863561734788327,1.9429610787881524,1.3654484027290081,-2.752456879205978,2.9708002086449303,7.1130091766623105,13.177189409368628,0.0,42.88804071246819,-7.258149287922777,37.83643722674108,0.0,8.168088676703466,0.0,0.9874494381010956,0.974336806216991,0.27337342810278553,-29.770939952966792,0.37688442211054607,-1.071975497702915,-0.8620689655172376,0.0,0.3284072249589487,-1.8867924528301883,-0.16103059581320522,-0.7961783439490389,6.1357853342586255,-7.692307692307699,-1.1456628477905073,0.0,0.4180482907627736,2.0113136392206243,-0.3502626970227629,19.79493963949066,-0.6644518272425071,0.2597402597402487,0.0,-1.2121212121212088,0.07250848086102213
2000-05-01,10811.7802734375,6419.72021484375,6327.39990234375,7414.68017578125,9527.2998046875,15519.2998046875,3958.080078125,18403.080078125,174020000.0,0.0,882175000.0,36743900.0,78022500.0,0.0,1500610000.0,0.0,1452.4300537109375,1468.25,966300000.0,169.679931640625,8.13,5.97,6.15,7.7,5.62,291000.0,6.19,6.53,-0.01589,12.417,6.42,8.51,3573.2542,25.95,5.95,5.825,6.28,7.79,9.0,2027000.0,1038.8117,1.089205380227624,1,0.0,-0.8648310515743107,2.9707299560253864,1.3811399143387693,3.586641055939088,7.988663130490226,0.990165767547202,13.656937019699189,-0.41704375165203533,-41.076084380184874,0.0,0.3374628074357844,1.5100573799703199,24.08099198000009,0.0,-2.6026961595628006,0.0,1.2470906465691156,2.6848792917999242,11.235179003108087,0.0,-0.367647058823517,-1.1589403973509937,2.329450915141451,0.26041666666667407,-0.5309734513274433,6.204379562043805,1.6420361247947435,2.9968454258675115,-49.41101560012734,83.19563293006786,2.8846153846153744,0.7100591715976323,0.24317550481318673,-2.6631657914478635,1.1904761904761862,-21.038362477972072,0.9646302250803984,-0.38363171355498826,0.0,-0.39312039312039415,0.32904039077277236
2010-06-07,9816.490234375,3413.719970703125,5069.10009765625,5904.9501953125,11504.7001953125,19378.150390625,2173.89990234375,9520.7998046875,222940000.0,175973200.0,900731500.0,117565000.0,201112300.0,1583714800.0,2256670000.0,148400000.0,1065.8399658203125,1050.469970703125,5467560000.0,66.5599365234375,4.79,0.19,3.31,4.97,0.15,459000.0,0.36,0.79,-0.06311,33.135,2.1,6.23,7676.1649,72.91,4.21,1067.106,4.05,4.2,3.25,4624000.0,1191.965,-1.4420546808223826,1,0.0,-3.1582454142902394,-2.675366531806367,-2.2993563898883074,-0.9955834441538358,-2.195866740521124,-1.9581854422286216,-3.683591574799161,-2.5377008779935206,-8.526177580830463,173.57486210348924,-32.56417353498039,156.39767428673622,34172.716428084525,47.20602106689302,4.205782257952806,22.240527182866554,-3.3330613500240247,-3.5744175521463695,12.242338145963739,0.0,0.20920502092049986,-5.000000000000004,1.846153846153853,1.2219959266802416,-11.764705882352954,0.21834061135370675,0.0,-2.4691358024691357,-29.666778112114123,27.06599685546649,0.9615384615384581,2.1311475409836245,0.08585215431080595,3.2427074483149188,1.4457831325301207,-1.5783711593322036,1.5037593984962294,-0.23752969121139111,0.0,1.559411377113995,-0.36459104356695304
2018-03-12,25178.609375,5276.7099609375,7214.7998046875,12418.3896484375,15604.7998046875,31594.330078125,7588.31982421875,21824.029296875,362580000.0,64074300.0,613077900.0,136801400.0,152231100.0,2173275800.0,2314480000.0,70600000.0,2790.5400390625,2783.02001953125,3216960000.0,149.659912109375,4.46,1.42,2.88,3.89,1.65,223000.0,2.05,2.25,-0.51094,195.071,2.65,4.64,11984.2135,61.65,3.15,2252.016,3.03,3.94,4.5,1948000.0,2111.995,-0.2694825885306559,1,0.0,1.2215177643439823,2.1187363613109023,1.388417716238055,2.7088168847701155,0.40858873323355027,5.714773237609716,3.514118886901163,3.7160731606573405,-5.555989685082441,-47.019805672394845,-34.90827851937167,24.454742787066298,636.7149805212089,-4.661910339873787,11.440773856813369,-19.036697247706424,4.083458709469334,2.281567379723759,-13.838506122711348,5.520755334073524,0.6772009029345494,0.7092198581560183,0.6993006993007089,0.5167958656330685,1.2269938650306678,-2.1929824561403466,-0.4854368932038944,0.44642857142855874,-2.4718929546278856,-3.7256934162471667,0.7604562737642651,1.7543859649122862,-0.38939621456526297,-0.6766553890768523,0.31847133757960666,0.853983547303172,0.3311258278145601,1.025641025641022,0.0,-0.6122448979591799,-0.00012784104831409238
1992-08-10,3337.56005859375,1755.199951171875,2325.699951171875,1578.949951171875,3408.800048828125,5867.89990234375,573.1400146484375,15066.33984375,15580000.0,0.0,0.0,0.0,167500.0,0.0,120450000.0,0.0,418.8699951171875,419.4200134277344,142480000.0,8.100006103515625,8.06,3.33,6.65,7.99,3.16,406000.0,3.54,4.29,-0.9416,6.707,5.69,8.68,2485.9885,21.34,7.43,22.021,7.36,7.59,6.0,3211000.0,597.6094,0.1313100286385985,1,0.0,-1.7034766276006197,-1.636408475827933,-3.904636059274469,-1.6297969870244011,-1.0048165910696127,-0.7241154441007369,-1.5832081418779231,-4.093780135948977,-9.837962962962965,0.0,0.0,0.0,-40.26390870185449,0.0,-14.755838641188957,0.0,-1.254156697140374,-1.333831179045053,-13.364951964003403,-46.569893490457225,0.1242236024844745,4.7169811320754595,-0.2998500749625155,-0.24968789013731785,-0.6289308176100628,-4.018912529550822,-0.8403361344537785,-0.46403712296982924,-0.5492184199408556,20.586120100683193,-0.17543859649122862,-0.3444316877152853,0.7874716457908049,-2.779043280182225,-0.40214477211796273,7.382844882235329,0.0,-0.1315789473684159,0.0,-7.383905393712142,0.10325079188533426
1998-03-16,8718.849609375,3598.300048828125,5785.10009765625,4905.58984375,7427.89990234375,11181.5,1788.1800537109375,16861.140625,49980000.0,0.0,0.0,0.0,53574600.0,0.0,690210000.0,0.0,1068.6099853515625,1079.27001953125,548980000.0,44.409912109375,7.16,5.45,5.62,6.7,4.97,319000.0,5.37,5.53,-0.65333,4.867,5.57,7.3,3152.1906,14.4,5.93,10.402,5.99,6.78,8.5,2237000.0,869.9854,0.9975607869863251,1,0.0,1.770835624993805,2.0533806542905264,-0.5808624526070005,1.5883506325403252,2.764209155768138,1.7045542362122967,3.6529955646240175,-0.656287992948168,-17.70130083978264,0.0,0.0,0.0,-26.93662019851022,0.0,-6.645115914193744,0.0,1.223848351543655,2.561978830985212,-12.121018088682566,60.44012259928115,-0.417246175243402,-2.678571428571419,-2.260869565217394,-1.615271659324513,-2.1653543307086687,3.571428571428581,-1.104972375690605,-1.4260249554367221,-0.9730958696475889,-10.64806315402974,-2.108963093145877,-1.3513513513513598,0.19402200162010885,-5.449770190413661,-1.983471074380172,4.218014227031364,-1.9639934533551617,-0.2941176470588225,0.0,1.3134057971014412,-0.07305127119549004
1992-12-21,3312.5,1786.300048828125,2807.699951171875,1517.449951171875,3310.39990234375,5242.5,662.4600219726562,17645.439453125,26680000.0,0.0,0.0,0.0,420800.0,0.0,202910000.0,0.0,441.260009765625,440.7000122070313,224680000.0,10.410003662109377,8.19,2.93,6.79,7.99,3.21,334000.0,3.76,4.72,-0.84841,5.002,6.1,8.82,2497.3941,19.38,7.44,25.369,7.36,7.74,6.0,2770000.0,597.191,-0.12690874908223285,1,0.0,0.6166104467895117,2.761318452033601,3.155996061530475,2.664285609871331,1.4837493054491002,-0.4783908418881655,1.180645721824436,2.055924536273235,59.76047904191617,0.0,0.0,0.0,13.606911447084236,0.0,4.323907455012854,0.0,1.7361027802003326,1.8159171831719778,20.124037639007696,43.5862574084052,-0.486026731470246,-0.340136054421758,0.2954209748892156,-0.12499999999999734,-0.92592592592593,-6.963788300835649,1.0752688172043001,1.5053763440860068,5.386000869511198,-1.4578408195429438,0.9933774834437026,0.0,-0.07210718390175952,1.946344029458169,0.0,4.4593593016552635,0.0,-0.3861003861003742,0.0,-1.3181332383327415,0.029965891813588108
1996-08-12,5704.97998046875,1978.199951171875,3803.300048828125,2529.139892578125,5064.2001953125,11181.900390625,1138.27001953125,20666.599609375,45180000.0,0.0,0.0,0.0,502100.0,0.0,366740000.0,0.0,662.0999755859375,665.77001953125,312170000.0,15.75,7.88,5.38,6.54,7.35,5.03,331000.0,5.6,5.95,-0.76276,5.069,6.28,8.08,2739.075,21.35,6.75,15.969,6.86,7.4,8.25,2492000.0,745.8709,0.5543035916992184,1,0.0,0.541041268229514,-1.7385257723469882,0.3959559645926092,0.34198788266233127,0.9689787205913847,0.998067056571883,1.5831784754136935,-1.9493377527934785,99.29422143802383,0.0,0.0,0.0,-13.056277056277054,0.0,-6.973086776754689,0.0,-0.058871025100248886,0.8391074665477394,1.6046087748990967,-54.24177835152091,-4.252733900364525,-2.7124773960217063,-3.2544378698224796,-2.6490066225165587,-2.3300970873786464,1.5337423312883347,-3.4482758620689724,-3.565640194489461,2.0291871212830603,-5.8506686478454695,-3.6809815950920144,-2.2974607013301007,-0.14952008558253294,3.339787028073582,-2.737752161383289,-5.620567375886543,-2.4182076813655695,-4.516129032258065,0.0,0.646203554119551,0.14491301996424344
1998-11-09,8897.9599609375,3585.320068359375,5433.89990234375,4762.3798828125,6341.39990234375,9851.9296875,1861.050048828125,14194.5400390625,61020000.0,0.0,0.0,0.0,55723800.0,0.0,845730000.0,0.0,1141.010009765625,1130.199951171875,592990000.0,55.3699951171875,6.89,5.22,4.83,6.56,4.43,316000.0,4.46,4.4,-0.03936,5.03,4.45,7.42,3277.1221,14.13,5.29,11.301,5.54,6.5,8.0,2195000.0,940.606,-0.9474113724883532,1,0.0,2.2031502065372743,0.4403846445837578,-1.65777029510904,-0.0018967474267550521,0.40691778007961865,-3.1282977929477207,3.3394235973498443,1.7329203136478455,-24.51756556160317,0.0,0.0,0.0,-30.830302503692852,0.0,-4.883315526064214,0.0,3.8537471785678346,1.6732616043944493,-21.333244892544446,1.0587315273405284,0.8784773060029227,5.454545454545445,4.3196544276457916,1.8633540372670732,7.52427184466018,2.5974025974025983,8.780487804878057,7.317073170731736,975.4098360655737,-5.557641757416432,5.450236966824651,2.203856749311295,0.2602232553198913,-1.4644351464435101,3.3203125,45.80054186556573,3.5514018691588767,0.30864197530864335,0.0,1.5263644773358065,0.20139222160495684
2022-05-02,33061.5,6425.60986328125,7544.60009765625,13939.0703125,20692.19921875,21089.390625,12536.01953125,26818.529296875,453390000.0,87523700.0,983441700.0,85974500.0,253789500.0,2727108500.0,4918240000.0,74500000.0,4130.60986328125,4155.3798828125,5163790000.0,323.320068359375,5.1,0.33,2.83,3.96,0.85,219000.0,2.03,2.62,-0.30299,944.328,2.84,4.88,18118.2536,102.85,2.91,3331.982,3.08,4.4,3.5,1379000.0,2573.3858,0.5996697909294522,1,0.0,-2.901546486487605,-0.3685628690379472,2.2234279202797858,0.10701097953129679,-1.521524307328448,6.140368984799327,-3.605040367302881,0.8564999071943857,8.752698488846256,-7.804961804721633,30.229563240960424,0.8198143896129384,-20.07297028751931,-6.358701950439382,1.5083093231183176,18.81977671451356,-2.931140286056033,-3.275984621843797,-1.4551415638048515,131.23969799407723,-0.1956947162426781,0.0,-2.076124567474047,1.0204081632652962,3.658536585365857,4.285714285714293,3.5714285714285587,0.3831417624521105,-7.334006177936814,32.74107893382963,-1.730103806228378,1.2448132780082943,0.07611986485660527,-1.1247836954431878,-1.3559322033898313,-8.76533808895209,-1.5974440894568676,0.4566210045662267,0.0,-2.8188865398167673,0.18949054176635727
2020-08-31,28430.05078125,4947.22021484375,5963.60009765625,12945.3798828125,16514.400390625,25177.05078125,11775.4599609375,23139.759765625,517320000.0,97432500.0,928308900.0,59561900.0,240911400.0,3195378200.0,3612050000.0,81000000.0,3509.72998046875,3500.31005859375,4348280000.0,135.4599609375,2.91,0.09,0.7,2.39,0.11,881000.0,0.13,0.15,-0.50422,1622.69,0.29,3.37,15554.6415,42.93,1.43,2815.794,1.22,2.46,3.25,13501000.0,2807.979,-0.2683944898160485,1,0.0,0.42951767677674724,-1.2114866783949019,-2.311335416022453,-0.9272550796751933,-0.6748175898019237,-1.4657774420597902,3.4775921014228883,0.6710749579749598,34.7608627696155,41.540475208172325,105.0504481556239,-7.188313206077135,29.94836293847407,136.2984352609306,-7.556605439547925,99.50738916256157,2.6810262521394845,2.0117865259461354,16.15826211929765,75.01253820604295,-2.6755852842809347,-10.000000000000009,4.477611940298498,3.0172413793103647,9.999999999999986,0.5707762557077611,0.0,7.14285714285714,-0.2038594755071732,-1.2665005582581212,3.5714285714285587,1.812688821752273,0.08965228092008282,0.4680552305172059,2.1428571428571352,-0.42052067327159603,4.2735042735042805,-3.149606299212604,0.0,2.1487478247711245,-0.10979111726791002
2008-06-02,12503.8203125,4935.2099609375,6007.60009765625,7008.77001953125,14814.2001953125,24831.359375,2491.530029296875,14440.1396484375,199090000.0,127860500.0,1276716500.0,102651900.0,205809700.0,1826960800.0,1972760000.0,154800000.0,1399.6199951171875,1385.6700439453125,3714320000.0,66.52001953125,6.08,2.05,4.03,5.67,1.86,362000.0,2.19,2.63,0.43964,4.94,3.36,7.06,6840.6746,128.47,4.71,12.478,4.72,5.66,5.0,3055000.0,1492.4907,-0.9966956188495291,1,0.0,0.1938393198729127,-0.053259783543380124,-1.309278491095145,0.7899258109980822,0.3767334802021516,2.9180576374526312,1.9168275848845173,5.478004287827276,4.66852426265707,97.44721789835198,12.679426893028744,75.98715566131543,163.05862172981648,2.596632152576306,13.764726914138414,31.409168081494055,0.5329725761782145,0.7078841114129153,5.629084456173672,0.0,1.6722408026755842,4.591836734693877,4.947916666666674,2.5316455696202445,2.19780219780219,-1.8970189701897011,4.784688995215314,7.786885245901631,3.4009125546827113,12.29824960218233,7.692307692307687,2.170767004341534,-0.16855985472863377,-1.2832334409097812,3.063457330415753,9.07342657342658,3.5087719298245723,1.981981981981984,0.0,1.5962753574991773,-0.08386982102348561
2011-02-21,12391.25,4097.41015625,6014.7998046875,7321.81005859375,14123.099609375,23485.419921875,2833.949951171875,10857.5302734375,230040000.0,123263600.0,629790600.0,100847900.0,242268500.0,1226047400.0,2109460000.0,136400000.0,1340.3800048828125,1343.010009765625,1162310000.0,32.3299560546875,5.0,0.15,3.6,5.26,0.11,394000.0,0.29,0.83,-0.61843,46.423,2.34,6.15,7928.1218,84.13,4.67,1224.078,4.45,4.27,3.25,3821000.0,1199.6108,0.19621337779075848,1,0.0,1.0030784166400908,0.019285143359648593,-0.7475172396289254,-1.0115393821800933,1.5261509594578504,1.5758765661346263,0.5952768349263282,1.2306162104126273,57.18483088486506,-31.214585698007035,-0.8841086904278761,44.811102655045154,22.14444563764615,-24.490312376920432,7.363674304502288,-2.987197724039825,0.8767789231302281,0.8023645901525267,-67.41527989593612,3.323879263596896,-0.990099009900991,-11.764705882352954,-2.1739130434782594,-0.37878787878788955,-21.42857142857143,-7.294117647058829,-3.3333333333333326,0.0,-1.4187110452234086,-42.840784564807855,-0.8474576271186418,-1.125401929260439,0.1872378205157288,-1.6138463337621478,-1.268498942917562,6.220995012096631,-1.5486725663716672,-0.4662004662004726,0.0,-0.4688721021099296,0.27739875948376014
1995-01-09,3861.35009765625,1864.199951171875,3055.800048828125,2053.409912109375,4160.5,7528.89990234375,752.0900268554688,19444.919921875,20820000.0,0.0,0.0,0.0,524800.0,0.0,267090000.0,0.0,460.6700134277344,460.8299865722656,278790000.0,7.20001220703125,9.22,5.4,7.86,8.49,5.67,338000.0,7.24,7.66,-0.40726,7.148,7.86,9.13,2551.5547,17.62,7.89,25.09,8.02,8.87,8.5,2486000.0,646.4705,0.03472619008581185,1,0.0,0.701801479778319,-0.9036785265388758,-0.31642313397080013,-1.2399073688976636,-1.2602073387502077,-8.083263309196065,0.017288802464721087,-1.410230548848923,20.9761766414875,0.0,0.0,0.0,79.11262798634813,0.0,-19.67218045112782,0.0,-0.108419885387534,0.3396689520131613,8.791852025286829,0.0,0.43572984749455923,-0.917431192660545,0.6402048655569814,0.7117437722419906,2.717391304347827,5.956112852664575,0.4160887656033285,-0.39011703511053764,3.4889334993520205,2.509680195038011,0.6402048655569814,0.5506607929515406,0.6729893393476294,-0.5081874647091977,0.7662835249041988,-0.6965883004828588,0.7537688442210921,0.6810442678774065,0.0,-0.5202080832332978,0.23524183844008117
2010-10-25,11164.0498046875,3870.0,5752.0,6639.2099609375,12663.599609375,23627.91015625,2490.85009765625,9401.16015625,168110000.0,90223000.0,772475900.0,75742000.0,171415200.0,1441732700.0,1746320000.0,98000000.0,1184.739990234375,1185.6199951171875,4221380000.0,36.4300537109375,4.21,0.19,2.54,4.71,0.14,432000.0,0.22,0.36,-0.46802,49.934,1.14,5.76,7840.004,81.15,3.92,983.14,3.56,3.64,3.25,4331000.0,1186.1887,0.07427831339080655,1,0.0,0.18269867714344468,0.9258051897248709,0.16543317370483202,1.8810348344057815,-0.034736269537416486,0.6754728547160305,0.41078527117448527,-1.0246899846542257,-11.655893636029212,1.9045187989626955,26.445186715851698,-16.820505499212047,15.444871206871124,-36.314715053133625,1.25296426645638,-6.488549618320616,0.6721475892919937,0.0768149344306579,-5.1385939483825975,21.63594197700438,0.4773269689737347,5.555555555555558,1.6000000000000014,0.21276595744681437,0.0,-2.7027027027026973,0.0,-2.7027027027027084,4.127083008877119,119.20105355575066,-1.7241379310344862,0.5235602094240788,0.21189308260534112,-1.2293086660175145,1.0309278350515427,-3.822110916543575,1.1363636363636465,0.5524861878453136,0.0,-0.3909843606255792,0.3327709896642217
2019-03-11,25650.880859375,5265.9599609375,7130.60009765625,11543.48046875,16106.2001953125,28503.30078125,7558.06005859375,21125.08984375,309790000.0,71957700.0,674285200.0,71575600.0,250342300.0,1525534800.0,2248460000.0,55600000.0,2747.610107421875,2783.300048828125,3764850000.0,94.60986328125,4.41,2.4,2.68,3.85,2.41,218000.0,2.53,2.51,-0.58461,220.045,2.48,4.92,12541.0826,56.35,3.05,1721.614,2.89,3.83,5.5,1792000.0,2329.5455,1.2989449016017205,1,0.0,-0.6536476237930744,-0.38985323123573723,-0.05326032657984037,-0.4242312535443826,0.424617551930484,-1.5756060944298045,-0.2574673157434315,-3.193785955354056,4.832323779229131,13.597212706371176,6.237037158412773,22.534521661422357,-12.57715866153556,-43.139620970017056,-12.920928395214727,-5.922165820642977,-2.372111946396749,-0.3405175993391185,-4.680826284328299,92.21844696312095,1.379310344827589,0.0,-0.7407407407407418,0.26041666666667407,0.4166666666666874,0.92592592592593,-0.7843137254901933,0.0,1.113859245550608,-29.148930689626308,-0.8000000000000007,-0.20283975659228792,0.19997357314012199,0.4098360655737876,-0.6514657980456029,4.928477830260558,-0.6872852233676952,1.5915119363395291,0.0,-0.8301051466519049,0.2246459615785179
2001-10-01,8836.830078125,4004.570068359375,4785.60009765625,4239.97021484375,6799.0,9950.7001953125,1480.4599609375,9972.2802734375,247430000.0,0.0,1075373000.0,62164800.0,80093300.0,320775600.0,1505140000.0,0.0,1040.93994140625,1038.550048828125,1175600000.0,96.18994140625,6.72,2.99,4.66,7.27,2.34,517000.0,2.49,2.86,-0.32595,8.462,3.94,8.12,3970.3209,22.35,5.51,7.95,5.53,6.23,6.0,3385000.0,1054.4233,-0.22958986230237188,1,0.0,2.7077348660150102,3.713366323048728,3.7213680172229147,4.983801092871598,2.05643950765535,7.175401963622163,-1.2631761483373305,4.367247153861631,-38.68361707927539,0.0,-29.74779386594126,-28.214176836309544,-33.23822527190403,-27.456123786273277,-26.66046221537892,0.0,7.78007398664291,3.497935741103153,-32.692087484255126,55.19517863473431,-1.17647058823529,21.052631578947366,-0.8510638297872353,-0.95367847411445,1.7391304347826209,14.128035320088305,-4.230769230769226,-1.718213058419249,-1.2691585388017068,34.509616913050365,-0.5050505050505083,-0.9756097560975618,-1.3136944070340828,-17.49723145071982,-0.7207207207207245,-88.07792090937721,-0.8960573476702427,-1.111111111111096,-5.660377358490576,2.5136281041792774,-0.45697771820600863
2019-02-18,25883.25,5168.5400390625,7219.5,11299.2001953125,15838.2001953125,28347.009765625,7472.41015625,21281.849609375,328530000.0,60816200.0,440062500.0,55484300.0,255717300.0,1549943500.0,2263640000.0,61800000.0,2760.239990234375,2775.60009765625,3648680000.0,93.829833984375,4.37,2.4,2.67,3.77,2.39,211000.0,2.55,2.51,-0.55103,359.109,2.49,4.96,12489.6095,53.88,3.01,1649.973,2.86,3.81,5.5,1826000.0,2332.568,0.5564772438707678,1,0.0,3.3135233338676073,3.0725045242601112,1.268040862176556,2.5839396255321834,1.729729126211521,0.7218983727983241,2.251128998817964,4.665675303678962,35.924700041373605,-13.175777926253328,-19.743240376985415,-20.227423364307274,32.48749821255008,11.98346196848814,18.60895262746989,-28.306264501160094,1.763754962875752,2.428225243282456,7.461719479402595,64.18196731115916,-0.9070294784580546,0.0,-0.3731343283582156,-0.2645502645502562,0.8438818565400741,-6.63716814159292,-0.3906250000000111,0.40000000000000036,3.6491544871433135,1.9110322809506863,0.0,-0.40160642570281624,-0.17072857816060605,0.6538389688025337,-0.33112582781458233,0.08613614484944687,-0.34843205574913716,-0.78125,0.0,2.699662542182235,0.3718059190745082
2014-04-14,16173.240234375,4384.56005859375,6583.7998046875,9339.169921875,14284.400390625,23038.80078125,4022.68994140625,13910.16015625,90020000.0,132160900.0,983152200.0,90916500.0,161845500.0,1332385800.0,1890480000.0,121000000.0,1818.1800537109373,1830.6099853515625,3111540000.0,82.9200439453125,4.34,0.08,2.68,4.24,0.04,308000.0,0.1,0.38,-0.7772,62.436,1.63,4.92,10063.375,102.72,3.53,2684.341,3.27,3.38,3.25,2680000.0,1647.8428,0.6836469036856674,1,0.0,-0.4470667455088173,-1.1613861477682286,-0.5888748135251864,-1.805093073186359,0.0988107196799648,2.956812547956056,-1.3986165474293766,-6.06859733760865,-22.75613523253819,3.4231288726674025,47.295736336202985,15.376269035532996,6.801853791224777,-2.3718099773497814,-25.999342383390477,7.2695035460992985,-2.4539673996722855,-0.7820997596491019,-18.15053899209268,48.60209925751564,-1.5873015873015928,0.0,-3.2490974729241784,-1.6241299303944134,33.33333333333335,-0.9646302250803873,-16.666666666666664,-15.555555555555555,-0.18493784033699612,-35.07274107504965,-6.857142857142861,-1.9920318725099584,0.5021263851584079,2.249651602627911,-1.9444444444444486,3.988884984851082,-2.3880597014925398,-2.5936599423631246,0.0,-1.831501831501836,0.606548071897306
2008-05-12,12876.3095703125,4976.2099609375,6220.7001953125,7035.9501953125,14666.099609375,25063.169921875,2488.489990234375,13743.3603515625,198110000.0,74711800.0,678570800.0,61975500.0,209327700.0,2068025400.0,1769330000.0,103000000.0,1389.4000244140625,1403.5799560546875,3370630000.0,38.6099853515625,6.05,1.94,3.85,5.57,1.61,366000.0,1.94,2.32,0.48889,5.191,3.07,6.89,6795.0869,123.01,4.57,11.713,4.58,5.6,5.0,2997000.0,1487.5863,1.0205794869339344,1,0.0,-0.7188417512818734,-1.7211872096184244,0.08366495555465203,-0.22872517943370863,2.744791758954346,-4.2804058605201645,0.9889888433965766,-2.177334743364623,0.15166068449521397,6.104218503243697,-43.40749888744997,-22.07887729109512,0.9102412992703979,8.810546958856236,-15.144524749293797,-9.72830850131463,-1.8327710679190479,-0.2778019173718227,-1.1571542100061838,-9.663092715193955,-0.16501650165016146,-14.912280701754376,0.5221932114882533,0.17985611510793476,12.587412587412604,-1.0810810810810811,0.5181347150259086,-2.1097046413502185,-10.836935310317152,-9.26411466526832,-0.967741935483879,-0.14492753623189802,-0.404045141673981,6.575983365101368,0.8830022075055233,28.319456617002615,0.8810572687224738,0.17889087656528524,-4.0307101727447225,0.13364517206815307,-0.05803352090877345
2004-06-14,10334.73046875,3647.10009765625,4433.2001953125,3948.64990234375,8292.2998046875,12076.5703125,1969.989990234375,11491.66015625,166530000.0,0.0,1022294300.0,82030000.0,81587400.0,349841200.0,1402630000.0,68300000.0,1136.469970703125,1125.2900390625,1179400000.0,25.610107421875,6.3,0.99,4.8,6.08,1.25,339000.0,2.07,2.75,-0.68506,4.698,3.98,6.83,4939.4914,37.99,5.52,11.799,5.52,5.67,4.0,2990000.0,866.394,-0.983741931492309,1,0.0,-0.5422882794794859,-2.0184105551435794,-1.3002026243214226,-1.7213396163930694,-1.432341227623879,-2.030358970913815,-2.5056668252892433,0.4522779418766998,-3.455272769435913,0.0,-15.009463906505404,4.640112255636697,-31.112203128799543,1.0422473215982553,-5.565878947014069,-14.625,1.2445408198775043,-1.326704573734938,-2.6737085327611765,-33.514601258100804,0.31847133757960666,-1.980198019801982,1.2658227848101111,0.6622516556291425,7.758620689655182,-4.507042253521131,7.8125,3.7735849056603765,-0.2794841188972108,14.809384164222884,1.7902813299232712,0.4411764705882337,0.4668651179698058,-5.048737815546101,0.363636363636366,-22.942789968652033,0.9140767824497242,0.7104795737122638,0.0,2.2921655833048282,0.1947241977716896
2018-07-16,25064.359375,5409.43017578125,7600.5,12561.01953125,16494.69921875,28539.66015625,7805.72021484375,22597.349609375,231270000.0,56645300.0,591161000.0,97107500.0,152593700.0,1239642900.0,1739360000.0,0.0,2797.360107421875,2798.429931640625,2819860000.0,71.010009765625,4.53,1.91,2.85,3.83,1.94,205000.0,2.36,2.59,-0.51927,326.476,2.75,4.76,12190.0286,71.96,2.95,1958.085,2.89,4.02,5.0,1659000.0,2207.6201,0.038244065035158446,1,0.0,1.16145737998965,0.20970882006314806,-1.1381373569198772,0.13655957834923793,0.257705217426607,-0.5188136143402411,0.638457212091792,2.4721815693530935,-3.8698146146811885,-16.699435744421788,-12.648495902025104,29.954378963737362,2.221226316822511,-33.98775109386914,-5.697122161740154,-100.0,0.7832480424736277,0.5121817333628043,-8.149677856458837,31.256712726878888,0.22123893805310324,0.0,0.35211267605634866,-1.7948717948717885,0.0,-5.0925925925925934,1.2875536480686511,1.5686274509803866,1.2498537612603888,-2.8420419848464107,0.73260073260073,-1.039501039501034,-0.22776254128966666,-2.400651024006528,-0.33783783783782884,2.0906293942555276,0.0,0.7518796992481036,0.0,-1.0143198090692085,0.6761649935798753
2005-03-14,10804.509765625,4048.550048828125,4975.0,4367.2998046875,9715.400390625,13906.849609375,2051.0400390625,11850.25,237050000.0,68102600.0,1336157900.0,69258200.0,89598200.0,286057800.0,1707720000.0,84500000.0,1200.0799560546875,1206.8299560546875,1437430000.0,30.9599609375,5.85,2.5,4.45,5.35,2.7,324000.0,3.24,3.66,-0.70165,4.304,4.11,5.97,5226.4795,54.22,4.74,8.034,4.84,5.38,5.5,2681000.0,942.1013,0.5624625230964531,1,0.0,-1.2101332711868418,-1.4471750528693983,-1.0383552133287455,-1.3728275894921538,-1.7266588998165244,0.979522958980894,-1.873970682707471,-0.6298371650686363,3.4610684357542,-17.007560432275394,16.279605479289927,-14.69110133374063,-19.359942686807884,14.102082381012782,-12.3882228002401,-18.593448940269752,-1.8034267625567035,-1.5081980605195944,-3.4523753551446434,-0.06462086465869321,1.0362694300518172,-0.3984063745019806,1.8306636155606348,0.1872659176029856,0.0,-2.7027027027026973,1.2499999999999956,2.2346368715083775,-1.7076655833240029,-17.21484900942488,2.750000000000008,0.3361344537815114,-0.21776343840415047,2.806219188471748,0.8510638297872353,-50.480769230769226,1.0438413361169019,0.9380863039399667,0.0,0.8653122648607958,0.8423066556686898
1994-07-11,3702.989990234375,1949.800048828125,2983.800048828125,2069.4599609375,4103.89990234375,8394.900390625,706.8300170898438,20473.08984375,20550000.0,0.0,0.0,0.0,427700.0,0.0,225660000.0,0.0,449.55999755859375,448.05999755859375,222970000.0,14.33001708984375,8.68,4.38,7.34,8.18,4.28,341000.0,5.49,6.15,-0.73094,5.917,6.95,8.87,2527.0791,19.39,7.63,27.673,7.74,8.15,7.25,2670000.0,611.6571,-0.3336595800662839,1,0.0,1.5449820903951972,4.479696701511204,0.45112264088758014,0.3763888999082532,1.2408674628901606,-2.7050452504640665,-0.0028235830491718517,-0.7698739097886431,-3.566400750821208,0.0,0.0,0.0,114.27855711422845,0.0,11.78481200772774,0.0,1.1907193093700252,0.4168501346206721,12.028337436567348,0.0,1.2835472578763163,4.534606205250591,0.9628610729023324,0.8631319358816336,2.8846153846153966,2.095808383233533,0.365630712979903,0.16286644951140072,0.20014256730822577,-21.74315566723979,0.8708272859216271,0.7954545454545325,1.3005346873320889,1.2004175365344594,1.059602649006619,11.508240319136064,0.9126466753585527,0.991325898389106,0.0,-0.07485029940119681,0.3919450370944544
2016-05-16,17710.7109375,4312.27978515625,6151.39990234375,9952.900390625,13893.5,19883.94921875,4775.4599609375,16466.400390625,88440000.0,48829700.0,445329500.0,85100100.0,213145800.0,1486067400.0,1741510000.0,125100000.0,2046.530029296875,2066.659912109375,3501360000.0,45.420166015625,3.57,0.37,1.75,3.63,0.26,279000.0,0.53,0.74,-0.38462,315.369,1.21,4.64,11183.2587,45.44,2.59,2401.68,2.17,2.81,3.5,2177000.0,2045.9352,0.9836104295726367,1,0.0,0.027114004350159426,-0.24359787487229223,0.5985494018658333,-0.27643776109288476,2.4307362248044972,-1.353692973848497,0.531555451393495,1.5439667598402096,3.3298282509639066,-56.485624483692476,-33.48276439447112,6.128376524580359,6.177918144502459,12.301352376441233,7.163251492215861,5.303030303030298,-0.5355893791028965,0.38713798240452846,-7.5821803189551895,3.298149371741421,-1.1080332409972304,8.823529411764696,-3.314917127071826,-0.819672131147553,30.000000000000004,-3.460207612456745,1.9230769230769162,-1.3333333333333308,-0.4915657663251416,-6.239798785219275,-3.200000000000003,-0.42918454935623185,-0.037087233022836674,2.758932609678877,-2.264150943396226,1.7229987293519544,-2.6905829596412634,-1.748251748251739,0.0,-0.36613272311213363,0.15056837247673371
2004-09-20,10204.8896484375,3703.68994140625,4579.5,3977.679931640625,8539.7998046875,13221.330078125,1908.0699462890625,11082.490234375,222360000.0,0.0,1498590600.0,68196100.0,111027300.0,464480800.0,1565540000.0,75700000.0,1128.550048828125,1122.199951171875,1197600000.0,15.75,5.75,1.49,4.14,5.48,1.65,341000.0,2.09,2.49,-0.7075,5.261,3.35,6.29,5059.0307,44.39,5.0,13.7,4.92,5.13,4.5,2865000.0,888.7991,-0.5626775403398261,1,0.0,-1.0651737867289346,-0.58275518082882,0.46067785455741195,0.6164422391787827,0.31009247599316225,0.6222407862700008,-0.12092141813909718,-1.5162040703156299,9.429133858267713,0.0,6.7272868544217435,-20.630315134290246,-9.437845183318805,73.4572866648592,-10.08224780021596,-12.18097447795824,0.41195144688048746,-0.3215429899887434,-7.862748115094631,-39.60907661199731,-1.3722126929674117,-0.666666666666671,-1.6627078384798155,-1.0830324909747224,1.2269938650306678,3.0211480362537735,-0.4761904761904856,-1.1904761904761862,0.1217027057624831,7.148676171079438,-2.0467836257309857,-1.1006289308176154,0.5537878306485666,2.4463420263097113,-1.3806706114398493,35.268562401263814,-1.4028056112224463,-1.724137931034475,0.0,-0.3478260869565264,0.27753483090897646
1992-07-20,3303.0,1767.9000244140625,2403.699951171875,1652.7099609375,3452.60009765625,5986.5,564.280029296875,15884.48046875,18060000.0,0.0,0.0,0.0,247800.0,0.0,117830000.0,0.0,415.6199951171875,413.75,165760000.0,7.209991455078125,8.09,3.28,6.92,8.09,3.19,392000.0,3.53,4.3,-0.9466,5.245,5.85,8.87,2499.8427,21.58,7.66,20.722,7.36,7.63,6.0,3238000.0,601.6003,-0.4499290551842289,1,0.0,-1.027778393500134,-4.920942174819731,-3.0101317914077885,-4.547081223320204,0.0985778305841567,-1.6332819129258103,-1.0416929801538855,-7.657659805756278,32.30769230769231,0.0,0.0,0.0,31.18051879301218,0.0,-11.359362070262547,0.0,0.24118470208300824,-0.26996291136242023,11.345469201316583,-47.639816938709934,-0.49200492004921603,1.2345679012345512,0.28985507246375164,0.12376237623761277,-0.9316770186335477,-3.9215686274509776,-3.0219780219780334,-2.4943310657596474,0.6368207865108833,-14.479047774335562,-1.3490725126475533,-0.22497187851520106,1.3666092463032076,0.4655493482309092,0.5249343832020914,-3.8154474563683594,0.0,-0.521512385919165,0.0,4.350628424105696,0.3441489015690191
1996-06-03,5624.7099609375,2121.10009765625,3739.199951171875,2543.989990234375,5234.2998046875,11059.7998046875,1238.72998046875,21588.51953125,23730000.0,0.0,0.0,0.0,959200.0,0.0,525170000.0,0.0,669.1199951171875,667.6799926757812,318470000.0,18.30999755859375,8.03,5.19,6.77,7.61,5.04,340000.0,5.7,6.17,-0.74923,5.175,6.55,8.27,2706.4001,20.37,6.93,14.176,7.09,7.54,8.25,2553000.0,736.0988,-0.21520840087196208,1,0.0,-2.3972455624678424,0.16055846261380236,-0.3438113629333328,-0.2172964820511547,-0.02292417749021336,-0.19762662984028623,-0.7268847575293114,-0.512633483395597,-18.927229244960706,0.0,0.0,0.0,21.43309279655652,0.0,-13.946057547355316,0.0,-1.0177522015994866,-1.596146988838787,-3.2447212517089485,0.0,0.24968789013732895,-0.5747126436781436,1.8045112781954753,1.0624169986719778,0.0,-0.8746355685131157,1.9677996422182487,2.3217247097844007,0.09619109965131045,0.9362200117027486,2.1840873634945357,0.8536585365853666,-0.6150380708213277,-8.40827338129495,1.3157894736842035,-20.94579522641088,0.9971509971510084,0.3994673768308976,0.0,-1.4285714285714235,-0.2687639931850394
2010-03-22,10785.8896484375,3928.0,5644.5,5987.5,11967.2001953125,20933.25,2395.39990234375,10824.7197265625,157200000.0,119579800.0,886165700.0,104197500.0,211048700.0,1572548900.0,2448130000.0,116300000.0,1157.25,1165.81005859375,4261680000.0,28.3900146484375,4.96,0.18,3.68,5.21,0.16,472000.0,0.41,0.97,-0.42746,52.167,2.42,6.21,7705.0607,81.44,4.59,1124.978,4.43,4.33,3.25,4743000.0,1212.3468,0.7396896602938,1,0.0,1.350659899893203,0.9532497212333846,0.9045585108709009,1.4218529255759726,-0.34640938354857376,-0.6919157462975001,1.405037738181325,0.6765196237466409,-2.0987731207573024,26.20186421931594,8.292016533563263,21.44216615132151,64.16319812570444,37.54367149102676,25.149143479349956,-11.017597551644986,0.7592287951289745,1.3298492580035681,2.343117737043454,0.3533950084573245,0.20202020202020332,12.5,-1.0752688172043001,-1.3257575757575801,0.0,-1.2552301255230103,5.12820512820511,4.3010752688172005,11.396033669507212,44.33899618172763,1.2552301255229992,-1.4285714285714235,0.34469073912275494,-0.391389432485334,-1.7130620985010725,-4.284724904665715,-1.7738359201773801,0.23148148148146586,0.0,-0.14736842105262937,-0.06025170522877543
2000-04-10,11186.5595703125,6364.89990234375,6533.39990234375,7516.9501953125,9460.900390625,16850.740234375,4188.2001953125,20619.060546875,150070000.0,0.0,816581000.0,25443200.0,98460400.0,0.0,1446140000.0,0.0,1516.3499755859375,1504.4599609375,853700000.0,110.7799072265625,8.2,6.12,5.92,7.58,5.7,268000.0,6.17,6.38,-0.05908,5.057,6.2,8.3,3545.8955,25.6,5.79,8.7,6.12,7.83,9.0,2027000.0,1027.9847,-0.7841207399263512,1,1.0,-0.31518747820081794,3.8273988268862746,1.1033534549141466,1.1808773724793387,0.919498154784737,-0.24974621871668434,-0.8400252621444615,-0.5207205015275274,-46.393998928380064,0.0,-14.035056321718075,-24.97154349274875,10.924297797745929,0.0,-16.8846843533036,0.0,1.1857905518790623,-0.10026825202363865,-16.443182930410106,41.58987864736592,-0.36452004860269005,1.830282861896837,-3.4257748776509,-0.6553079947575369,-0.17513134851138146,0.7518796992481258,-2.0634920634920673,-2.8919330289193357,-23.102954575035785,-0.1973554371422881,-3.4267912772585674,-0.47961630695442237,1.2970460585189247,-4.903417533432397,-2.5252525252525304,53.38504936530324,-2.857142857142858,-0.12755102040815647,0.0,0.049358341559724295,-0.036903268316812454
2011-02-07,12161.6298828125,4090.800048828125,6051.0,7283.6201171875,13811.900390625,23553.58984375,2783.989990234375,10592.0400390625,132960000.0,135168800.0,694875000.0,93205600.0,240762100.0,1480979600.0,1768090000.0,162300000.0,1311.8499755859375,1319.050048828125,3902270000.0,47.75,4.81,0.17,3.54,5.19,0.15,402000.0,0.28,0.67,-0.62623,97.314,2.1,6.17,7899.1313,89.52,4.65,1087.983,4.41,4.08,3.25,3928000.0,1197.0427,0.5488488299869495,1,0.0,2.267926252507113,2.1295730577487237,3.2083115998800427,2.912620555446588,1.9178009933958018,0.4531430887598997,3.1076823531709596,3.458906886259827,-35.63752541388324,-9.687213113877835,-25.395760793605515,0.2011427834248014,4.093354616454192,-24.547605461585487,-9.436001454687016,11.164383561643842,2.769289117582252,2.5604184551953013,-6.356607377686485,73.19507292321587,0.2083333333333215,0.0,4.117647058823537,2.5691699604743157,-6.25,-4.285714285714281,7.692307692307709,11.66666666666667,1.321878134808907,6.117508505626801,6.060606060606055,1.4802631578947345,-0.1487807735482849,3.9600510974335146,2.422907488986792,0.9212922208689633,2.7972027972027913,-0.24449877750610804,0.0,1.0547980447646044,0.15471971693286068
1999-04-26,10718.58984375,4284.39990234375,6503.60009765625,5269.1201171875,7052.10009765625,13127.01953125,2652.050048828125,16918.509765625,86860000.0,0.0,463347000.0,0.0,62220800.0,0.0,1050470000.0,0.0,1356.8499755859375,1360.0400390625,712000000.0,79.4400634765625,6.88,4.61,5.2,6.65,4.26,291000.0,4.7,5.0,-0.42857,6.79,5.1,7.48,3327.075,17.93,5.56,8.435,5.83,6.51,7.75,2193000.0,949.6729,0.23510804687046655,1,0.0,2.6632705718016236,-2.167905318920249,-0.17957281141279813,0.31833476419587114,2.0904193618845657,2.824429437073128,13.064402324863211,1.4651297686031794,-40.09655172413793,0.0,-11.323015209249188,0.0,431.24775874728914,0.0,-12.532993613602116,0.0,2.8695963294873117,5.471977825363372,-41.370223978919626,1.9769429779818992,0.14556040756914523,-1.4957264957264793,1.1673151750972943,0.7575757575757791,1.4285714285714235,-7.324840764331208,0.6423982869379063,0.8064516129032251,1.137463126843663,39.913455594477654,0.990099009900991,0.5376344086021501,-0.37135165089663413,6.917113893858073,0.9074410163339319,0.8368200836820217,0.865051903114189,0.6182380216383399,0.0,-1.6591928251121102,0.17976330022675402
2014-09-15,17031.140625,4428.6298828125,6804.2001953125,9659.6298828125,15482.599609375,24356.990234375,4518.89990234375,15948.2900390625,71740000.0,77011900.0,529231800.0,55750900.0,149597200.0,1479611400.0,1940520000.0,183400000.0,1986.0400390625,1984.1300048828125,2776530000.0,29.22998046875,4.12,0.09,2.54,4.13,0.02,288000.0,0.11,0.57,-0.71904,39.081,1.78,4.79,10308.8949,92.43,3.27,2787.045,3.01,3.26,3.25,2465000.0,1720.889,-0.09617299460836257,1,0.0,-0.46915625495446145,-1.0346595622727661,-0.4477030820129402,-1.008404235974314,-0.172803464834137,-3.3086308907688378,-1.5981163231086448,1.5484111990069938,9.293113954905552,-8.950981817837889,-29.821973074844777,5.163987150394345,12.633397029615011,16.30014638802637,16.18419240694284,91.84100418410041,-1.0527261975910696,-0.8698319214159755,-0.4503260920228458,44.13184537782753,0.4878048780487809,12.5,4.098360655737698,2.481389578163773,-33.33333333333333,-6.1889250814332275,9.999999999999986,7.547169811320731,-1.4689761017320668,-8.834095362508165,4.705882352941182,2.1321961620468954,-0.19684241237331035,-1.732936423559428,2.5078369905956244,0.3469420600278772,2.7303754266211566,0.6172839506172645,0.0,0.5301794453507425,-0.02740274016944655
1993-03-15,3442.409912109375,1986.0,2922.39990234375,1705.050048828125,3562.10009765625,5854.60009765625,695.2100219726562,18086.1796875,16910000.0,0.0,0.0,0.0,435700.0,0.0,187580000.0,0.0,449.8299865722656,451.4299926757813,195930000.0,11.20001220703125,7.47,3.02,5.96,7.54,2.98,346000.0,3.39,4.03,-0.97542,5.395,5.24,8.11,2489.007,20.45,6.76,23.585,7.36,6.97,6.0,2618000.0,592.6507,0.35569129477290623,1,0.0,-0.7785165927976734,-0.9130393844387075,-1.1801354582942847,0.16331306226262665,0.3125907534849315,-9.681899335816391,1.1611893733831646,2.2599702964163138,-47.90511398644486,0.0,0.0,0.0,-18.101503759398497,0.0,-14.713103573701913,0.0,0.8316129058738131,-0.7213386204250272,-28.82778161211813,-18.426597674170488,0.40322580645160144,-6.790123456790131,1.0169491525423568,-0.2645502645502562,1.0169491525423568,-2.259887005649719,2.7272727272727337,4.675324675324677,0.5504700643245819,-10.33737743061327,2.946954813359537,-0.12315270935960854,-0.3580135711283128,-1.1599806669888912,-0.44182621502208974,-8.913605993897967,0.0,0.868306801736618,0.0,-2.42266120014909,-0.0888603720503367
2006-09-04,11464.150390625,5203.240234375,5986.60009765625,5909.72021484375,12145.099609375,17513.880859375,2193.159912109375,16358.0703125,168010000.0,73468400.0,992682900.0,62858100.0,146618500.0,307024000.0,1325540000.0,109100000.0,1303.800048828125,1311.010009765625,1800520000.0,20.6300048828125,6.44,5.25,4.76,5.57,4.93,315000.0,5.03,4.83,-0.62374,5.095,4.73,6.5,5879.7824,70.01,4.91,12.426,4.98,6.14,8.25,2467000.0,1152.2439,0.552995909455627,1,0.0,0.9878482076325579,1.0628338752916466,1.8371720852904838,0.9347578437864268,-0.18328303938434098,3.4959324633330846,1.502289150323488,3.777808562252938,-7.079254466014051,49.393425488736796,-4.956188806773188,-14.136606968449783,21.40117030534421,50.844170009216995,-0.6237536173211544,23.977272727272727,0.6725465595199376,0.7090276591303457,-1.8747411331284214,35.72306234389933,-0.6172839506172867,0.190839694656475,-1.039501039501034,-0.8896797153024827,-0.8048289738430636,0.31847133757962887,-0.7889546351084853,-0.8213552361396315,0.36849304046986386,1.961176706023604,-0.8385744234800652,-0.45941807044410643,-0.566583443341262,-2.9256794231835803,-0.8080808080808133,75.33512064343164,-0.994035785288272,-0.6472491909385147,0.0,0.40700040700041296,-0.09891755119367796
2020-11-09,29157.970703125,5336.31982421875,6186.2998046875,13095.9697265625,16475.900390625,26016.169921875,11713.7802734375,24839.83984375,673310000.0,0.0,2067706200.0,189268100.0,476657600.0,2350101500.0,5863900000.0,67000000.0,3583.0400390625,3550.5,8570510000.0,412.050048828125,2.78,0.09,0.83,2.32,0.1,737000.0,0.13,0.15,-0.50486,1621.346,0.36,3.39,15878.0731,37.71,1.6,2966.737,1.37,2.32,3.25,6341000.0,2660.8941,-0.9081684465634405,1,0.0,8.293094560957904,13.753153150340026,9.395222010389027,11.093131676480517,4.962763224676259,6.3620586057040684,6.9008652216509425,6.629437744680566,77.1915050396063,0.0,173.8449398899114,141.50334052989123,141.78744855789645,-0.2255103265957792,82.73293861015894,-3.8737446197991354,8.702144655655575,7.25808432241839,98.63559143298824,77.21056864643292,-1.067615658362997,0.0,1.2195121951219523,-2.1097046413502185,0.0,-4.657179818887447,8.333333333333348,-6.25,3.0957729221972485,-3.5448765655739956,0.0,-1.1661807580174988,0.31396141592043847,1.0450160771704242,0.0,2.983774191790345,0.0,0.0,0.0,-5.428784489187177,-1.0002645306775637
2023-06-05,33562.859375,7200.91015625,7600.0,15963.8896484375,19931.599609375,19108.5,13229.4296875,32217.4296875,367170000.0,54498100.0,548992900.0,63777600.0,217525700.0,2096394500.0,4344280000.0,98800000.0,4282.990234375,4273.7900390625,3813290000.0,108.93017578125,6.79,5.08,3.66,4.67,5.25,255000.0,5.18,4.42,-0.25333,48.954,3.77,5.8,17337.0898,69.85,3.87,3309.447,4.02,6.18,8.25,1744000.0,2760.954,-0.21480775834275392,1,0.0,1.4187734857431522,-1.4088523868809655,-0.3566209698968814,0.06995153406095245,-0.18229362292166984,3.0046215228031414,1.9554971597654847,3.150109320084349,11.165945078567319,62.87829429099148,-32.85389086769306,163.03295253020994,307.85711875021093,-4.561615303906541,-2.0250018605930897,26.181353767560655,3.0516167172786712,1.6250303909477681,2.633052165815264,0.0,3.348554033485529,0.0,-2.659574468085102,-2.5052192066805867,0.9615384615384581,10.389610389610393,0.5825242718446422,0.9132420091324311,1.1701277955271427,-20.980759297520656,-1.308900523560208,-1.861252115059231,0.20345640891907824,-3.814376204902248,-2.518891687657432,2.138003784984255,-2.1897810218978297,3.5175879396984966,0.0,1.869158878504673,-0.020539404151598273
2015-06-08,17766.55078125,4857.66015625,6790.0,11064.919921875,14743.2998046875,27316.279296875,5021.6298828125,20457.189453125,86300000.0,100424300.0,539187300.0,98832900.0,153647900.0,2391660200.0,1712210000.0,139800000.0,2092.340087890625,2079.280029296875,2917150000.0,42.809814453125,3.87,0.1,2.31,4.13,0.02,278000.0,0.27,0.67,-0.54781,185.794,1.65,5.04,10709.2744,59.66,3.04,2444.765,2.8,3.08,3.25,2250000.0,1868.7276,-0.6241843125472202,1,0.0,-1.5178090716469361,-3.335913377369626,-2.35273952137961,-3.245262911152924,-2.19449130136945,-1.0177889963485565,-1.206003050382809,-0.5477900064879915,0.7706679121905591,3.442440074040265,-22.415621763794036,30.581594916940503,10.039948664033016,21.22340511805756,-9.984122978571275,-19.377162629757784,-0.7730008687055201,-1.5366524826565198,-3.1397445305158866,24.84621080511491,0.0,-23.076923076923073,8.450704225352123,4.556962025316458,100.0,1.090909090909098,3.8461538461538547,6.349206349206349,0.003651034155427446,5.819099312552334,8.552631578947366,3.703703703703698,-0.2507183180032402,2.5262072521051726,5.190311418685112,-2.6296892094961444,6.060606060606055,-0.9646302250803762,0.0,-1.9180470793374038,-0.11187070058298332
2016-12-19,19883.060546875,4822.77001953125,7017.2001953125,11426.7001953125,15269.900390625,21832.6796875,5457.43994140625,19391.599609375,302310000.0,94842000.0,626061400.0,80884600.0,206908400.0,1328500400.0,1688680000.0,106000000.0,2259.239990234375,2262.530029296875,3252840000.0,29.090087890625,4.16,0.41,2.54,4.09,0.52,260000.0,0.89,1.23,-0.44666,324.525,2.0,4.87,11473.0969,51.91,3.16,2138.296,2.87,3.37,3.5,2078000.0,2086.2034,0.14562592184634132,1,0.0,0.4376085018487075,1.3023103352113763,1.8402457733348587,2.113367266570809,-0.11643219359415147,-2.6761437215962136,0.8295532600166577,1.2350297607667704,-9.39579212371876,-3.5889095021474526,-31.789746498466076,-9.939796262625023,-13.283113064338892,-34.05400838578607,-12.586963723703825,-47.158524426719836,0.01814709806393644,0.24679517828314346,-19.461232776656722,-61.55151773296805,0.7263922518159882,0.0,5.833333333333335,0.9876543209876631,4.0000000000000036,3.1746031746031855,5.952380952380953,9.821428571428559,1.3133123142876624,-5.4841199341789215,8.695652173913038,0.8281573498964745,0.28779986622753384,1.8442220914263174,2.5974025974025983,-0.2650678947881513,2.8673835125448077,0.29761904761904656,0.0,2.364532019704435,-0.21727650239309337
2018-12-03,25826.4296875,5053.97998046875,7062.39990234375,11465.4599609375,15275.0,27182.0390625,7441.509765625,22574.759765625,388480000.0,101898900.0,864783000.0,101248500.0,294475600.0,2549703200.0,2643150000.0,70500000.0,2790.5,2790.3701171875,4221580000.0,169.08984375,4.81,2.2,3.05,4.2,2.34,232000.0,2.7,2.82,-0.43047,340.596,2.87,5.27,12305.9935,51.01,3.32,1738.659,3.21,4.25,5.25,1694000.0,2274.6294,-0.004654463805769575,1,0.0,4.814033637018578,1.181185915272942,0.3752118013608641,0.9752793291404771,1.7471860576380394,3.0552543414082978,5.078611704698188,3.496973068150555,26.83818727961342,8.13022882683272,7.808745420874397,13.209540826481025,19.758056480871076,58.17192026065796,29.762728839271247,-9.615384615384615,5.303080066963473,4.373381516432517,19.811438561438564,37.38197629211166,0.0,0.0,-0.326797385620925,0.0,-0.42553191489362874,-2.1097046413502074,1.1235955056179803,0.7142857142857117,-5.29546354556254,3.1477701528155544,-0.3472222222222099,0.7648183556405286,0.19423981822317415,-7.237679578105116,0.302114803625364,-1.0849226473477969,-0.31055900621118626,0.2358490566037652,0.0,0.5938242280284944,-0.22440227092045406
2020-09-07,28133.310546875,5053.72021484375,5937.39990234375,13100.2802734375,16218.0,24589.650390625,11313.1298828125,23089.94921875,694640000.0,61686000.0,542562600.0,54819100.0,260641900.0,1682872900.0,4284440000.0,57300000.0,3453.60009765625,3426.9599609375,4438720000.0,238.480224609375,2.93,0.09,0.68,2.32,0.11,892000.0,0.12,0.14,-0.5003,1639.159,0.27,3.34,15594.7328,41.84,1.42,2851.916,1.2,2.42,3.25,12765000.0,2792.8162,-0.7713729431739665,1,1.0,-1.0437555551983224,2.1527240627060573,-0.43933521502886874,1.1965689074189267,-1.7947995907454328,-2.3330786267566017,-3.926216722392828,-0.21525956785858336,34.27665661486121,-36.68847663767223,-41.553657408649215,-7.9628084396233145,8.18994036811873,-47.33415593809834,18.615190819617666,-29.259259259259263,-1.5992649897529576,-2.0955314365984634,2.0799028581416135,76.05218764193178,0.6872852233676952,0.0,-2.857142857142847,-2.9288702928870425,0.0,1.2485811577752637,-7.692307692307699,-6.666666666666654,-0.7774384197374196,1.0149196704237973,-6.896551724137923,-0.8902077151335397,0.2577449309905333,-2.539017004425803,-0.6993006993006978,1.28283532104978,-1.6393442622950838,-1.6260162601625994,0.0,-5.4514480408858645,-0.539989793370943
2017-02-06,20052.419921875,4778.080078125,7172.2001953125,11509.83984375,15456.900390625,23348.240234375,5663.5498046875,18976.7109375,281720000.0,76878800.0,614802900.0,92395100.0,189735800.0,1439947300.0,1736140000.0,120500000.0,2294.280029296875,2292.56005859375,3112390000.0,31.81005859375,4.19,0.65,2.48,4.0,0.51,230000.0,0.83,1.21,-0.47561,374.841,1.92,4.71,11581.395,53.33,3.08,2155.126,2.8,3.41,3.75,2064000.0,2083.9371,-0.07496777556190981,1,0.0,0.40703284692484853,-0.13710662466349666,0.754375153648934,-1.4727908742958595,0.33625735998796813,-0.0536757029406032,0.8878236335116307,-2.024584215291725,-11.2077660110943,-7.802160111099655,-30.921542500747467,22.70070065284484,-5.990267840022357,85.10754049022127,-2.594284047172879,23.21063394683027,0.3617665493992339,0.5112085908732134,-13.425441719702702,-27.65503800645194,0.0,-1.5151515151515138,0.0,0.7556675062972307,2.0000000000000018,-4.56431535269709,2.4691358024691246,0.0,0.15794128795854068,-4.093981711279748,-1.0309278350515427,0.4264392324093702,0.5465191068116937,1.118695487296173,0.6535947712418277,1.8251384244815982,0.35842293906809264,0.2941176470588225,0.0,-0.6737247353224229,0.008412669816659779
2018-11-19,25017.439453125,4985.4501953125,7000.89990234375,11244.5400390625,15071.0,26372.0,7028.47998046875,21821.16015625,358090000.0,75776800.0,776442400.0,78718200.0,225780400.0,1320040400.0,2381430000.0,72100000.0,2730.739990234375,2690.72998046875,3806940000.0,123.35009765625,4.94,2.19,3.11,4.22,2.33,225000.0,2.7,2.86,-0.47715,341.094,2.95,5.21,12277.2522,56.92,3.35,1801.383,3.26,4.36,5.25,1749000.0,2272.3212,-1.4651709759518703,1,0.0,-1.4564053153058643,-1.4555908416703511,-0.7401028567543766,-0.7143244549936867,-0.5634609038028926,2.882281174271495,-2.3940181382702375,-2.0149218846678307,3.222737885907012,-1.6755311211772428,9.556613434993611,-15.548470085644306,-6.391355415779943,12.710407667898348,3.3005977426323163,21.585160202360875,-1.556994677969592,-1.3018021515417866,2.846629943510459,7.532159062853827,0.0,-0.454545454545463,-3.1152647975077885,0.0,0.8658008658008587,1.8099547511312153,-1.098901098901095,-2.7210884353741527,-3.819794396291065,6.597204860243022,-3.5947712418300637,0.3853564547205979,0.11217927587381382,-7.552379405554655,-2.0467836257309857,-1.3552149325541274,-2.395209580838331,0.6928406466512715,0.0,5.045045045045038,0.5969932922534671
1995-08-07,4693.31982421875,1950.4000244140625,3483.5,2244.56005859375,4613.89990234375,9318.400390625,995.219970703125,16615.4609375,19590000.0,0.0,0.0,0.0,373500.0,0.0,362450000.0,0.0,558.9400024414062,560.030029296875,277050000.0,11.52001953125,7.82,5.83,6.48,7.57,5.42,351000.0,5.68,5.91,-0.72493,6.377,6.19,8.19,2623.116,17.72,6.89,20.889,6.92,7.31,8.75,2592000.0,702.9491,0.19501679083758505,1,0.0,-0.3217688534428276,1.5833346048990782,0.5832573235665883,0.9921237128848848,-0.02600583491373376,-1.428057571050101,-0.5982811935630883,-0.3721675931136259,-33.02564102564103,0.0,0.0,0.0,-7.135753356539032,0.0,-5.9963171408564,0.0,-0.7087897760446826,-0.3611657599786988,-5.1036136324713155,-20.497040921631815,0.38510911424904926,1.3913043478260834,0.3095975232198178,0.1322751322751392,-0.3676470588235392,0.0,-0.6993006993006978,-0.5050505050505083,1.149730008790395,13.55056980056981,-0.32206119162639935,0.0,-0.43557415122709164,1.7805858701895438,0.14534883720929148,10.185673594261013,0.28985507246375164,0.5502063273727709,0.0,0.27079303675048294,0.6227611424874269
2002-01-21,9771.849609375,4423.7998046875,5138.5,5069.740234375,7582.89990234375,11000.25,1930.3399658203125,10280.25,253830000.0,0.0,768790000.0,47206900.0,794100.0,213151400.0,1693010000.0,0.0,1138.8800048828125,1127.5799560546875,1333300000.0,35.4801025390625,6.83,1.74,4.92,6.47,1.58,405000.0,2.03,2.86,-0.44689,5.712,4.19,7.78,4066.2976,18.61,5.37,9.614,5.6,6.31,4.75,3557000.0,1014.0993,-0.9922071491006415,1,0.0,-1.2088285953320899,-0.6773823959509429,0.4889019262735994,0.07699395846103574,-0.5299529518556834,-1.866104639857491,-3.034048881840734,-1.5451654983993923,10.384866275277238,0.0,-22.575388764624304,-35.362587528445886,-99.19851511830001,1.4330446369087202,-6.030028029861512,0.0,-0.5865896339329102,-0.9513336846862841,3.645833333333326,-8.603421872690742,-3.257790368271951,6.0975609756097615,-2.3809523809523836,-1.3719512195121908,-3.0674846625766805,-3.1100478468899517,-4.694835680751175,-4.026845637583898,7.801230249668323,13.04175737185831,-2.7842227378190088,-0.8917197452229186,-0.6428955535647596,-9.396299902629012,-1.6483516483516425,38.37075417386298,-1.9264448336252293,-3.6641221374045796,0.0,1.6285714285714237,-0.3090510026561022
1994-11-14,3829.72998046875,1941.0999755859373,3095.300048828125,2091.0400390625,4177.2001953125,9378.900390625,768.1400146484375,19261.44921875,25530000.0,0.0,0.0,0.0,482800.0,0.0,263820000.0,0.0,462.4400024414063,466.0400085449219,260380000.0,8.70001220703125,9.19,4.74,8.0,8.74,5.22,329000.0,6.42,7.04,-0.56214,5.503,7.69,9.37,2516.9666,18.25,8.13,22.926,8.26,8.67,7.75,2528000.0,635.1638,0.7784806860370408,1,0.0,0.5476653873577986,1.8362100859500297,0.9622284405428339,2.336416047254297,-0.25787499253820956,-0.5872127790021553,0.7647829765469627,-1.8235764294043166,2.90205562273278,0.0,0.0,0.0,28.67803837953091,0.0,7.169841979120117,0.0,0.028120716294055548,0.6413719683260766,2.0977924165784367,-35.507646366844625,1.5469613259668336,-0.6289308176100517,0.7556675062972307,0.691244239631339,2.35294117647058,0.304878048780477,2.2292993630573132,1.2949640287769792,-3.1060397131825734,-10.06700441248569,1.0512483574244502,0.5364806866952732,-0.31956379864251927,-2.354200107009108,0.6188118811881305,-6.8692367063411535,0.6090133982947554,1.8801410105757865,0.0,-0.3940110323089052,0.20539174227067747
1992-09-07,3281.89990234375,1779.300048828125,2372.199951171875,1538.6600341796875,3456.800048828125,5664.39990234375,573.4400024414062,18440.1796875,13210000.0,0.0,0.0,0.0,323100.0,0.0,122380000.0,0.0,417.9800109863281,417.0799865722656,124380000.0,6.959991455078125,7.94,3.33,6.53,7.93,3.1,416000.0,3.39,4.07,-0.89465,5.744,5.48,8.64,2478.1757,21.66,7.37,22.279,7.36,7.44,6.0,3167000.0,598.1578,-0.21532714254412977,1,0.0,0.7521336260362776,5.602707759879744,2.5771794084082034,0.5679891529223102,1.5839474574979695,0.6360338994843007,1.8326479993080458,2.098765552254056,3.2031249999999956,0.0,0.0,0.0,28.72509960159362,0.0,-8.350183479367935,0.0,0.7496362488837338,0.7366586483977366,-22.974981421847907,-42.24082258044093,-0.8739076154806402,1.8348623853211121,-2.0989505247376306,-0.5018820577164407,-1.898734177215189,1.9607843137254832,-3.693181818181812,-4.235294117647048,-1.8378319069563331,2.206405693950164,-3.690685413005268,-0.575373993095496,-0.4794957921031573,1.0732617825478297,-0.9408602150537626,13.011058131277276,0.0,-0.9320905459387352,0.0,-0.25196850393700565,0.2188651616021664
1998-04-06,9033.23046875,3986.800048828125,6105.7998046875,5345.89013671875,7645.7998046875,11052.7001953125,1829.1400146484373,15705.990234375,76620000.0,0.0,0.0,0.0,76803500.0,0.0,761070000.0,0.0,1122.699951171875,1121.3800048828125,625810000.0,41.969970703125,7.15,5.6,5.61,6.67,5.0,312000.0,5.36,5.55,-0.63075,5.033,5.58,7.3,3197.983,15.98,5.89,11.85,5.97,6.79,8.5,2166000.0,862.6159,-0.11756892727079386,1,0.0,2.859336335779017,4.910270513495152,3.279823839149909,5.443904947783107,1.029346362253336,-3.921309628416769,0.5740399052540424,-3.425250158331483,74.01771519418578,0.0,0.0,0.0,47.32082058561193,0.0,16.055689408033192,0.0,2.4884987971709682,2.540236824894837,25.816244471250506,77.23856360768302,0.9887005649717562,3.130755064456725,-0.3552397868561208,-0.2989536621823663,-0.990099009900991,0.0,-0.5565862708719727,-0.35906642728905647,-1.100710287407669,-2.856591391623231,-0.7117437722419906,0.0,0.9205116728698837,-2.679658952496966,-0.5067567567567655,22.08942921903978,-0.33388981636061077,1.4947683109117982,0.0,-2.2121896162528243,-0.21822955977571779
1997-06-16,7772.10009765625,2795.89990234375,4745.10009765625,3750.02001953125,6537.5,14394.599609375,1431.949951171875,20681.0703125,45000000.0,0.0,0.0,0.0,48131800.0,0.0,500070000.0,0.0,893.27001953125,893.9000244140625,414280000.0,51.80999755859375,7.72,5.48,6.52,7.44,4.88,335000.0,5.72,6.12,-0.6335,5.254,6.4,8.06,2947.4586,18.88,6.8,8.373,6.87,7.27,8.5,2265000.0,811.4829,0.07052793321588244,1,0.0,3.9259222792839443,4.083834158511457,1.24607719525478,2.2190941453461344,1.0838992286660076,-1.7775382422740793,1.41001045002902,2.26094769897347,1.4884979702300516,0.0,0.0,0.0,-9.968219764351138,0.0,-10.519629245249263,0.0,4.109510304577535,3.591342345552029,-11.062450355295073,55.725780412991476,-1.6560509554140124,-1.0830324909747224,-1.3615733736762614,-0.9320905459387352,-0.6109979633401319,1.823708206686936,-0.694444444444442,-1.1308562197092087,0.27542104596680606,5.227318245543744,-1.2345679012345734,-0.8610086100861003,0.5475149200451002,-6.163021868787288,-0.8746355685131268,-34.3911612599906,-0.8658008658008587,-1.7567567567567721,0.0,-0.4833040421792667,0.10327569738541875
1997-02-10,6806.5400390625,2595.39990234375,4307.7001953125,3185.719970703125,6081.2998046875,13643.5,1335.3399658203125,18181.169921875,40360000.0,0.0,0.0,0.0,952200.0,0.0,629500000.0,0.0,789.5599975585938,785.4299926757812,471590000.0,20.030029296875,7.74,5.3,6.46,7.34,4.99,315000.0,5.53,5.89,-0.7326,6.207,6.2,7.98,2864.0008,23.49,6.74,11.106,6.8,7.25,8.25,2436000.0,785.1748,-0.5230767637143382,1,1.0,0.005581455678083103,3.460089344993489,1.171975971487993,3.948837454217169,-0.9705433829576449,1.430369235321871,-2.9584740062675863,0.5264899396393519,3.3282130056323522,0.0,0.0,0.0,-0.5119632222338355,0.0,17.10756408825389,0.0,0.4324850577755557,-0.16523938647846625,1.723468507333914,-33.47712042033398,-1.7766497461928932,2.316602316602312,-2.4169184290030232,-1.8716577540107027,-0.9920634920634885,-5.405405405405405,-1.6014234875444844,-2.321724709784423,1.918448546903928,-21.390577507598785,-2.515723270440251,-1.724137931034464,0.7341739499318045,-3.094059405940597,-2.1770682148040565,-5.279317697228148,-2.158273381294973,-1.7615176151761558,0.0,1.3732833957553092,0.3342238728745617
2010-07-19,10154.4296875,3486.330078125,5148.2998046875,6009.10986328125,11543.5,20090.94921875,2198.22998046875,9408.3603515625,176970000.0,98873200.0,687707400.0,80327500.0,157275100.0,1040734400.0,1735090000.0,134000000.0,1066.8499755859375,1071.25,4089500000.0,38.3499755859375,4.57,0.17,3.05,4.75,0.15,462000.0,0.28,0.63,-0.23477,18.262,1.81,6.08,7727.2117,76.35,4.02,1058.516,3.83,4.06,3.25,4545000.0,1188.5242,0.4124314116092949,1,1.0,-0.6053074809825754,-2.2796408847245986,-0.3619159146990514,-1.1202558876948099,-0.1928081504442236,-1.8394125422593999,-0.005919273766186173,-1.4636403943229515,34.588181610768885,21.02990212159641,10.387430511001462,17.27207296117914,7.564566055646971,-37.88445147075053,-1.859760063801985,8.414239482200658,-0.9635829925839667,-0.6952491309385911,19.33212527611694,-52.07456014229827,0.0,-5.5555555555555465,0.9933774834437026,0.6355932203389925,-6.25,5.239179954441919,-9.677419354838701,0.0,23.699878813425368,-29.7182881773399,0.5555555555555536,0.0,0.4972507270211812,2.634762736926999,1.2594458438287104,1.096911170729431,1.055408970976246,-0.24570024570026439,0.0,1.4056224899598346,-0.17281468378019804
2004-01-19,10600.509765625,3689.969970703125,4518.10009765625,4139.919921875,8580.400390625,13253.3095703125,2140.4599609375,11036.330078125,254170000.0,0.0,1412471000.0,90095200.0,0.0,223116000.0,2614390000.0,90500000.0,1132.050048828125,1139.8299560546875,1721100000.0,24.6400146484375,5.66,0.99,4.04,5.46,0.87,362000.0,1.19,1.67,-0.76499,4.886,3.0,6.37,4658.7841,34.51,5.07,7.855,4.92,4.97,4.0,3139000.0,876.2888,0.6872405716174916,1,0.0,1.0999342077322005,3.647927571822307,1.539464187716133,3.6039353472211877,2.3865208185486653,-0.7407768766209744,1.358092757898377,0.6500679404759957,28.3946251768034,0.0,-19.655450469995404,-33.49022896525658,-100.0,-43.05188364529611,14.464910398816123,-4.8370136698212445,0.9083186502430785,1.1177821566365598,13.965037743345254,-8.196967354030038,-3.5775127768313486,2.0618556701030855,-5.386416861826692,-2.8469750889679735,-1.1363636363636354,2.259887005649719,-7.751937984496127,-8.743169398907114,1.9891476795498964,-8.140627937582245,-7.407407407407418,-2.896341463414631,0.275452796183262,1.8294482148126123,-2.8735632183907955,-20.16465087915439,-3.718199608610573,-3.868471953578345,0.0,-0.47558655675332684,-0.3197929337057204
2007-02-05,12661.740234375,5681.10986328125,6317.89990234375,6874.06005859375,13166.7001953125,20455.619140625,2470.60009765625,17344.80078125,204140000.0,103841700.0,1300078700.0,102908200.0,140378600.0,819094000.0,1875310000.0,152400000.0,1448.3299560546875,1446.989990234375,2439430000.0,32.4200439453125,6.34,5.27,4.86,5.5,5.0,310000.0,5.1,4.96,-0.70995,5.055,4.85,6.42,6163.9667,57.11,4.95,13.124,5.04,6.06,8.25,2575000.0,1193.9718,-0.09251799389433496,1,0.0,1.3686892027158448,1.0927570125533137,1.2500200519354854,2.2011608387100257,1.704775183937124,1.081894147191731,1.2088865508083302,-0.7192721285348203,-12.95040723210098,-1.5141571081448646,-14.166615884988643,-47.027468881761244,-35.18254390043555,20.371925669534253,-2.0930353973060423,2.144772117962468,1.8494635286159467,1.8562314487916343,-10.659297998886641,36.620609477561274,1.4399999999999968,0.3809523809523707,0.6211180124223725,0.5484460694698434,0.0,0.6493506493506551,0.0,0.20202020202020332,0.873827791986348,-1.1150234741784115,0.6224066390041472,0.46948356807512415,0.24502103676875553,6.608176218032469,0.6097560975609762,111.9166801227192,0.5988023952095967,1.3377926421404451,0.0,2.182539682539675,-0.041616822338363946
1997-02-03,6806.16015625,2508.60009765625,4257.7998046875,3064.699951171875,6140.89990234375,13451.099609375,1376.050048828125,18085.94921875,39060000.0,0.0,0.0,0.0,957100.0,0.0,537540000.0,0.0,786.1599731445312,786.72998046875,463600000.0,30.1099853515625,7.88,5.18,6.62,7.48,5.04,333000.0,5.62,6.03,-0.71881,7.896,6.36,8.12,2843.1273,24.24,6.89,11.725,6.95,7.38,8.25,2403000.0,782.5593,0.07250525894097604,1,0.0,2.18401120789955,3.0141322255305303,1.0873647836538547,2.410983982440107,1.6570669595535215,1.1748806998219008,1.717904896311384,4.332582311988253,-18.21608040201005,0.0,0.0,0.0,8.477842003853574,0.0,-0.044627914760686505,0.0,2.029791986818963,2.8378291264589794,4.002153625269211,-1.2463266793180994,0.3821656050955413,-0.19267822736032114,0.6079027355623046,0.9446693657219951,0.0,-2.0588235294117685,0.17825311942958333,0.0,1.7121591600514963,21.03004291845494,0.3154574132492094,0.24691358024691024,-0.4158319758607254,-0.6557377049180357,0.7309941520467822,32.411067193675876,0.43352601156070314,0.40816326530612734,0.0,-3.57142857142857,-0.09579863494605378
1996-04-01,5637.72021484375,2055.60009765625,3718.39990234375,2500.75,4994.2998046875,10926.7998046875,1106.5699462890625,21560.390625,32470000.0,0.0,0.0,0.0,824900.0,0.0,463880000.0,0.0,645.5,653.72998046875,392120000.0,10.6099853515625,7.69,5.22,6.32,7.39,5.0,393000.0,5.42,5.78,-0.74404,5.048,6.08,8.09,2694.639,22.03,6.65,19.357,6.81,7.19,8.25,2675000.0,729.2546,1.274977609411309,1,0.0,-0.10878456563820915,2.5850907059523642,0.9913360212961075,-0.5586944709450092,0.5435548700829518,-1.664896805663818,1.7919382094609304,3.083612817796366,-8.945597307908015,0.0,0.0,0.0,19.637418419144304,0.0,-2.6913637221791076,0.0,-0.7869409418112538,0.5676577696965834,16.45975645975646,-40.49368938851937,-1.5364916773367376,-2.6119402985074758,-0.6289308176100628,-0.26990553306343035,0.0,-7.746478873239438,-0.3676470588235392,-0.17271157167529916,-3.0389908256880704,-30.228058051140295,0.0,-0.12345679012345512,-0.08023204663804018,-4.879101899827287,-0.2998500749625155,9.752225435164696,-0.14662756598241566,-1.7759562841530019,0.0,-2.300949598246893,0.17955965231009063
2008-03-31,12262.8896484375,4707.06982421875,5702.10009765625,6534.97021484375,13350.099609375,22849.19921875,2279.10009765625,12525.5400390625,273610000.0,142322200.0,1374906100.0,129101300.0,240603300.0,1816950800.0,1788360000.0,124100000.0,1315.9200439453125,1322.699951171875,4188990000.0,84.530029296875,5.85,2.18,3.52,5.51,1.27,387000.0,1.6,1.75,0.96512,5.729,2.58,6.93,6829.271,104.49,4.33,6.014,4.32,5.34,5.25,2967000.0,1478.2789,0.5152218220064031,1,0.0,-2.2771392597569773,3.823562133530878,3.7651021799030904,3.401587225553837,2.537688342327993,8.247869586503121,-2.047916722628129,0.36418163556140026,3.514679176755453,-51.08059615305295,-35.6683270362751,-61.955581304612785,20.833437960463996,-34.75374599767851,-22.6688575629162,14.483394833948338,-1.0802151933208881,-2.0135162838638476,-6.89064236496999,0.0,-0.34071550255537764,-19.259259259259252,3.834808259587019,1.2867647058823373,56.79012345679011,5.163043478260865,18.518518518518512,15.131578947368428,-3.628702094941394,11.199534161490687,10.256410256410264,1.6129032258064502,-0.32130034833469656,-0.7503799392097332,1.6431924882629234,-62.0232381914625,2.369668246445511,1.3282732447817969,-9.32642487046632,0.9870660313138213,0.7616841394087803
1992-04-06,3275.5,1974.800048828125,2400.89990234375,1738.780029296875,3386.0,4896.89990234375,596.2899780273438,18436.369140625,20110000.0,0.0,0.0,0.0,195700.0,0.0,153120000.0,0.0,401.5400085449219,405.5899963378906,179910000.0,9.649993896484377,8.96,4.09,7.49,8.35,4.01,412000.0,4.5,5.53,-0.69127,5.184,6.86,9.21,2516.2997,19.73,7.92,28.884,7.36,8.57,6.5,3383000.0,606.6154,1.0086137637056063,1,0.0,1.2456741294623042,1.5948142412430366,-2.1199397476559856,1.4007802488076981,-0.6076247238843147,-1.6350944205309803,-0.960026114332313,-6.26835090793707,59.09810126582278,0.0,0.0,0.0,-17.530552043826376,0.0,-0.7068283509500062,0.0,-0.4857475725100646,0.6426789920324083,34.27121426972162,12.733605709926078,-0.22271714922048602,3.8071065989847774,-0.9259259259259189,-0.11961722488037507,-0.49627791563277013,-1.904761904761909,-3.0172413793103425,-3.826086956521735,2.133475171017829,-9.433962264150942,-1.9999999999999907,-0.432432432432428,0.5269927372305361,3.352540597171294,-0.6273525721455453,9.850155929109295,0.0,-0.6952491309385911,0.0,1.4088729016786594,-0.044423572835050606
1999-03-15,9958.76953125,4185.1201171875,6206.7998046875,5043.22998046875,6606.0,10836.8603515625,2431.43994140625,15779.599609375,78860000.0,0.0,1020475000.0,0.0,55409000.0,0.0,851480000.0,0.0,1294.5899658203125,1307.260009765625,727200000.0,60.8299560546875,7.11,4.8,5.21,6.6,4.48,308000.0,4.77,5.05,-0.3947,5.087,5.13,7.52,3318.6,14.19,5.56,9.688,5.86,6.75,7.75,2232000.0,938.7616,0.9786916537147861,1,1.0,2.3763203020397583,0.2191084196727866,-0.03382398958400312,5.2552118146320215,1.5776378386215262,5.5813587513841245,1.4105580769993686,6.770055029993571,0.4074357015533492,0.0,135.20510941166165,0.0,-21.56288177029585,0.0,-12.286376513005404,0.0,1.499054901829422,1.9123299268261285,1.7632241813602123,-8.814283204754725,0.708215297450443,-1.0309278350515427,-3.159851301115235,-1.3452914798206428,-0.8849557522123686,2.6666666666666616,-2.4539877300613466,-2.5096525096525046,3.343544628596873,2.2718134298351345,-3.0245746691871522,-1.182654402102501,-0.465069210908986,9.999999999999986,-1.592920353982319,7.417673799756086,-1.1804384485666009,0.746268656716409,0.0,-0.2680965147453085,-0.07309609267481809
2002-02-11,9884.7802734375,4353.2099609375,5161.7998046875,4940.0,7604.5,10832.740234375,1846.6600341796875,9686.0595703125,189050000.0,0.0,1126447000.0,66121900.0,89225700.0,184738200.0,1564830000.0,0.0,1096.219970703125,1111.93994140625,1159400000.0,52.419921875,6.88,1.74,4.92,6.49,1.72,397000.0,2.19,2.98,-0.49027,6.196,4.3,7.92,4119.0102,19.97,5.38,10.996,5.6,6.36,4.75,3562000.0,1015.2354,1.4340160846588184,1,1.0,2.0407618064474553,-1.0080653668010808,-0.10643856961832787,-0.8923695278753474,0.1765212178915565,1.0392369468254392,-0.47803026505308654,0.5619837827797625,-24.283082345402118,0.0,-0.2595233836678257,2.1093026128852888,-14.251323099632984,-31.034845773239283,-12.040269135427728,0.0,-2.315093708712068,1.5989913505453979,-19.35169727323317,-7.986749461107612,-1.9943019943019946,-2.2471910112359605,-2.5742574257425765,-0.4601226993864893,0.5847953216374213,-1.7326732673267342,-2.6666666666666727,-4.180064308681663,1.2285265939874446,-32.43184296619411,-2.272727272727282,0.3802281368821214,0.44885333369748537,1.3191273465245956,-0.7380073800738018,49.95227055775262,-1.0600706713780994,-2.304147465437778,0.0,0.7068136839129213,0.6625829939113759
1995-12-11,5184.31982421875,1849.5999755859373,3652.10009765625,2280.389892578125,4739.7998046875,9835.2001953125,1061.5,19226.779296875,25470000.0,0.0,0.0,0.0,732100.0,0.0,423760000.0,0.0,617.47998046875,619.52001953125,342070000.0,15.739990234375,7.18,5.75,5.68,6.81,5.32,346000.0,5.35,5.33,-0.79381,5.942,5.49,7.48,2644.2515,18.74,6.04,20.931,6.1,6.74,8.75,2629000.0,714.8679,0.3303814094428352,1,0.0,0.8716729289359959,4.208685004471446,-0.47959925197711417,0.8540084289777816,0.5921157690525591,-1.0602923184140467,-0.7749220650591249,1.7431535246980268,-15.829477858559148,0.0,0.0,0.0,6.751239428404787,0.0,-16.092113339801596,0.0,1.7298758341076192,0.951640419301425,-15.638255894248786,2.0090583651430904,-2.046384720327421,-2.7072758037225086,-2.4054982817869552,-1.8731988472622585,-0.18761726078798668,-7.238605898123329,-0.7421150278293154,-1.2962962962963065,-0.3577435794441808,5.842536515853225,-1.7889087656529412,-1.708278580814715,1.3877178392053047,2.2925764192139653,-2.4232633279483107,4.901518568636298,-2.400000000000002,-1.6058394160583855,0.0,0.22874571101791918,0.18097569076336306
2022-03-21,34552.98828125,6582.330078125,7442.39990234375,14326.9697265625,22009.099609375,21221.33984375,13838.4599609375,26827.4296875,408490000.0,78342900.0,811977600.0,69806300.0,264205300.0,2340034100.0,5673940000.0,108200000.0,4462.39990234375,4461.18017578125,4869820000.0,320.02978515625,4.16,0.08,2.16,3.5,0.43,206000.0,1.3,1.92,-0.34976,570.606,2.14,4.41,18073.2225,100.43,2.47,3961.721,2.56,3.39,3.25,1523000.0,2534.5413,-0.027333421235048273,1,0.0,4.880067906247354,3.3342565027679294,3.4600667594877343,2.856315765747164,3.910611485748161,8.650978329455072,9.992991631173975,6.004382440940725,3.4309008963386844,-30.809238753163992,-11.360860111570503,-41.31424060503088,-19.39952324035483,-42.8720367162417,-3.4503999686899656,49.03581267217631,6.178095350514545,6.903012907345185,-12.647715124163216,73.6932348202171,8.051948051948044,0.0,13.089005235602102,2.3391812865497075,13.157894736842103,-4.1860465116279055,13.043478260869579,14.970059880239518,-2.562959661243591,-12.488976886351889,15.67567567567567,3.521126760563398,0.06992682792983373,-11.429579327983063,7.860262008733621,0.05207519132328642,7.563025210084051,9.708737864077687,0.0,-1.36010362694301,0.2664524202590002
2021-05-10,34742.8203125,6385.990234375,7123.7001953125,15400.41015625,19361.900390625,28595.66015625,13401.8603515625,29518.33984375,361620000.0,76551300.0,744129400.0,65162200.0,272988500.0,2358822100.0,4818670000.0,66300000.0,4228.2900390625,4188.43017578125,4560700000.0,109.4501953125,2.96,0.06,1.6,2.9,0.02,494000.0,0.06,0.16,-0.68357,953.689,0.81,3.57,17068.6152,65.1,2.27,3873.728,2.16,2.3,3.25,3737000.0,2551.4477,-0.9426946333626575,1,0.0,1.8455884567330827,1.2379767155505261,2.2081034597506655,1.0759738484676262,0.7739532088434586,0.8397100087746745,-3.5498776654320885,2.4493042229268625,24.795527487317525,53.16386554621848,-10.521104689417927,33.46674094890092,46.9095494153507,36.66523270328747,1.2021598553375812,-15.433673469387754,0.8661791984438283,-0.10089013445185868,12.050454275198884,36.81274414062501,-0.6711409395973145,-14.285714285714302,-1.8404907975460016,-0.3436426116838587,100.0,-4.448742746615086,19.999999999999996,-5.882352941176472,0.7858575135645252,-1.4467458036621306,-5.813953488372081,-0.8333333333333415,0.5590594685125572,2.5681424294942357,-0.8733624454148492,1.1610309957331255,-0.9174311926605561,-0.43290043290044045,0.0,-0.5058572949946716,0.014911405904505237
2013-08-19,15010.740234375,4083.97998046875,6465.7001953125,8366.2900390625,12588.0,22463.69921875,3589.090087890625,13758.1298828125,111660000.0,63656900.0,467686900.0,59793300.0,127044300.0,1090294500.0,1381050000.0,96900000.0,1655.25,1646.06005859375,2904530000.0,53.580078125,4.4,0.08,2.73,4.56,0.05,340000.0,0.12,0.34,-0.6678,64.121,1.5,5.44,9537.8248,106.97,3.77,2175.545,3.5,3.44,3.25,2968000.0,1532.5905,-0.555199601646277,1,0.0,-2.652061919655224,0.30208781226988,-1.6518810002788098,0.08421854906242032,-0.050021079259643386,0.8639823483422404,-2.2032960764336917,1.7656084674429806,43.04381245196003,-11.338771746805964,-2.3470358248377843,-27.375206177928824,-18.232757150369018,-45.1944989335418,-2.9084236723330714,-17.672047578589634,-1.9616550408365185,-2.56943969778336,4.136370806981304,103.57119667554056,0.0,-11.111111111111105,4.198473282442738,2.934537246049662,0.0,3.9755351681957096,0.0,6.25,-0.5909760781219853,5.3841728983482495,8.69565217391306,1.8726591760299671,0.33817257371782095,1.7115146905010814,2.4456521739130377,0.188998918229899,3.2448377581120846,0.2915451895043608,0.0,-0.6360897221292294,-0.00887960057586179
1994-01-17,3870.2900390625,2234.800048828125,3407.800048828125,2115.56005859375,4544.2001953125,10792.900390625,792.1799926757812,18725.369140625,18550000.0,0.0,0.0,0.0,717200.0,0.0,243450000.0,0.0,474.9100036621094,473.2999877929688,233980000.0,8.290008544921875,6.99,2.98,5.69,6.87,2.97,355000.0,3.52,4.1,-1.04688,4.035,5.03,7.61,2535.9625,14.67,6.24,28.696,6.34,6.48,6.0,2634000.0,587.4961,-0.33901494108893687,1,0.0,0.12365843794994724,-3.5601777181043404,-0.9533234870994889,-4.918649051966295,2.043474265895062,-5.049749538347448,0.6978594131535232,1.5286177408315726,-42.729237418956465,0.0,0.0,0.0,-0.980256799668644,0.0,-22.30732407850646,0.0,1.066186386614132,-0.41450149730501984,-26.764530971235413,-24.01461262828708,-3.319502074688796,-0.666666666666671,-2.7350427350427253,-1.9971469329529201,-2.6229508196721207,3.498542274052485,-3.0303030303030276,-3.529411764705892,0.52042325197319,-58.88107612350964,-3.454894433781186,-1.806451612903226,0.5502670945614296,-2.39520958083832,-1.8867924528301883,-4.20936675902126,-2.1604938271605034,-3.857566765578635,0.0,-2.6247689463955615,0.16546592339701238
1994-01-10,3865.510009765625,2317.300048828125,3440.60009765625,2225.0,4453.2001953125,11366.900390625,786.6900024414062,18443.439453125,32390000.0,0.0,0.0,0.0,724300.0,0.0,313350000.0,0.0,469.8999938964844,475.2699890136719,319490000.0,10.910003662109377,7.23,3.0,5.85,7.01,3.05,343000.0,3.63,4.25,-1.04146,9.813,5.21,7.75,2522.0843,15.03,6.36,29.957,6.48,6.74,6.0,2705000.0,586.5256,1.1427953153730988,1,0.0,2.8991617227855704,1.1656312771135546,0.6494323644603117,-2.181468316953683,3.0499443686585748,-5.953746819798944,2.0667902426106943,5.89185889923407,29.767628205128215,0.0,0.0,0.0,150.6228373702422,0.0,23.84396490396017,0.0,0.7266691088927635,2.111977165843859,18.26830532316577,53.0153743429951,1.4025245441795287,0.33444816053511683,1.3864818024263537,1.0086455331411948,0.9933774834437026,0.5865102639296182,0.5540166204986097,0.7109004739336511,0.9518824396107295,37.90050590219225,1.3618677042801508,0.5188067444876765,0.7114897147336485,5.770584095707232,1.273885350318471,-2.8316574764839397,1.0920436817472678,1.6591251885369473,0.0,2.73452335738702,0.5949679670893104
2005-01-24,10368.6103515625,3848.7099609375,4812.5,4201.89013671875,9078.2001953125,13386.990234375,2008.699951171875,11289.490234375,259170000.0,97262200.0,1311479400.0,118396800.0,89638500.0,450783600.0,2134680000.0,75500000.0,1167.8699951171875,1163.75,1494600000.0,19.1400146484375,5.67,2.28,4.19,5.3,2.33,329000.0,2.87,3.22,-0.70028,4.781,3.7,5.96,5204.0158,47.85,4.71,17.473,4.71,5.15,5.25,2706000.0,921.7079,-0.3527785741917351,1,0.0,-1.7938023151875315,-0.8432432541231605,-0.7056387631646177,-1.0274297154944545,0.15887807470718052,-1.7226998896661128,-3.7937441878167832,-1.720272146319024,16.183260859819782,69.55800161081689,-4.817438212737346,75.70122860623904,5730.904833149028,72.70343580470163,2.3896088946020466,-24.87562189054726,-0.8136189606320787,-1.7534544953887177,11.921521641455746,0.0,-1.2195121951219523,1.3333333333333197,-1.4117647058823457,-1.85185185185186,0.8658008658008587,-0.9036144578313254,0.7017543859649145,-0.3095975232198067,0.45185259564213265,-7.0748299319727925,-0.5376344086021501,-1.4876033057851235,0.23255461439406488,2.265441333618301,-2.079002079002068,143.3565459610028,-1.8749999999999933,-0.770712909441229,0.0,-3.010752688172047,0.2642070291818843
2007-01-15,12556.080078125,5631.080078125,6263.5,6731.740234375,12755.400390625,20068.560546875,2502.820068359375,17209.919921875,256530000.0,96391200.0,1143653000.0,87570000.0,75247400.0,1252411300.0,2175810000.0,124400000.0,1423.8199462890625,1430.72998046875,2686480000.0,27.260009765625,6.21,5.23,4.7,5.34,4.96,296000.0,5.03,4.82,-0.67769,4.797,4.7,6.29,6119.8856,54.11,4.79,5.185,4.88,5.96,8.25,2507000.0,1190.6152,0.48531657374918047,1,0.0,1.0672511608946555,2.0383872974796047,1.1187853556935856,1.8789058274013781,1.6115603918168242,0.19421393234604345,2.650320666130823,0.6923292637300849,14.778523489932894,-16.220759331721336,-13.79722437815486,-24.9422731768695,-56.43090484412436,-12.941706156162846,14.178587546310384,-21.56368221941992,1.0331618312123148,1.2662449450211,-2.7814166913952,26.613900007937687,0.4854368932038833,0.19157088122607746,0.8583690987124415,0.5649717514124353,0.8130081300812941,-10.303030303030303,1.0040160642570184,1.26050420168069,2.1817798015741463,-4.575293415556003,1.0752688172043001,0.31897926634769647,-0.12090492543381792,-6.319252077562321,0.6302521008403339,-57.5208913649025,0.8264462809917328,0.33670033670032407,0.0,-0.43685464654488193,0.3130678134979137
2010-05-31,10136.6298828125,3507.56005859375,5188.39990234375,5964.330078125,11763.0,19765.189453125,2257.0400390625,9768.7001953125,243720000.0,64323600.0,1335686900.0,45852600.0,586800.0,1075849200.0,2165590000.0,121400000.0,1102.5899658203125,1089.4100341796875,4871210000.0,66.5599365234375,4.78,0.2,3.25,4.91,0.17,458000.0,0.36,0.81,-0.08973,26.077,2.08,6.1,7669.5804,70.62,4.15,1084.219,3.99,4.21,3.25,4553000.0,1196.3267,-1.1953611087707754,1,0.0,0.6959626579621236,2.233508945969098,2.3433762505729483,2.732666932042993,2.0969639209100777,0.4953776569423418,1.9647168247855618,0.1055480844728951,15.272194106796565,-52.10375747033831,38.69001289205727,-49.807780721150685,-99.7239665090654,-34.466670626019344,0.7241793099599159,-26.334951456310684,1.641801659547637,1.4678907844505318,-6.7539681931991336,-34.28769763078069,-1.2396694214875992,0.0,-2.4024024024024038,0.8213552361396204,0.0,-1.0799136069114423,2.857142857142869,3.8461538461538547,-38.38917879703377,23.243064417032965,-0.952380952380949,1.6666666666666607,0.1454041967555053,2.1405843216661946,-1.4251781472684022,-0.7616197118640922,-1.2376237623762387,-0.7075471698113289,0.0,-3.762418093426334,-0.02046680700092951
2011-07-25,12592.7998046875,3812.969970703125,5925.2998046875,7344.5400390625,13436.0,22293.2890625,2842.800048828125,10050.009765625,128760000.0,122284800.0,645911000.0,111466400.0,162651300.0,1334947500.0,1613240000.0,104100000.0,1344.3199462890625,1337.4300537109375,3536890000.0,51.0799560546875,4.52,0.06,2.97,4.91,0.03,411000.0,0.18,0.39,-0.45481,90.719,1.5,5.75,8238.3076,98.01,4.26,1636.929,3.93,3.66,3.25,3741000.0,1243.1369,-0.5125188090189581,1,0.0,1.6765196882231548,4.444615198188928,2.9985399432715054,3.3289643072552,1.3724085074503067,2.240516687877636,2.8096509139987402,0.7573338847410849,-13.554884189325278,-21.447952639368527,-23.887176769050946,-34.01461824385722,1.342204937036251,9.028164756774725,-7.931652418075352,2.764067127344516,2.156633748230541,2.4505234817794097,-14.11479884220137,-9.544921984773092,0.22172949002217113,-14.285714285714302,1.0204081632653184,0.4089979550102374,50.0,-2.1428571428571463,12.5,5.405405405405417,-7.366898855350534,80.21613460736208,1.3513513513513598,0.7005253940455258,-0.23919780584804595,1.333746898263044,1.187648456057011,-2.5103628177335136,1.0282776349614497,0.273972602739736,0.0,0.1874665238350337,0.30215621853295627
2006-10-09,11857.8095703125,5284.740234375,6030.89990234375,6084.39990234375,11690.900390625,17675.240234375,2311.77001953125,16436.060546875,177940000.0,87269600.0,1338778200.0,80195900.0,178270600.0,561382500.0,1485280000.0,96800000.0,1349.5799560546875,1350.6600341796875,1935170000.0,26.6900634765625,6.3,5.3,4.62,5.42,4.79,316000.0,4.9,4.66,-0.62212,6.65,4.56,6.36,6028.1233,59.77,4.77,8.373,4.84,5.98,8.25,2449000.0,1155.1723,0.08003068807849376,1,0.0,1.606292589443159,0.793616646783879,1.22696465226535,1.4157931207024355,-0.8186707569274643,0.753514623957452,3.314708555504997,1.1182925084741724,-10.135851724660371,-3.3173801293982064,-17.793067757471604,-13.575112670622447,0.35668244791344783,-4.080548196584621,-16.046507684394374,-5.653021442495132,1.0300796753223151,1.4527002276600642,-10.179254390850689,-9.032094327533557,-0.15847860538826808,0.569259962049351,0.43478260869567187,0.5565862708719838,0.6302521008403339,2.265372168284796,0.0,-0.21413276231262435,0.7155577141007008,55.37383177570094,0.0,0.6329113924050667,2.0778150971693776,-3.503390377784943,0.8456659619450191,-10.916054899457384,0.6237006237006293,0.0,0.0,0.4924086992203591,0.8120926446250065
1992-03-30,3235.199951171875,1943.800048828125,2452.89990234375,1714.760009765625,3406.699951171875,4978.2998046875,602.0700073242188,19669.310546875,12640000.0,0.0,0.0,0.0,237300.0,0.0,154210000.0,0.0,403.5,403.0,133990000.0,8.55999755859375,8.98,3.94,7.56,8.36,4.03,420000.0,4.64,5.75,-0.67683,5.724,7.0,9.25,2503.1085,19.09,7.97,26.294,7.36,8.63,6.5,3336000.0,606.885,-0.12391573729863693,1,0.0,-1.1277205887071151,3.1412540596994276,0.48750112018640657,0.03441699511645968,-1.0744257782217326,-1.636013739524611,-3.1777188656960553,-2.817689447946592,-19.439133205863612,0.0,0.0,0.0,-12.596685082872927,0.0,3.593980921671358,0.0,-1.8940427394484205,-1.6857367715781169,-14.683221903852273,10.451581401209676,-0.5537098560354226,-2.4752475247524774,-0.9174311926605561,-0.23866348448688957,-0.7389162561576179,-4.545454545454541,-1.9027484143763318,-1.5410958904109595,1.3628262920641676,-3.081611920081262,-1.1299435028248594,-0.6444683136412555,0.7224459999390032,-0.05235602094241232,-0.747198007471972,-10.867796610169489,0.0,-0.690448791714604,0.0,-0.23923444976076125,0.1609976407367819
2013-04-22,14567.169921875,3652.1298828125,6280.60009765625,7478.10986328125,12090.7001953125,22044.369140625,3233.550048828125,13568.3701171875,146890000.0,88581400.0,603305900.0,153697200.0,131464000.0,1290323900.0,1628340000.0,246200000.0,1555.25,1562.5,2979880000.0,57.27001953125,3.41,0.15,1.73,3.68,0.06,343000.0,0.12,0.24,-0.68742,82.572,0.71,4.54,9362.961,88.0,2.89,1855.933,2.51,2.64,3.25,3027000.0,1508.8192,0.4661629963028452,1,0.0,-0.21939745334668137,-1.5725754609482778,-0.9931269157914979,-3.0407270035591183,0.7147065106388073,1.2478911393270398,0.5303936479064575,2.2048618109563156,-9.147699158832257,-14.540437806913452,4.658461648417966,30.08352750296861,-56.58520282739098,-14.791669060485768,-8.485264033450978,-23.302180685358252,-2.114118888177019,0.6531999500194008,-36.05586110258727,-1.0025173715518032,-0.5830903790087438,0.0,-3.3519553072625774,-1.866666666666661,-14.285714285714302,-3.6516853932584303,0.0,0.0,1.8460353206116054,40.50742763796007,-1.388888888888895,-1.7316017316017285,0.1451602818040687,-5.741216795201376,-2.3648648648648574,0.6621923888824988,-2.7131782945736593,-0.37735849056602655,0.0,0.09920634920634885,0.2983252227534372
2023-01-09,33517.6484375,6907.35986328125,7724.89990234375,14792.830078125,19857.099609375,21388.33984375,10635.650390625,25973.849609375,327840000.0,78531000.0,847858600.0,64976500.0,211962600.0,2697924400.0,5132190000.0,68200000.0,3910.820068359375,3892.090087890625,4311770000.0,193.880126953125,6.48,4.33,3.69,4.58,4.46,207000.0,4.73,4.36,-0.27539,423.625,3.85,5.74,17746.8079,74.27,3.79,2830.144,3.96,5.73,7.5,1588000.0,2800.214,-0.47892718512635124,1,0.0,1.1174333843682271,4.74314545755159,3.666273466062231,5.142916717394597,2.435912536225193,8.123433439816141,1.6163018923132322,-0.4623594651171681,10.944162436548233,65.71846999886048,233.62488406766002,85.76125334133826,36.24753088125925,54.36939422562184,29.632510993854556,29.41176470588236,2.135250127041677,1.3697118867202818,44.696580723320146,0.0,0.9345794392523477,0.0,-4.404145077720201,-2.553191489361706,2.764976958525356,1.9704433497536922,0.0,0.22988505747127963,10.950404899077416,-1.0050803176250067,-2.777777777777779,-2.2146507666098825,0.13889251663778968,-6.260254953931598,-4.0506329113924044,-6.22107042372998,-3.8834951456310662,0.8802816901408494,0.0,-0.12578616352201255,0.06355694328337158
2013-01-07,13384.2900390625,3704.639892578125,6064.60009765625,7732.66015625,12499.599609375,23329.75,3098.81005859375,10599.009765625,113120000.0,82577200.0,571661700.0,151695400.0,152628800.0,1401515000.0,1702540000.0,187700000.0,1466.469970703125,1461.8900146484375,3304970000.0,69.8299560546875,3.34,0.15,1.87,3.77,0.07,363000.0,0.15,0.27,-0.60069,71.564,0.78,4.71,9325.4736,92.77,3.05,1503.866,2.64,2.64,3.25,3147000.0,1488.8999,-0.3123116153883164,1,0.0,2.137877023146695,2.331051517937288,2.8281782782145104,1.5799245358053993,0.531625120641821,2.9696449492915944,2.626255537211497,1.960813417877727,-22.382324687800192,65.84764314836013,247.22658705694062,215.22039082695392,53.08499327997431,104.4774464446983,9.33131265131033,-7.445759368836291,4.566353724574923,2.503178027394193,3.140750172422946,93.32770070464184,-0.29850746268657025,-11.764705882352954,6.25,3.287671232876721,16.666666666666675,0.2762430939226457,-6.25,3.8461538461538547,2.76988879384088,28.797941075895817,5.405405405405417,2.1691973969631073,0.1940636275523655,2.9176836032837716,4.810996563573866,0.025540711495053436,5.600000000000005,-0.37735849056602655,0.0,0.6395906619763414,0.44142555730861677
1997-01-13,6709.18017578125,2361.300048828125,4107.2998046875,2956.780029296875,6001.5,13289.2001953125,1330.9100341796875,18118.7890625,36300000.0,0.0,0.0,0.0,1110300.0,0.0,612090000.0,0.0,759.5,759.510009765625,445400000.0,25.8399658203125,7.85,5.28,6.57,7.42,5.03,324000.0,5.61,5.99,-0.69789,4.479,6.33,8.11,2842.9884,26.3,6.8,12.669,6.89,7.35,8.25,2473000.0,781.0565,0.001317941491112574,1,0.0,2.162267460297107,2.367022101357885,0.019476553938879704,2.303649548468223,1.364700154070797,-1.150709175295428,1.1022492780705884,-6.82511024118071,-29.760061919504643,0.0,0.0,0.0,47.1375563212298,0.0,4.072159689869759,0.0,1.5333569848668294,1.5863017406917423,-16.17577867695492,-12.850102720127799,2.346805736636237,-1.6759776536312776,1.8604651162790642,1.7832647462276974,-0.3960396039603853,-6.628242074927959,1.0810810810810922,1.5254237288135464,-0.9747999318917122,-29.196964906734113,1.768488745980723,1.5018773466833446,-0.3950021700874884,2.7745212973817823,1.9490254872563728,-16.110448947159316,1.9230769230769162,2.367688022284131,0.0,-3.095611285266453,0.285620005341336
2013-03-04,14127.8203125,3709.760009765625,6345.60009765625,7691.68017578125,12707.400390625,22537.810546875,3182.030029296875,11652.2900390625,110810000.0,98922400.0,704235700.0,83887400.0,161517700.0,2172137600.0,1718290000.0,205200000.0,1518.199951171875,1525.199951171875,3414430000.0,40.8299560546875,3.51,0.15,1.88,3.84,0.12,340000.0,0.17,0.25,-0.63886,43.012,0.77,4.78,9267.3609,92.19,3.09,1683.532,2.7,2.76,3.25,3011000.0,1491.4749,0.46107233731609654,1,0.0,2.4930800517747542,-0.3109121770032419,-0.15419650750673197,-1.0486012337201922,0.4466085278947318,-1.2369348849068262,2.1108713773565935,-0.08771254067433398,-27.189697089164856,-25.86895039515117,-29.18499296712508,-54.02475363376833,-12.863075688063496,102.1068584413952,-11.015075168695853,-14.819427148194276,0.17154761334252644,2.510332103290769,-14.874409443911196,55.8398173601081,-1.404494382022481,0.0,-6.000000000000005,-2.2900763358778664,-7.692307692307699,-0.5847953216374324,0.0,-7.407407407407418,0.4939281444661159,72.89866141415766,-11.494252873563216,-1.848049281314168,0.2575763166878797,-2.320406865861413,-2.8301886792452935,0.9685237285014914,-3.5714285714285587,-0.3610108303249149,0.0,-1.0515938218862986,-0.056529487505529996
2014-07-21,17051.73046875,4304.740234375,6728.39990234375,9612.0498046875,15250.0,23387.140625,4424.7001953125,15215.7099609375,67590000.0,78393400.0,470701900.0,65236500.0,96353600.0,1042281800.0,1557820000.0,92200000.0,1976.9300537109373,1973.6300048828125,2611160000.0,28.3499755859375,4.13,0.09,2.53,4.16,0.02,294000.0,0.11,0.49,-0.77047,59.384,1.69,4.73,10236.9501,102.37,3.33,2639.685,3.06,3.23,3.25,2542000.0,1693.6528,-0.16692795083620593,1,0.0,-0.021632144748706672,-1.0413652352786795,-0.26237670737571106,-1.7475190665577123,0.519403894702064,0.17334679104312745,-0.3540144139309698,-0.5302432133312052,11.58989598811293,0.030241279474085836,0.47112592735840675,15.956210140136085,-31.91765983560513,-1.7608147462956802,-1.3825759973665197,-4.257528556593981,0.35891222787152177,-0.1755081051020957,-4.8730017632572125,-30.684697644850225,-0.48192771084338837,0.0,-1.5564202334630406,-0.7159904534606243,-33.33333333333333,-4.545454545454541,0.0,-2.0000000000000018,-1.4933196957105488,-6.9595462664118095,0.0,-0.6302521008403228,0.23615290575320635,-0.8523002421307435,-1.4792899408283988,0.6425497325028839,-1.6077170418006381,-0.30864197530865445,0.0,0.5537974683544222,0.018560966989178418
2023-12-25,37385.96875,7568.81982421875,7697.5,16706.1796875,20881.19921875,16340.41015625,14992.9697265625,33254.03125,252970000.0,31755700.0,329604400.0,46295300.0,185515900.0,2197553900.0,4796600000.0,58900000.0,4753.919921875,4754.6298828125,3046770000.0,83.669921875,6.67,5.33,3.91,4.65,5.24,213000.0,4.88,4.36,-0.47136,732.196,3.9,5.52,17407.5934,73.23,4.03,3536.105,4.21,5.95,8.5,1815000.0,2760.3492,0.014934221635352733,1,0.0,0.21430648392555263,-0.0005289972759836559,1.0900256090353944,0.3340964931481061,1.253473162062968,-1.736823078149996,0.5914879746306667,1.51119105102262,-13.402026564425572,-40.87188539211196,-53.58002908814564,-18.379806912504147,-17.116055723617574,40.273576234185704,-18.231595886861417,-44.90177736202058,0.5997114276231841,0.296796666318877,-24.96268785372654,-52.313951611556675,-4.02877697841727,0.0,-3.6945812807881673,-2.1052631578947323,-0.19047619047618536,2.898550724637672,-2.594810379241519,-3.964757709251099,2.380538662033027,11.201628090638472,-3.9408866995073843,-2.300884955752225,0.32745795953379453,4.450149764655542,-3.3573141486810454,-0.12749183123064167,-3.218390804597693,-6.739811912225702,0.0,-0.11007154650523043,-0.18398537489839883
2004-03-29,10329.6298828125,3634.179931640625,4406.7001953125,3881.25,8555.2001953125,12427.33984375,1992.5699462890625,11718.240234375,197150000.0,0.0,1302568200.0,73542500.0,104624900.0,247520800.0,1706000000.0,82300000.0,1108.06005859375,1122.469970703125,1405500000.0,37.2099609375,5.4,0.99,3.76,5.28,0.93,340000.0,1.17,1.53,-0.81234,5.371,2.71,6.09,4798.3843,36.65,4.85,9.339,4.65,4.7,4.0,3007000.0,870.0085,1.3004630929177938,1,0.0,2.631758193820022,2.6830759806838023,1.6821356294803858,4.076445280324115,0.9046434547679505,-0.9845526018562478,4.328494728427601,3.5316528149669013,-20.801028401558675,0.0,-35.83432852650474,-42.612576267509624,-12.262689741286847,-17.63078798914881,-13.935749455161838,9.87983978638185,-0.15498302886336468,2.471238423017419,-3.222474695310884,2.733271770122081,0.3717472118959231,-1.0000000000000009,0.2666666666666595,0.0,0.0,-1.7341040462427793,-0.8474576271186418,-0.6493506493506551,-0.74895842242233,-6.379640927313924,0.37037037037035425,0.32948929159801743,0.7024387451130432,-2.9910005293806274,-0.2057613168724437,-35.981628735947346,0.0,0.2132196162046851,0.0,-1.924331376386168,0.10509781955967412
1995-07-17,4736.2900390625,1951.5,3442.60009765625,2201.360107421875,4700.39990234375,9634.0,1005.8900146484376,16842.470703125,26820000.0,0.0,0.0,0.0,466800.0,0.0,466420000.0,0.0,560.3400268554688,562.719970703125,322540000.0,9.8900146484375,7.41,5.81,6.09,7.26,5.39,389000.0,5.47,5.61,-0.70704,5.767,5.81,7.88,2608.2863,17.34,6.56,21.549,6.56,6.89,8.79,2677000.0,697.0796,0.42473207937903046,1,0.0,0.7209079076412994,0.10772420024816043,-0.3588973181982591,0.7768857977877186,1.2929920106604431,-0.9611924955024387,2.996017900262671,3.6928098051980607,-14.667515112949413,0.0,0.0,0.0,-37.28335348649738,0.0,1.9898539316015151,0.0,0.7135596407288336,0.9924744229954596,-21.274103002196732,-4.444641014300455,-2.8833551769331556,-6.441223832528187,-0.4901960784313819,-0.4115226337448541,-0.7366482504604033,4.5698924731182755,-1.0849909584086936,-1.058201058201047,0.008486803021301448,-57.98790704451082,-0.6837606837606813,-0.25316455696202667,-0.11959824761301752,0.3472222222222099,-0.15220700152207556,4.886833779508382,-0.4552352048558417,-3.0942334739803234,-2.333333333333343,0.9807619766126097,-0.03354301902945833
2021-04-19,34077.62890625,6296.68994140625,7000.10009765625,15368.3896484375,19204.400390625,29106.150390625,13914.76953125,29685.369140625,312540000.0,58527600.0,529712700.0,61839400.0,192886200.0,2020128300.0,4379610000.0,44700000.0,4179.7998046875,4163.259765625,3810290000.0,95.800048828125,3.04,0.07,1.62,2.87,0.02,566000.0,0.06,0.16,-0.66448,925.094,0.85,3.59,16885.4474,61.93,2.29,3977.813,2.19,2.35,3.25,3776000.0,2556.8335,-0.39571366657204304,1,0.0,0.9845208061932453,2.1911193339060553,1.6112409230018887,1.0081475414886576,0.016142705175603567,2.2945372550492005,0.46765004512634434,0.4964284840546451,-4.53004245960229,0.0,-17.150006662875395,15.27222702734945,-15.405612837864513,1.3955101305750617,3.027829400832771,-10.956175298804782,1.3356052733821455,0.8543995806070459,6.168742511633085,-42.679281995547534,-2.875399361022357,0.0,-3.5714285714285587,-2.0477815699658675,0.0,-0.8756567425569184,0.0,0.0,1.2463812280969044,-8.415874420727388,-3.409090909090917,-1.1019283746556474,0.6075821966298633,4.347093513058131,-2.136752136752129,1.1407216315289181,-2.6666666666666727,-2.8925619834710647,0.0,-0.07938608097379785,-0.47275212590341953
2015-02-02,17361.0390625,4627.669921875,6782.60009765625,10828.009765625,14900.5,24484.740234375,4676.68994140625,17558.0390625,108090000.0,123784000.0,757554400.0,100490400.0,228902300.0,1576244000.0,2006450000.0,136000000.0,1996.6700439453125,2020.8499755859373,4008330000.0,82.0799560546875,3.66,0.12,1.77,3.36,0.02,281000.0,0.17,0.51,-0.5123,201.192,1.28,4.36,10539.8565,45.32,2.33,2665.153,2.1,2.98,3.25,2297000.0,1793.8614,1.2110128918870606,1,0.0,-1.7968525416909076,-1.0151581266646836,-1.018618377243663,0.2748544199452141,0.6940234133993917,-1.7067918762533996,-1.992343053470924,0.5124620382961131,23.92799816555835,-3.1209571446572326,23.800593219646515,-4.402836415249056,22.512077139551035,19.266422263836258,16.823191713585373,21.863799283154115,-2.6214082957473406,-1.7617173170013656,15.655152116707448,7.5612951525360295,0.8264462809917328,-7.692307692307699,-4.324324324324325,-2.60869565217392,-33.33333333333333,7.662835249042144,0.0,-3.7735849056603765,-0.7343680365827776,18.242512576989988,-5.185185185185192,-2.0224719101123556,0.2684395814159801,-2.453723633232885,-3.7190082644628086,-2.1025260138877844,-3.2258064516129004,1.7064846416382284,0.0,-1.6274089935760183,-0.03638867428424897
