,Close_^DJI,Close_^FCHI,Close_^FTSE,Close_^GDAXI,Close_^GSPTSE,Close_^HSI,Close_^IXIC,Close_^N225,Volume_^DJI,Volume_^FCHI,Volume_^FTSE,Volume_^GDAXI,Volume_^GSPTSE,Volume_^HSI,Volume_^IXIC,Volume_^N225,SP500_Open,SP500_Close,SP500_Volume,SP500_Wk_Vol,MORTGAGE30US,FF,WGS10YR,WAAA,WTB3MS,ICSA,WGS1YR,WGS2YR,NFCI,WTREGEN,WGS5YR,WBAA,DPSACBW027SBOG,WCOILWTICO,WGS30YR,WRESBAL,WGS20YR,MORTGAGE15US,WPRIME,CCSA,TOTCI
1992-01-06,3200.10009765625,1787.5999755859375,2493.199951171875,1604.68994140625,3524.800048828125,4307.0,597.9000244140625,23801.1796875,27280000.0,0.0,0.0,0.0,219900.0,0.0,237720000.0,0.0,419.30999755859375,417.9599914550781,251210000.0,20.480010986328125,8.24,4.19,6.78,8.17,3.87,432000.0,4.14,4.79,-0.68234,13.005,5.98,9.11,2452.0455,19.11,7.45,27.582,7.36,7.79,6.5,3410000.0,615.0323
1992-01-13,3185.60009765625,1824.300048828125,2490.10009765625,1620.449951171875,3594.39990234375,4325.89990234375,617.6300048828125,21696.859375,19300000.0,0.0,0.0,0.0,263700.0,0.0,211900000.0,0.0,415.04998779296875,414.3399963378906,200270000.0,7.19000244140625,8.23,4.19,6.8,8.14,3.77,440000.0,4.06,4.74,-0.68087,6.147,6.01,9.05,2466.9217,18.41,7.43,27.535,7.36,7.79,6.5,3342000.0,614.2388
1992-01-20,3254.0,1865.9000244140625,2544.89990234375,1685.1400146484375,3655.699951171875,4510.5,619.3800048828125,20913.8203125,18190000.0,0.0,0.0,0.0,305200.0,0.0,209690000.0,0.0,418.8599853515625,416.3599853515625,180900000.0,7.8699951171875,8.45,4.01,7.04,8.2,3.81,443000.0,4.17,5.02,-0.67471,5.455,6.34,9.11,2482.4544,18.81,7.57,25.833,7.36,8.03,6.5,3297000.0,614.7461
1992-01-27,3240.60009765625,1869.300048828125,2539.89990234375,1686.7099609375,3628.5,4554.7001953125,621.0,21007.109375,19110000.0,0.0,0.0,0.0,233500.0,0.0,196450000.0,0.0,415.44000244140625,414.989990234375,190970000.0,8.459991455078125,8.56,3.87,7.14,8.22,3.77,441000.0,4.14,5.02,-0.66871,6.072,6.32,9.16,2485.0001,18.66,7.65,26.471,7.36,8.14,6.5,3364000.0,612.9025
1992-02-03,3234.10009765625,1857.0,2560.199951171875,1685.6600341796875,3594.39990234375,4672.10009765625,623.4299926757812,22139.58984375,18860000.0,0.0,0.0,0.0,249700.0,0.0,194610000.0,0.0,408.7900085449219,409.5299987792969,185290000.0,10.379974365234375,8.68,4.01,7.25,8.25,3.84,440000.0,4.23,5.14,-0.66533,8.853,6.41,9.2,2479.4654,19.05,7.74,21.911,7.36,8.28,6.5,3301000.0,612.8218
1992-02-10,3245.10009765625,1865.5999755859375,2538.39990234375,1683.72998046875,3608.5,4733.60009765625,634.1300048828125,21819.51953125,16100000.0,0.0,0.0,0.0,218800.0,0.0,191600000.0,0.0,411.07000732421875,413.7699890136719,184410000.0,8.720001220703125,8.67,4.17,7.25,8.25,3.81,445000.0,4.19,5.07,-0.66403,8.599,6.44,9.18,2492.7426,19.42,7.77,22.844,7.36,8.3,6.5,3320000.0,611.8072
1992-02-17,3246.0,1882.0999755859375,2541.0,1688.4599609375,3570.800048828125,4719.2001953125,636.4299926757812,21324.98046875,21260000.0,0.0,0.0,0.0,152800.0,0.0,206290000.0,0.0,413.69000244140625,412.4800109863281,215110000.0,10.03997802734375,8.73,3.93,7.31,8.27,3.76,446000.0,4.19,5.1,-0.66463,6.584,6.5,9.21,2484.6989,19.49,7.84,23.525,7.36,8.36,6.5,3260000.0,609.1062
1992-02-24,3282.39990234375,1976.5,2559.699951171875,1729.8599853515625,3543.300048828125,4715.60009765625,624.9299926757812,20973.240234375,17880000.0,0.0,0.0,0.0,266900.0,0.0,172920000.0,0.0,411.4599914550781,412.2699890136719,177540000.0,10.03997802734375,8.82,4.2,7.44,8.33,3.87,436000.0,4.37,5.32,-0.66495,5.874,6.7,9.29,2484.7378,18.62,7.94,26.702,7.36,8.43,6.5,3412000.0,609.5183
1992-03-02,3275.300048828125,1979.699951171875,2554.300048828125,1749.2900390625,3579.5,4952.2001953125,635.469970703125,21487.8203125,17220000.0,0.0,0.0,0.0,184400.0,0.0,176940000.0,0.0,412.67999267578125,412.45001220703125,180380000.0,8.050018310546875,8.83,3.96,7.37,8.31,3.94,444000.0,4.41,5.37,-0.66474,5.139,6.7,9.23,2476.675,18.51,7.88,25.325,7.36,8.44,6.5,3280000.0,609.2887
1992-03-09,3215.10009765625,1976.300048828125,2550.699951171875,1753.5,3518.60009765625,4848.60009765625,615.8200073242188,20797.6796875,16530000.0,0.0,0.0,0.0,208900.0,0.0,162120000.0,0.0,404.45001220703125,405.2099914550781,160650000.0,12.420013427734375,8.85,4.08,7.45,8.32,4.04,421000.0,4.55,5.53,-0.66414,5.563,6.79,9.21,2495.4725,18.55,7.92,26.462,7.36,8.48,6.5,3288000.0,610.0868
1992-03-16,3236.39990234375,1929.199951171875,2470.699951171875,1723.1300048828125,3444.10009765625,5059.89990234375,617.9400024414062,19837.16015625,15050000.0,0.0,0.0,0.0,307300.0,0.0,140850000.0,0.0,405.8500061035156,406.3900146484375,155950000.0,7.220001220703125,8.88,3.95,7.54,8.34,4.02,437000.0,4.64,5.66,-0.6641,5.245,6.91,9.23,2496.4083,18.76,7.97,28.724,7.36,8.51,6.5,3280000.0,608.3965
1992-03-23,3272.10009765625,1884.5999755859375,2441.0,1714.1700439453125,3443.699951171875,5061.10009765625,621.8300170898438,20239.599609375,15690000.0,0.0,0.0,0.0,271500.0,0.0,148860000.0,0.0,411.2900085449219,409.9100036621094,157050000.0,7.75,9.03,4.04,7.63,8.38,4.06,440000.0,4.73,5.84,-0.66773,5.906,7.08,9.31,2485.1546,19.1,8.03,29.5,7.36,8.69,6.5,3344000.0,605.9095
1992-03-30,3235.199951171875,1943.800048828125,2452.89990234375,1714.760009765625,3406.699951171875,4978.2998046875,602.0700073242188,19669.310546875,12640000.0,0.0,0.0,0.0,237300.0,0.0,154210000.0,0.0,403.5,403.0,133990000.0,8.55999755859375,8.98,3.94,7.56,8.36,4.03,420000.0,4.64,5.75,-0.67683,5.724,7.0,9.25,2503.1085,19.09,7.97,26.294,7.36,8.63,6.5,3336000.0,606.885
1992-04-06,3275.5,1974.800048828125,2400.89990234375,1738.780029296875,3386.0,4896.89990234375,596.2899780273438,18436.369140625,20110000.0,0.0,0.0,0.0,195700.0,0.0,153120000.0,0.0,401.5400085449219,405.5899963378906,179910000.0,9.649993896484375,8.96,4.09,7.49,8.35,4.01,412000.0,4.5,5.53,-0.69127,5.184,6.86,9.21,2516.2997,19.73,7.92,28.884,7.36,8.57,6.5,3383000.0,606.6154
1992-04-13,3269.89990234375,1963.300048828125,2591.0,1729.9599609375,3389.800048828125,4889.10009765625,588.1500244140625,17236.650390625,13220000.0,0.0,0.0,0.0,195900.0,0.0,128020000.0,0.0,404.2799987792969,406.0799865722656,143140000.0,13.66998291015625,8.84,3.98,7.4,8.32,3.8,413000.0,4.25,5.26,-0.71136,5.438,6.69,9.19,2483.4539,20.43,7.89,22.777,7.36,8.44,6.5,3288000.0,607.0043
1992-04-20,3336.300048828125,1978.199951171875,2638.60009765625,1746.8800048828125,3398.800048828125,5082.7001953125,577.2000122070312,17071.359375,22290000.0,0.0,0.0,0.0,119400.0,0.0,178050000.0,0.0,416.04998779296875,410.17999267578125,191980000.0,23.8699951171875,8.76,3.65,7.38,8.28,3.63,424000.0,4.14,5.21,-0.73454,4.435,6.65,9.16,2522.149,20.06,7.89,23.035,7.36,8.38,6.5,3339000.0,605.7139
1992-04-27,3304.56005859375,1995.699951171875,2658.199951171875,1742.9200439453125,3326.5,5371.7998046875,566.9400024414062,17450.51953125,21610000.0,0.0,0.0,0.0,186700.0,0.0,162140000.0,0.0,409.0299987792969,408.45001220703125,172900000.0,23.8699951171875,8.85,3.47,7.58,8.33,3.68,424000.0,4.32,5.4,-0.76014,5.178,6.89,9.24,2485.3701,20.06,8.04,21.981,7.36,8.49,6.5,3365000.0,603.3186
1992-05-04,3378.10009765625,2041.5999755859375,2659.800048828125,1731.2900390625,3363.5,5613.7998046875,583.5399780273438,17303.390625,18680000.0,0.0,0.0,0.0,181200.0,0.0,144230000.0,0.0,412.5400085449219,416.9100036621094,174540000.0,11.510009765625,8.84,3.65,7.59,8.37,3.69,431000.0,4.34,5.4,-0.78599,4.781,6.88,9.23,2468.4726,20.63,8.06,22.306,7.36,8.46,6.5,3397000.0,601.6556
1992-05-11,3397.60009765625,2077.5,2737.800048828125,1750.699951171875,3427.199951171875,5632.2998046875,587.1300048828125,18608.08984375,14110000.0,0.0,0.0,0.0,280300.0,0.0,141070000.0,0.0,416.04998779296875,418.489990234375,155730000.0,8.8800048828125,8.75,3.77,7.5,8.35,3.63,417000.0,4.25,5.3,-0.80996,4.774,6.78,9.2,2481.6596,20.86,7.98,20.929,7.36,8.38,6.5,3354000.0,602.1695
1992-05-18,3376.0,2051.60009765625,2703.60009765625,1763.5899658203125,3391.39990234375,5637.10009765625,576.530029296875,18443.099609375,14960000.0,0.0,0.0,0.0,202000.0,0.0,129350000.0,0.0,410.1300048828125,412.80999755859375,151380000.0,8.899993896484375,8.64,3.84,7.34,8.27,3.6,414000.0,4.12,5.16,-0.83158,5.012,6.65,9.12,2482.5851,20.8,7.86,22.577,7.36,8.26,6.5,3296000.0,602.9704
1992-05-25,3386.800048828125,2046.300048828125,2715.0,1812.3299560546875,3370.300048828125,5993.10009765625,580.2999877929688,18555.0,17690000.0,0.0,0.0,0.0,188000.0,0.0,124860000.0,0.0,412.6099853515625,414.0199890136719,146710000.0,6.97998046875,8.53,3.89,7.29,8.23,3.61,414000.0,4.12,5.17,-0.8507,5.07,6.61,9.07,2487.7162,20.49,7.81,19.713,7.36,8.16,6.5,3285000.0,602.3457
1992-06-01,3413.199951171875,2017.4000244140625,2697.60009765625,1798.22998046875,3404.0,6056.0,588.3699951171875,18004.109375,21280000.0,0.0,0.0,0.0,228400.0,0.0,141570000.0,0.0,415.3500061035156,417.29998779296875,180800000.0,6.97998046875,8.6,3.8,7.4,8.25,3.71,411000.0,4.27,5.26,-0.86672,5.438,6.7,9.11,2488.0149,21.98,7.89,21.003,7.36,8.21,6.5,3392000.0,601.7539
1992-06-08,3404.10009765625,1981.5999755859375,2645.800048828125,1789.050048828125,3394.5,5978.7998046875,582.010009765625,17655.060546875,16280000.0,0.0,0.0,0.0,208900.0,0.0,129050000.0,0.0,413.4800109863281,413.3599853515625,161240000.0,7.389984130859375,8.59,3.85,7.35,8.24,3.71,416000.0,4.27,5.21,-0.88068,5.54,6.61,9.09,2469.1088,22.38,7.87,20.497,7.36,8.18,6.5,3265000.0,601.4598
1992-06-15,3354.89990234375,1918.0999755859375,2593.60009765625,1773.25,3409.800048828125,5819.10009765625,569.010009765625,16953.23046875,17220000.0,0.0,0.0,0.0,231600.0,0.0,132360000.0,0.0,409.760009765625,410.2900085449219,164080000.0,7.84002685546875,8.54,3.69,7.32,8.24,3.67,420000.0,4.18,5.1,-0.89423,4.916,6.56,9.08,2486.7964,22.35,7.87,22.26,7.36,8.12,6.5,3270000.0,601.4444
1992-06-22,3280.800048828125,1885.800048828125,2550.300048828125,1770.719970703125,3340.699951171875,5819.89990234375,549.72998046875,15921.2197265625,20420000.0,0.0,0.0,0.0,230300.0,0.0,151190000.0,0.0,403.6400146484375,403.3999938964844,169370000.0,11.939971923828125,8.48,3.73,7.24,8.22,3.63,419000.0,4.12,5.0,-0.90744,6.657,6.44,9.02,2471.4448,22.26,7.83,20.418,7.36,8.03,6.5,3284000.0,600.6369
1992-06-29,3319.860107421875,1907.300048828125,2515.800048828125,1755.97998046875,3375.800048828125,6057.89990234375,558.7999877929688,15741.26953125,17130000.0,0.0,0.0,0.0,203000.0,0.0,159520000.0,0.0,403.4700012207031,408.94000244140625,176750000.0,9.03997802734375,8.43,3.72,7.2,8.2,3.64,420000.0,4.14,4.96,-0.92017,8.136,6.4,9.02,2492.8055,22.68,7.82,22.005,7.36,7.98,6.5,3340000.0,600.455
1992-07-06,3339.199951171875,1868.5,2469.0,1769.97998046875,3426.89990234375,6024.7998046875,563.1699829101562,16657.0703125,23870000.0,0.0,0.0,0.0,206600.0,0.0,134770000.0,0.0,411.7699890136719,413.8399963378906,186920000.0,13.769989013671875,8.29,3.87,7.07,8.16,3.48,407000.0,3.96,4.76,-0.93174,8.434,6.22,8.98,2498.3628,22.03,7.74,20.481,7.36,7.84,6.5,3212000.0,601.7043
1992-07-13,3337.300048828125,1859.4000244140625,2478.300048828125,1731.43994140625,3449.199951171875,6085.89990234375,570.219970703125,17201.73046875,13650000.0,0.0,0.0,0.0,188900.0,0.0,132930000.0,0.0,414.6199951171875,414.8699951171875,148870000.0,13.769989013671875,8.13,3.24,6.9,8.08,3.22,408000.0,3.64,4.41,-0.94061,6.133,5.93,8.89,2466.1402,21.48,7.62,21.544,7.36,7.67,6.0,3103000.0,599.537
1992-07-20,3303.0,1767.9000244140625,2403.699951171875,1652.7099609375,3452.60009765625,5986.5,564.280029296875,15884.48046875,18060000.0,0.0,0.0,0.0,247800.0,0.0,117830000.0,0.0,415.6199951171875,413.75,165760000.0,7.209991455078125,8.09,3.28,6.92,8.09,3.19,392000.0,3.53,4.3,-0.9466,5.245,5.85,8.87,2499.8427,21.58,7.66,20.722,7.36,7.63,6.0,3238000.0,601.6003
1992-07-27,3282.199951171875,1755.4000244140625,2348.0,1617.780029296875,3396.5,5664.39990234375,564.72998046875,15373.33984375,14760000.0,0.0,0.0,0.0,191500.0,0.0,128130000.0,0.0,411.6000061035156,411.5400085449219,164700000.0,7.730010986328125,8.08,3.22,6.82,8.06,3.17,564000.0,3.53,4.28,-0.94871,5.231,5.74,8.82,2485.7419,21.95,7.61,21.823,7.36,7.61,6.0,3318000.0,599.0263
1992-08-03,3395.39990234375,1784.4000244140625,2420.199951171875,1605.1099853515625,3443.39990234375,5910.7001953125,582.3599853515625,15709.4501953125,17280000.0,0.0,0.0,0.0,280400.0,0.0,141300000.0,0.0,424.19000244140625,425.0899963378906,164460000.0,15.160003662109375,8.05,3.18,6.67,8.01,3.18,423000.0,3.57,4.31,-0.9468,5.562,5.7,8.71,2466.565,21.95,7.46,20.507,7.36,7.6,6.0,3467000.0,596.993
1992-08-10,3337.56005859375,1755.199951171875,2325.699951171875,1578.949951171875,3408.800048828125,5867.89990234375,573.1400146484375,15066.33984375,15580000.0,0.0,0.0,0.0,167500.0,0.0,120450000.0,0.0,418.8699951171875,419.4200134277344,142480000.0,8.100006103515625,8.06,3.33,6.65,7.99,3.16,406000.0,3.54,4.29,-0.9416,6.707,5.69,8.68,2485.9885,21.34,7.43,22.021,7.36,7.59,6.0,3211000.0,597.6094
1992-08-17,3324.89990234375,1757.300048828125,2376.10009765625,1554.760009765625,3379.800048828125,5667.89990234375,572.469970703125,14929.5498046875,13860000.0,0.0,0.0,0.0,222100.0,0.0,132560000.0,0.0,419.8900146484375,420.739990234375,152830000.0,7.050018310546875,7.96,3.24,6.52,7.93,3.11,401000.0,3.43,4.16,-0.93417,5.445,5.53,8.62,2486.002,21.18,7.34,20.116,7.36,7.48,6.0,3210000.0,597.4052
1992-08-24,3228.199951171875,1689.699951171875,2311.10009765625,1484.969970703125,3380.800048828125,5390.89990234375,555.3900146484375,16627.9609375,18360000.0,0.0,0.0,0.0,236900.0,0.0,138460000.0,0.0,414.79998779296875,410.7200012207031,165690000.0,11.82000732421875,7.87,3.33,6.5,7.91,3.07,398000.0,3.4,4.08,-0.92423,5.291,5.48,8.62,2478.293,21.39,7.34,22.911,7.36,7.38,6.0,3188000.0,596.5185
1992-08-31,3257.39990234375,1684.9000244140625,2312.60009765625,1529.969970703125,3402.89990234375,5628.60009765625,563.1199951171875,18061.119140625,12800000.0,0.0,0.0,0.0,251000.0,0.0,133530000.0,0.0,414.8699951171875,414.0299987792969,161480000.0,12.050018310546875,8.01,3.27,6.67,7.97,3.16,408000.0,3.52,4.25,-0.9114,5.62,5.69,8.69,2490.1157,21.43,7.44,19.714,7.36,7.51,6.0,3175000.0,596.8515
1992-09-07,3281.89990234375,1779.300048828125,2372.199951171875,1538.6600341796875,3456.800048828125,5664.39990234375,573.4400024414062,18440.1796875,13210000.0,0.0,0.0,0.0,323100.0,0.0,122380000.0,0.0,417.9800109863281,417.0799865722656,124380000.0,6.959991455078125,7.94,3.33,6.53,7.93,3.1,416000.0,3.39,4.07,-0.89465,5.744,5.48,8.64,2478.1757,21.66,7.37,22.279,7.36,7.44,6.0,3167000.0,598.1578
1992-09-14,3376.199951171875,1873.5999755859375,2422.10009765625,1601.5,3470.39990234375,5607.2001953125,594.2100219726562,18471.400390625,30720000.0,0.0,0.0,0.0,331600.0,0.0,227000000.0,0.0,419.6499938964844,425.2699890136719,250940000.0,6.959991455078125,7.84,3.09,6.32,7.87,2.91,416000.0,3.17,3.85,-0.87351,5.923,5.26,8.54,2489.2169,21.94,7.26,22.084,7.36,7.33,6.0,3261000.0,598.1344
1992-09-21,3320.800048828125,1826.0999755859375,2560.10009765625,1566.0,3420.0,5741.5,588.5800170898438,18066.240234375,15850000.0,0.0,0.0,0.0,273700.0,0.0,159460000.0,0.0,422.8999938964844,422.1400146484375,153940000.0,7.5,7.89,3.28,6.39,7.91,2.89,427000.0,3.15,3.86,-0.84558,6.284,5.37,8.58,2499.9005,22.21,7.32,24.813,7.36,7.37,6.0,3195000.0,598.6113
1992-09-28,3276.260009765625,1770.300048828125,2560.0,1481.030029296875,3368.0,5597.2001953125,575.3400268554688,17972.609375,18020000.0,0.0,0.0,0.0,240600.0,0.0,124360000.0,0.0,414.3500061035156,416.6199951171875,158760000.0,10.220001220703125,8.02,3.07,6.47,7.96,2.89,409000.0,3.16,3.91,-0.81193,13.697,5.46,8.69,2484.8516,21.71,7.41,20.45,7.36,7.48,6.0,3194000.0,598.5107
1992-10-05,3179.0,1611.0,2446.300048828125,1402.3399658203125,3227.5,5595.39990234375,565.2100219726562,17101.5,37360000.0,0.0,0.0,0.0,369000.0,0.0,223690000.0,0.0,410.4700012207031,407.57000732421875,286550000.0,21.870025634765625,7.93,3.41,6.32,7.93,2.69,398000.0,3.02,3.75,-0.77485,21.297,5.26,8.64,2490.9137,21.81,7.34,23.641,7.36,7.37,6.0,3121000.0,598.3785
1992-10-12,3174.39990234375,1655.0999755859375,2557.199951171875,1441.5699462890625,3218.5,5725.60009765625,573.8400268554688,17302.009765625,14260000.0,0.0,0.0,0.0,245900.0,0.0,127850000.0,0.0,402.6600036621094,407.44000244140625,126670000.0,19.550018310546875,8.01,3.2,6.39,7.92,2.76,374000.0,3.09,3.83,-0.73815,5.499,5.35,8.72,2485.4229,21.9,7.44,22.701,7.36,7.46,6.0,3072000.0,597.8548
1992-10-19,3188.5,1679.0999755859375,2562.199951171875,1479.5899658203125,3225.5,6089.89990234375,590.6699829101562,16903.810546875,26190000.0,0.0,0.0,0.0,257100.0,0.0,198130000.0,0.0,411.7300109863281,414.9800109863281,222150000.0,12.55999755859375,8.06,3.2,6.54,7.96,2.9,385000.0,3.26,4.02,-0.70538,4.555,5.52,8.84,2506.8563,22.25,7.52,24.922,7.36,7.51,6.0,3083000.0,597.3273
1992-10-26,3244.10009765625,1770.699951171875,2661.60009765625,1534.02001953125,3276.0,6062.5,598.9199829101562,17011.330078125,23440000.0,0.0,0.0,0.0,392700.0,0.0,168800000.0,0.0,414.0899963378906,418.1600036621094,188060000.0,10.740020751953125,8.23,3.05,6.78,8.04,2.95,367000.0,3.48,4.28,-0.67991,4.675,5.83,8.93,2497.6502,21.58,7.62,23.145,7.36,7.71,6.0,3063000.0,596.1833
1992-11-02,3262.199951171875,1742.4000244140625,2687.800048828125,1482.43994140625,3379.0,6231.2001953125,607.5700073242188,16853.359375,23860000.0,0.0,0.0,0.0,291900.0,0.0,179350000.0,0.0,418.6600036621094,422.75,203280000.0,9.07000732421875,8.21,2.96,6.78,8.07,2.94,365000.0,3.5,4.35,-0.66457,5.191,5.85,8.96,2497.5971,20.95,7.63,22.921,7.36,7.68,6.0,2973000.0,596.2378
1992-11-09,3240.89990234375,1786.699951171875,2695.39990234375,1508.6300048828125,3293.800048828125,6267.89990234375,622.0499877929688,16417.05078125,19980000.0,0.0,0.0,0.0,334400.0,0.0,245430000.0,0.0,417.5799865722656,418.5899963378906,197560000.0,7.230010986328125,8.29,3.07,6.9,8.11,3.03,374000.0,3.58,4.44,-0.6612,5.622,5.96,9.02,2504.521,20.52,7.69,24.713,7.36,7.75,6.0,3017000.0,596.1218
1992-11-16,3205.699951171875,1772.699951171875,2679.60009765625,1542.47998046875,3236.39990234375,6294.7998046875,634.010009765625,16162.990234375,17400000.0,0.0,0.0,0.0,287700.0,0.0,188080000.0,0.0,422.44000244140625,420.67999267578125,173600000.0,6.30999755859375,8.32,2.91,6.88,8.14,3.08,377000.0,3.64,4.51,-0.66909,5.25,6.0,9.0,2508.5898,20.37,7.64,26.364,7.36,7.79,6.0,2962000.0,596.8441
1992-11-23,3223.0,1674.800048828125,2722.89990234375,1523.6199951171875,3258.300048828125,5895.0,638.8400268554688,17033.599609375,23660000.0,0.0,0.0,0.0,323100.0,0.0,208140000.0,0.0,426.6499938964844,425.1199951171875,192530000.0,8.670013427734375,8.32,2.97,6.84,8.07,3.16,357000.0,3.73,4.64,-0.68896,5.184,6.05,8.91,2477.3655,20.35,7.54,25.285,7.36,7.83,6.0,2906000.0,595.8156
1992-11-30,3305.199951171875,1771.4000244140625,2778.800048828125,1545.1199951171875,3282.800048828125,5810.60009765625,652.72998046875,17683.650390625,23060000.0,0.0,0.0,0.0,326000.0,0.0,217800000.0,0.0,430.19000244140625,431.3500061035156,230150000.0,11.100006103515625,8.29,3.1,6.86,8.06,3.24,341000.0,3.76,4.69,-0.72007,5.787,6.12,8.91,2513.0449,20.16,7.56,26.169,7.36,7.81,6.0,2911000.0,597.9242
1992-12-07,3307.300048828125,1788.5999755859375,2754.5,1519.47998046875,3293.10009765625,5191.7998046875,666.530029296875,17207.119140625,25690000.0,0.0,0.0,0.0,376000.0,0.0,226270000.0,0.0,432.05999755859375,435.30999755859375,217700000.0,6.70001220703125,8.34,3.37,6.91,8.06,3.3,350000.0,3.82,4.78,-0.76016,5.602,6.2,8.92,2496.4284,19.38,7.56,24.786,7.36,7.87,6.0,2918000.0,597.5838
1992-12-14,3292.199951171875,1738.300048828125,2721.800048828125,1478.0699462890625,3262.0,5267.7001953125,654.72998046875,17289.970703125,16700000.0,0.0,0.0,0.0,370400.0,0.0,194500000.0,0.0,433.7300109863281,432.8399963378906,187040000.0,7.25,8.23,2.94,6.77,8.0,3.24,359000.0,3.72,4.65,-0.80505,5.076,6.04,8.82,2499.1962,19.01,7.44,24.286,7.36,7.77,6.0,2807000.0,597.0121
1992-12-21,3312.5,1786.300048828125,2807.699951171875,1517.449951171875,3310.39990234375,5242.5,662.4600219726562,17645.439453125,26680000.0,0.0,0.0,0.0,420800.0,0.0,202910000.0,0.0,441.260009765625,440.70001220703125,224680000.0,10.410003662109375,8.19,2.93,6.79,7.99,3.21,334000.0,3.76,4.72,-0.84841,5.002,6.1,8.82,2497.3941,19.38,7.44,25.369,7.36,7.74,6.0,2770000.0,597.191
1992-12-28,3333.260009765625,1857.5,2827.5,1547.510009765625,3319.89990234375,5531.7001953125,666.25,17188.619140625,13930000.0,0.0,0.0,0.0,160100.0,0.0,144070000.0,0.0,439.7699890136719,439.1499938964844,143970000.0,10.760009765625,8.13,2.94,6.68,7.93,3.18,313000.0,3.64,4.63,-0.88718,7.764,6.03,8.75,2512.5768,19.91,7.36,25.063,7.36,7.65,6.0,2800000.0,595.612
1993-01-04,3309.199951171875,1843.0999755859375,2861.5,1538.0400390625,3351.0,5437.7998046875,671.7999877929688,16994.080078125,21400000.0,0.0,0.0,0.0,309400.0,0.0,188870000.0,0.0,435.70001220703125,435.3800048828125,201210000.0,10.760009765625,8.14,2.86,6.7,7.9,3.15,341000.0,3.62,4.59,-0.91748,6.32,6.03,8.75,2481.8112,19.63,7.39,26.519,7.36,7.68,6.0,2729000.0,595.7721
1993-01-11,3262.75,1814.5999755859375,2773.39990234375,1522.260009765625,3310.199951171875,5673.10009765625,682.4000244140625,16589.55078125,24500000.0,0.0,0.0,0.0,449400.0,0.0,195740000.0,0.0,429.0400085449219,430.95001220703125,217150000.0,12.709991455078125,8.07,3.03,6.67,7.92,3.09,354000.0,3.6,4.52,-0.93817,8.36,5.95,8.74,2490.7592,19.0,7.38,26.624,7.36,7.6,6.0,2697000.0,595.1644
1993-01-18,3274.89990234375,1837.5,2763.10009765625,1581.489990234375,3295.60009765625,5882.0,698.1300048828125,16617.240234375,23030000.0,0.0,0.0,0.0,360400.0,0.0,240740000.0,0.0,437.1300048828125,436.8399963378906,196030000.0,12.6099853515625,8.04,2.98,6.68,7.96,3.0,352000.0,3.5,4.43,-0.95166,5.492,5.9,8.73,2491.0436,18.62,7.43,23.55,7.36,7.56,6.0,2749000.0,594.3448
1993-01-25,3292.199951171875,1779.9000244140625,2771.89990234375,1571.280029296875,3295.60009765625,5914.39990234375,706.9500122070312,16287.4501953125,35840000.0,0.0,0.0,0.0,399300.0,0.0,264590000.0,0.0,436.1099853515625,440.010009765625,288740000.0,8.04998779296875,8.0,3.1,6.59,7.9,2.99,341000.0,3.47,4.37,-0.95938,6.988,5.82,8.65,2489.7747,18.61,7.31,24.521,7.36,7.51,6.0,2727000.0,595.517
1993-02-01,3332.199951171875,1785.9000244140625,2851.60009765625,1590.3299560546875,3310.89990234375,5697.7998046875,701.77001953125,17133.640625,27910000.0,0.0,0.0,0.0,374900.0,0.0,213940000.0,0.0,438.7799987792969,442.5199890136719,238570000.0,7.170013427734375,7.86,2.94,6.46,7.84,2.92,340000.0,3.41,4.24,-0.963,8.761,5.66,8.55,2489.0028,19.9,7.23,20.618,7.36,7.37,6.0,2663000.0,596.4033
1993-02-08,3437.5,1904.699951171875,2870.0,1646.8499755859375,3394.800048828125,5786.7001953125,698.4400024414062,17281.73046875,29460000.0,0.0,0.0,0.0,495000.0,0.0,222070000.0,0.0,448.94000244140625,447.8500061035156,243400000.0,13.1300048828125,7.8,3.15,6.4,7.78,2.92,319000.0,3.41,4.19,-0.96453,11.447,5.55,8.5,2491.3351,20.22,7.21,22.383,7.36,7.29,6.0,2645000.0,596.2582
1993-02-15,3392.429931640625,1899.5,2845.89990234375,1674.9300537109375,3442.10009765625,6049.39990234375,690.5399780273438,17117.990234375,22870000.0,0.0,0.0,0.0,301100.0,0.0,214600000.0,0.0,447.6600036621094,444.5799865722656,216810000.0,5.800018310546875,7.75,2.92,6.38,7.75,2.93,321000.0,3.45,4.21,-0.96504,5.391,5.56,8.49,2496.1026,20.13,7.18,22.484,7.36,7.25,6.0,2628000.0,593.4183
1993-02-22,3342.989990234375,1959.199951171875,2838.300048828125,1679.4100341796875,3447.699951171875,6231.89990234375,652.4199829101562,16820.609375,34140000.0,0.0,0.0,0.0,401500.0,0.0,277440000.0,0.0,434.2099914550781,435.239990234375,311570000.0,5.800018310546875,7.65,3.06,6.24,7.69,2.92,351000.0,3.36,4.04,-0.96499,4.791,5.39,8.37,2498.9287,19.51,7.07,24.16,7.36,7.12,6.0,2646000.0,594.0412
1993-03-01,3355.409912109375,1998.800048828125,2882.60009765625,1691.3699951171875,3432.699951171875,6398.7998046875,669.510009765625,16879.599609375,21770000.0,0.0,0.0,0.0,441700.0,0.0,186040000.0,0.0,443.3800048828125,442.010009765625,232460000.0,12.5,7.53,2.91,6.02,7.61,2.95,362000.0,3.31,3.95,-0.96688,4.967,5.21,8.22,2479.8195,20.4,6.89,22.787,7.36,7.02,6.0,2645000.0,592.5553
1993-03-08,3469.419921875,2004.300048828125,2957.300048828125,1702.27001953125,3551.0,6482.2001953125,687.22998046875,17686.470703125,32460000.0,0.0,0.0,0.0,532000.0,0.0,219940000.0,0.0,446.1199951171875,454.7099914550781,275290000.0,13.72998046875,7.44,3.24,5.9,7.56,2.95,354000.0,3.3,3.85,-0.97008,6.017,5.09,8.12,2497.95,20.69,6.79,25.893,7.36,6.91,6.0,2683000.0,593.1778
1993-03-15,3442.409912109375,1986.0,2922.39990234375,1705.050048828125,3562.10009765625,5854.60009765625,695.2100219726562,18086.1796875,16910000.0,0.0,0.0,0.0,435700.0,0.0,187580000.0,0.0,449.8299865722656,451.42999267578125,195930000.0,11.20001220703125,7.47,3.02,5.96,7.54,2.98,346000.0,3.39,4.03,-0.97542,5.395,5.24,8.11,2489.007,20.45,6.76,23.585,7.36,6.97,6.0,2618000.0,592.6507
1993-03-22,3463.47998046875,1939.300048828125,2863.89990234375,1656.5899658203125,3583.699951171875,6060.0,676.6199951171875,18784.390625,25670000.0,0.0,0.0,0.0,532200.0,0.0,213030000.0,0.0,450.1700134277344,448.8800048828125,233190000.0,7.620025634765625,7.57,3.04,6.03,7.61,2.97,338000.0,3.36,3.99,-0.98285,5.563,5.23,8.16,2489.0282,20.14,6.85,24.476,7.36,7.07,6.0,2724000.0,592.6901
1993-03-29,3455.10009765625,2033.9000244140625,2846.5,1675.1800537109375,3585.300048828125,6322.89990234375,680.760009765625,19048.380859375,21850000.0,0.0,0.0,0.0,537300.0,0.0,194480000.0,0.0,447.760009765625,450.7699890136719,199970000.0,7.240020751953125,7.5,2.93,5.98,7.59,2.92,366000.0,3.3,3.93,-0.9917,5.026,5.2,8.15,2503.8063,20.0,6.83,23.852,7.36,7.01,6.0,2725000.0,590.5445
1993-04-05,3379.18994140625,1974.699951171875,2838.800048828125,1658.3599853515625,3604.39990234375,6404.39990234375,670.7100219726562,19759.4609375,35090000.0,0.0,0.0,0.0,531400.0,0.0,190840000.0,0.0,441.4200134277344,442.2900085449219,296080000.0,14.350006103515625,7.53,3.18,6.07,7.64,2.91,365000.0,3.32,3.95,-1.00001,5.243,5.25,8.23,2496.5944,20.44,6.95,25.649,7.36,7.03,6.0,2729000.0,588.6934
1993-04-12,3428.090087890625,1986.9000244140625,2821.800048828125,1658.1300048828125,3615.0,6285.7001953125,673.1199951171875,19882.140625,24990000.0,0.0,0.0,0.0,403000.0,0.0,214150000.0,0.0,441.8399963378906,448.3699951171875,259690000.0,15.399993896484375,7.57,3.11,6.06,7.61,2.91,353000.0,3.31,3.92,-1.00752,5.723,5.21,8.25,2499.3732,20.37,6.96,25.682,7.36,7.07,6.0,2781000.0,586.4622
1993-04-19,3466.989990234375,1968.9000244140625,2830.0,1687.1400146484375,3663.199951171875,6680.2001953125,663.030029296875,20112.33984375,25050000.0,0.0,0.0,0.0,906900.0,0.0,222850000.0,0.0,448.94000244140625,447.4599914550781,244710000.0,15.399993896484375,7.45,2.93,5.9,7.45,2.85,351000.0,3.21,3.8,-1.01295,5.348,5.08,8.07,2497.6556,20.28,6.77,27.54,7.36,6.93,6.0,2800000.0,584.6148
1993-04-26,3398.3701171875,1911.5999755859375,2822.300048828125,1643.530029296875,3683.800048828125,6845.7998046875,645.8699951171875,19623.630859375,27070000.0,0.0,0.0,0.0,817200.0,0.0,212320000.0,0.0,437.0299987792969,433.5400085449219,283260000.0,17.09002685546875,7.38,2.91,5.87,7.34,2.81,350000.0,3.18,3.77,-1.0152,8.135,5.06,8.05,2484.7475,19.95,6.76,27.035,7.36,6.86,6.0,2792000.0,585.1185
1993-05-03,3446.4599609375,1937.0,2813.10009765625,1632.0,3773.5,6790.10009765625,666.7100219726562,20919.1796875,22190000.0,0.0,0.0,0.0,557500.0,0.0,202330000.0,0.0,440.19000244140625,442.4599914550781,224970000.0,10.290008544921875,7.43,2.87,6.01,7.4,2.91,343000.0,3.25,3.83,-1.01496,4.77,5.14,8.15,2507.2532,20.3,6.89,28.133,7.36,6.91,6.0,2747000.0,586.1905
1993-05-10,3443.280029296875,1877.199951171875,2829.800048828125,1616.449951171875,3778.5,6739.2001953125,682.8200073242188,21054.7109375,26170000.0,0.0,0.0,0.0,537800.0,0.0,206450000.0,0.0,442.3399963378906,442.79998779296875,235580000.0,7.839996337890625,7.42,2.98,5.92,7.37,2.87,339000.0,3.23,3.78,-1.01125,6.116,5.05,8.13,2520.0766,20.47,6.83,25.525,7.36,6.88,6.0,2820000.0,585.599
1993-05-17,3449.929931640625,1835.699951171875,2858.10009765625,1630.3699951171875,3792.5,7124.10009765625,677.9600219726562,20565.509765625,17680000.0,0.0,0.0,0.0,510300.0,0.0,209900000.0,0.0,439.55999755859375,440.3699951171875,227580000.0,7.59002685546875,7.42,2.9,5.96,7.41,2.91,345000.0,3.27,3.86,-1.00574,5.646,5.1,8.18,2526.2756,20.06,6.88,24.932,7.36,6.86,6.0,2772000.0,587.2174
1993-05-24,3507.780029296875,1861.4000244140625,2825.60009765625,1608.5799560546875,3836.0,7271.89990234375,694.6900024414062,20476.16015625,17840000.0,0.0,0.0,0.0,873900.0,0.0,205220000.0,0.0,445.8399963378906,448.0,197990000.0,13.730010986328125,7.52,3.01,6.12,7.48,2.99,342000.0,3.4,4.07,-1.00047,5.937,5.28,8.28,2509.5967,19.43,7.0,24.483,7.36,6.98,6.0,2816000.0,587.2814
1993-05-31,3527.429931640625,1888.699951171875,2840.699951171875,1627.2099609375,3882.60009765625,7372.2001953125,700.530029296875,20552.349609375,17700000.0,0.0,0.0,0.0,372700.0,0.0,235750000.0,0.0,452.4100036621094,450.19000244140625,207820000.0,9.65997314453125,7.5,3.07,6.14,7.46,3.06,349000.0,3.55,4.21,-0.99758,6.11,5.36,8.27,2523.9241,19.84,6.97,28.31,7.36,6.99,6.0,2737000.0,589.2814
1993-06-07,3532.1298828125,1887.9000244140625,2844.800048828125,1660.8800048828125,3892.199951171875,7124.7001953125,694.6099853515625,20844.189453125,18010000.0,0.0,0.0,0.0,375200.0,0.0,247860000.0,0.0,450.07000732421875,447.69000244140625,236920000.0,9.65997314453125,7.47,3.09,6.07,7.38,3.06,343000.0,3.58,4.2,-0.99923,5.984,5.29,8.16,2528.257,19.95,6.88,24.433,7.36,6.97,6.0,2808000.0,590.6757
1993-06-14,3514.68994140625,1916.800048828125,2885.5,1686.43994140625,3872.199951171875,7266.7001953125,696.4099731445312,20397.349609375,18850000.0,0.0,0.0,0.0,279700.0,0.0,208430000.0,0.0,447.260009765625,447.7099914550781,210440000.0,8.339996337890625,7.48,2.96,6.06,7.38,3.1,343000.0,3.61,4.27,-1.00806,4.468,5.32,8.13,2532.9614,19.43,6.87,28.648,7.36,6.98,6.0,2836000.0,589.5471
1993-06-21,3510.820068359375,1929.199951171875,2903.39990234375,1697.260009765625,3922.39990234375,7003.60009765625,688.739990234375,19212.4296875,20250000.0,0.0,0.0,0.0,554800.0,0.0,208470000.0,0.0,443.67999267578125,446.2200012207031,223650000.0,5.370025634765625,7.38,3.01,5.96,7.32,3.05,345000.0,3.49,4.11,-1.02375,5.364,5.19,8.06,2525.0042,18.76,6.82,26.22,7.36,6.87,6.0,2857000.0,590.942
1993-06-28,3530.199951171875,1991.0,2897.0,1712.3299560546875,3965.5,7148.10009765625,702.8400268554688,19886.759765625,19180000.0,0.0,0.0,0.0,533700.0,0.0,227010000.0,0.0,447.6000061035156,451.8500061035156,242090000.0,9.399993896484375,7.34,3.0,5.89,7.29,3.09,340000.0,3.53,4.15,-1.04414,9.667,5.18,8.01,2529.1836,18.52,6.76,26.481,7.36,6.84,6.0,2747000.0,589.8916
1993-07-05,3483.969970703125,1925.4000244140625,2838.5,1694.8299560546875,3990.39990234375,7205.39990234375,704.489990234375,19623.060546875,19160000.0,0.0,0.0,0.0,428100.0,0.0,182540000.0,0.0,449.0199890136719,445.8399963378906,220750000.0,9.399993896484375,7.23,3.13,5.79,7.24,3.01,334000.0,3.42,4.01,-1.06632,16.256,5.04,7.96,2511.1524,18.61,6.68,26.217,7.36,6.76,6.0,2724000.0,590.5552
1993-07-12,3524.3798828125,1992.199951171875,2830.89990234375,1808.739990234375,3950.5,6952.60009765625,707.6699829101562,19980.0,17440000.0,0.0,0.0,0.0,457400.0,0.0,202520000.0,0.0,448.1300048828125,448.9800109863281,202310000.0,9.399993896484375,7.19,3.1,5.79,7.22,3.02,314000.0,3.42,4.0,-1.0876,6.833,5.03,7.96,2535.7927,18.02,6.67,26.954,7.36,6.71,6.0,2778000.0,590.0788
1993-07-19,3535.280029296875,1981.699951171875,2842.89990234375,1835.0899658203125,3867.699951171875,6813.7001953125,695.8300170898438,20150.919921875,22240000.0,0.0,0.0,0.0,481800.0,0.0,239620000.0,0.0,445.75,446.0299987792969,216370000.0,6.290008544921875,7.16,3.01,5.74,7.16,3.02,335000.0,3.41,4.0,-1.10445,6.822,5.0,7.9,2526.7998,17.72,6.58,25.681,7.36,6.67,6.0,2766000.0,587.0107
1993-07-26,3567.699951171875,2006.199951171875,2844.199951171875,1859.489990234375,3869.5,6858.10009765625,704.5399780273438,19822.080078125,19570000.0,0.0,0.0,0.0,378300.0,0.0,226150000.0,0.0,447.05999755859375,449.0899963378906,222580000.0,5.790008544921875,7.2,3.09,5.83,7.17,3.07,415000.0,3.53,4.14,-1.11631,6.065,5.15,7.93,2513.0378,17.54,6.61,29.292,7.36,6.7,6.0,2803000.0,587.392
1993-08-02,3560.989990234375,2129.0,2941.699951171875,1818.0999755859375,3967.199951171875,7029.0,707.6599731445312,20343.529296875,20980000.0,0.0,0.0,0.0,620300.0,0.0,224350000.0,0.0,448.1300048828125,450.1499938964844,230380000.0,6.22998046875,7.25,3.03,5.88,7.14,3.06,356000.0,3.57,4.19,-1.12253,5.435,5.21,7.94,2509.6262,18.18,6.63,24.548,7.36,6.75,6.0,2843000.0,586.5782
1993-08-09,3576.080078125,2138.5,2986.39990234375,1870.239990234375,4002.199951171875,7382.2001953125,718.489990234375,20493.05078125,22450000.0,0.0,0.0,0.0,430500.0,0.0,236180000.0,0.0,448.67999267578125,450.7200012207031,232750000.0,4.57000732421875,7.21,3.1,5.85,7.04,3.06,346000.0,3.55,4.15,-1.12475,5.934,5.19,7.82,2518.9309,17.67,6.54,25.954,7.36,6.72,6.0,2813000.0,589.116
1993-08-16,3579.14990234375,2148.0,3008.300048828125,1903.43994140625,4020.199951171875,7489.5,726.8900146484375,20901.490234375,24820000.0,0.0,0.0,0.0,435900.0,0.0,245600000.0,0.0,450.25,452.3800048828125,233640000.0,5.8800048828125,7.17,2.98,5.78,6.92,3.02,339000.0,3.48,4.06,-1.12423,5.661,5.12,7.69,2520.9892,17.87,6.42,26.763,7.36,6.68,6.0,2791000.0,588.4045
1993-08-23,3605.97998046875,2111.39990234375,3042.0,1893.47998046875,4091.800048828125,7388.39990234375,730.8599853515625,20414.140625,20750000.0,0.0,0.0,0.0,379700.0,0.0,226930000.0,0.0,456.1199951171875,455.2300109863281,212500000.0,8.019989013671875,7.1,3.06,5.66,6.79,3.0,342000.0,3.41,3.97,-1.12136,5.675,5.02,7.53,2503.8566,17.84,6.26,27.116,7.36,6.62,6.0,2821000.0,587.3776
1993-08-30,3643.989990234375,2205.699951171875,3100.60009765625,1929.56005859375,4138.7998046875,7423.0,737.3800048828125,20912.689453125,17750000.0,0.0,0.0,0.0,455900.0,0.0,225070000.0,0.0,460.5400085449219,461.8999938964844,194180000.0,8.579986572265625,6.97,2.98,5.51,6.71,3.0,337000.0,3.37,3.88,-1.11638,5.97,4.87,7.43,2522.9831,18.49,6.16,25.12,7.36,6.49,6.0,2788000.0,587.7225
1993-09-06,3633.929931640625,2158.0,3059.0,1911.1500244140625,4125.60009765625,7519.7001953125,749.7100219726562,21060.810546875,16950000.0,0.0,0.0,0.0,499000.0,0.0,218700000.0,0.0,461.29998779296875,461.3399963378906,197160000.0,4.97998046875,6.93,3.08,5.41,6.61,2.99,334000.0,3.34,3.83,-1.10978,5.544,4.76,7.34,2534.3926,18.1,6.06,27.999,7.36,6.45,6.0,2768000.0,586.1725
1993-09-13,3634.2099609375,2119.10009765625,3024.800048828125,1874.3800048828125,3971.800048828125,7476.0,740.3200073242188,21148.109375,20670000.0,0.0,0.0,0.0,643900.0,0.0,230330000.0,0.0,461.70001220703125,462.05999755859375,244970000.0,4.97998046875,6.82,2.99,5.28,6.51,2.96,333000.0,3.32,3.79,-1.10144,5.949,4.66,7.26,2512.8169,16.96,5.9,27.373,7.36,6.35,6.0,2844000.0,583.4756
1993-09-20,3575.800048828125,2107.39990234375,3004.5,1922.68994140625,3952.800048828125,7390.60009765625,740.2100219726562,20266.029296875,19610000.0,0.0,0.0,0.0,524000.0,0.0,228850000.0,0.0,458.8399963378906,455.04998779296875,231130000.0,8.3800048828125,6.96,3.03,5.35,6.66,2.96,346000.0,3.38,3.88,-1.09117,5.117,4.73,7.33,2563.5526,16.94,5.98,28.049,7.36,6.49,6.0,2856000.0,586.8574
1993-09-27,3567.699951171875,2108.60009765625,3026.300048828125,1914.4000244140625,3983.800048828125,7452.10009765625,759.9500122070312,20094.109375,19560000.0,0.0,0.0,0.0,520700.0,0.0,266560000.0,0.0,457.6300048828125,461.79998779296875,244920000.0,12.16998291015625,6.95,3.12,5.44,6.79,2.93,343000.0,3.39,3.9,-1.0801,16.981,4.8,7.43,2509.2204,17.67,6.09,23.276,7.36,6.47,6.0,2836000.0,585.2735
1993-10-04,3577.760009765625,2128.699951171875,3067.699951171875,1934.989990234375,4002.0,7744.2998046875,764.8400268554688,20264.4296875,17830000.0,0.0,0.0,0.0,385000.0,0.0,237500000.0,0.0,461.2799987792969,461.3399963378906,229380000.0,5.25,6.89,3.05,5.33,6.69,2.92,333000.0,3.35,3.83,-1.06828,10.104,4.72,7.35,2512.1352,18.33,5.99,30.467,6.12,6.41,6.0,2810000.0,586.2354
1993-10-11,3593.409912109375,2138.699951171875,3102.199951171875,2009.280029296875,4067.300048828125,8192.2001953125,767.6500244140625,20378.640625,14950000.0,0.0,0.0,0.0,487800.0,0.0,251120000.0,0.0,460.30999755859375,460.8800048828125,183060000.0,6.75,6.87,3.24,5.33,6.7,2.97,355000.0,3.35,3.83,-1.05546,7.518,4.69,7.35,2514.771,18.46,5.99,27.811,6.09,6.39,6.0,2799000.0,583.1432
1993-10-18,3642.31005859375,2145.0,3137.60009765625,2032.25,4188.7001953125,9031.099609375,782.9099731445312,20072.2109375,29180000.0,0.0,0.0,0.0,549100.0,0.0,343720000.0,0.0,469.5,468.45001220703125,329580000.0,14.70001220703125,6.81,2.91,5.24,6.62,3.02,359000.0,3.36,3.82,-1.04059,5.179,4.62,7.25,2520.226,18.57,5.87,27.88,5.99,6.36,6.0,2833000.0,583.3779
1993-10-25,3673.610107421875,2227.699951171875,3184.800048828125,2061.179931640625,4155.2998046875,8767.5,769.75,20309.330078125,25720000.0,0.0,0.0,0.0,429300.0,0.0,284460000.0,0.0,463.2699890136719,464.20001220703125,260310000.0,9.050018310546875,6.74,2.97,5.31,6.63,3.04,354000.0,3.4,3.87,-1.02313,5.755,4.69,7.26,2513.2624,18.12,5.89,28.295,6.03,6.31,6.0,2882000.0,583.4144
1993-11-01,3692.610107421875,2182.0,3164.39990234375,2068.510009765625,4248.0,9629.2001953125,783.77001953125,19438.240234375,22940000.0,0.0,0.0,0.0,576300.0,0.0,273130000.0,0.0,467.8299865722656,469.1000061035156,256030000.0,7.05999755859375,6.86,2.97,5.44,6.73,3.06,348000.0,3.46,3.97,-1.00367,5.13,4.82,7.38,2522.1321,17.37,5.99,29.343,6.14,6.4,6.0,2801000.0,584.7564
1993-11-08,3647.89990234375,2084.800048828125,3077.60009765625,2007.5,4216.5,9178.0,766.2100219726562,18625.16015625,21130000.0,0.0,0.0,0.0,686900.0,0.0,253640000.0,0.0,459.57000732421875,460.2099914550781,234340000.0,14.75,7.11,3.04,5.66,6.87,3.08,350000.0,3.56,4.15,-0.98481,5.989,5.03,7.57,2523.8991,17.29,6.12,27.137,6.31,6.65,6.0,2833000.0,585.0173
1993-11-15,3677.52001953125,2117.89990234375,3093.300048828125,2047.199951171875,4281.7998046875,9733.2998046875,772.4500122070312,18074.609375,23520000.0,0.0,0.0,0.0,768100.0,0.0,271140000.0,0.0,465.3900146484375,463.75,251030000.0,11.77001953125,7.12,2.96,5.68,6.92,3.1,341000.0,3.55,4.13,-0.96994,5.059,5.04,7.65,2520.0327,16.71,6.19,28.898,6.35,6.64,6.0,2785000.0,585.1343
1993-11-22,3670.25,2082.60009765625,3070.60009765625,2020.3599853515625,4200.2001953125,9170.599609375,738.1300048828125,17384.83984375,28660000.0,0.0,0.0,0.0,763000.0,0.0,302140000.0,0.0,462.6000061035156,459.1300048828125,280130000.0,10.160003662109375,7.08,3.03,5.71,6.94,3.11,336000.0,3.58,4.13,-0.96162,5.605,5.04,7.69,2510.231,16.75,6.22,28.053,6.39,6.62,6.0,2801000.0,583.9155
1993-11-29,3677.800048828125,2119.300048828125,3135.800048828125,2052.090087890625,4170.2998046875,9012.7998046875,751.5399780273438,16078.7099609375,25570000.0,0.0,0.0,0.0,534900.0,0.0,243130000.0,0.0,463.05999755859375,461.8999938964844,272710000.0,10.160003662109375,7.31,2.98,5.83,6.99,3.12,337000.0,3.61,4.2,-0.96216,5.971,5.13,7.74,2530.5775,16.08,6.31,31.433,6.47,6.84,6.0,2784000.0,583.3661
1993-12-06,3710.2099609375,2186.699951171875,3237.300048828125,2118.010009765625,4236.0,9609.7001953125,771.0900268554688,16840.380859375,29020000.0,0.0,0.0,0.0,565600.0,0.0,292660000.0,0.0,464.8900146484375,466.42999267578125,292370000.0,6.44000244140625,7.25,3.09,5.8,6.95,3.12,337000.0,3.62,4.21,-0.97073,5.416,5.14,7.7,2549.9901,15.21,6.26,27.885,6.42,6.74,6.0,2802000.0,582.998
1993-12-13,3764.429931640625,2196.300048828125,3254.60009765625,2163.830078125,4293.39990234375,10248.599609375,759.719970703125,17327.330078125,21680000.0,0.0,0.0,0.0,667500.0,0.0,270010000.0,0.0,463.92999267578125,465.70001220703125,256580000.0,4.230010986328125,7.14,2.92,5.71,6.86,3.07,334000.0,3.6,4.19,-0.98478,4.482,5.1,7.61,2534.954,14.68,6.17,30.119,6.31,6.65,6.0,2747000.0,582.4448
1993-12-20,3755.2099609375,2223.5,3364.89990234375,2188.179931640625,4223.60009765625,10814.7998046875,760.1500244140625,17404.240234375,21960000.0,0.0,0.0,0.0,592700.0,0.0,266180000.0,0.0,466.3800048828125,465.8500061035156,255900000.0,5.05999755859375,7.17,2.94,5.82,6.97,3.04,331000.0,3.61,4.23,-1.00154,5.165,5.18,7.72,2564.0763,14.31,6.28,28.598,6.45,6.7,6.0,2780000.0,584.6478
1993-12-27,3792.929931640625,2276.60009765625,3412.300048828125,2266.699951171875,4246.39990234375,11039.7998046875,761.0599975585938,16819.880859375,16280000.0,0.0,0.0,0.0,599100.0,0.0,182550000.0,0.0,467.3999938964844,470.5400085449219,171200000.0,7.1300048828125,7.17,2.99,5.79,6.95,3.06,290000.0,3.6,4.21,-1.01798,8.264,5.16,7.7,2531.0408,14.4,6.27,29.296,6.41,6.69,6.0,2720000.0,583.7106
1994-01-03,3756.60009765625,2290.60009765625,3418.39990234375,2274.6201171875,4321.39990234375,12086.5,770.760009765625,17417.240234375,24960000.0,0.0,0.0,0.0,289000.0,0.0,253020000.0,0.0,466.510009765625,465.44000244140625,270140000.0,7.1300048828125,7.13,2.99,5.77,6.94,3.02,341000.0,3.61,4.22,-1.03164,7.116,5.14,7.71,2504.2667,14.21,6.28,30.83,6.41,6.63,6.0,2633000.0,583.0566
1994-01-10,3865.510009765625,2317.300048828125,3440.60009765625,2225.0,4453.2001953125,11366.900390625,786.6900024414062,18443.439453125,32390000.0,0.0,0.0,0.0,724300.0,0.0,313350000.0,0.0,469.8999938964844,475.2699890136719,319490000.0,10.910003662109375,7.23,3.0,5.85,7.01,3.05,343000.0,3.63,4.25,-1.04146,9.813,5.21,7.75,2522.0843,15.03,6.36,29.957,6.48,6.74,6.0,2705000.0,586.5256
1994-01-17,3870.2900390625,2234.800048828125,3407.800048828125,2115.56005859375,4544.2001953125,10792.900390625,792.1799926757812,18725.369140625,18550000.0,0.0,0.0,0.0,717200.0,0.0,243450000.0,0.0,474.9100036621094,473.29998779296875,233980000.0,8.290008544921875,6.99,2.98,5.69,6.87,2.97,355000.0,3.52,4.1,-1.04688,4.035,5.03,7.61,2535.9625,14.67,6.24,28.696,6.34,6.48,6.0,2634000.0,587.4961
1994-01-24,3912.7900390625,2274.5,3481.39990234375,2107.2900390625,4465.7998046875,11600.099609375,790.6500244140625,18353.240234375,27020000.0,0.0,0.0,0.0,724500.0,0.0,303880000.0,0.0,474.7200012207031,471.9700012207031,296900000.0,4.07000732421875,7.05,3.13,5.74,6.92,2.96,351000.0,3.51,4.11,-1.04547,5.647,5.06,7.64,2535.5677,15.02,6.29,28.801,6.38,6.57,6.0,2814000.0,587.7886
1994-01-31,3978.360107421875,2334.39990234375,3491.800048828125,2192.60009765625,4554.89990234375,11487.0,800.469970703125,20229.119140625,26450000.0,0.0,0.0,0.0,796200.0,0.0,329920000.0,0.0,478.70001220703125,481.6099853515625,322870000.0,12.58001708984375,6.97,2.97,5.74,6.91,2.93,406000.0,3.51,4.1,-1.03781,8.778,5.05,7.62,2542.4104,15.34,6.29,24.236,6.35,6.47,6.0,2762000.0,587.5943
1994-02-07,3906.320068359375,2287.10009765625,3419.10009765625,2095.110107421875,4448.7001953125,11414.2998046875,779.2000122070312,20014.400390625,36370000.0,0.0,0.0,0.0,756300.0,0.0,370020000.0,0.0,469.80999755859375,471.760009765625,348270000.0,15.279998779296875,6.97,3.17,5.8,6.93,3.08,361000.0,3.66,4.24,-1.0223,13.224,5.14,7.61,2529.8881,15.76,6.3,27.096,6.38,6.46,6.0,2764000.0,587.4888
1994-02-14,3904.06005859375,2281.60009765625,3363.5,2101.929931640625,4395.2001953125,10988.7998046875,785.4500122070312,19459.25,23220000.0,0.0,0.0,0.0,648700.0,0.0,282510000.0,0.0,470.17999267578125,470.2300109863281,263190000.0,14.129974365234375,7.21,3.2,5.94,7.03,3.25,354000.0,3.85,4.43,-0.99854,5.96,5.36,7.72,2531.5564,14.87,6.42,26.638,6.52,6.72,6.0,2861000.0,588.2467
1994-02-21,3887.4599609375,2215.199951171875,3350.300048828125,2108.06005859375,4349.0,10456.5,788.8499755859375,19393.939453125,26280000.0,0.0,0.0,0.0,436300.0,0.0,300630000.0,0.0,470.2900085449219,467.69000244140625,293210000.0,9.04998779296875,7.11,3.25,5.95,7.06,3.27,352000.0,3.88,4.48,-0.96853,4.691,5.4,7.76,2523.6637,14.13,6.51,26.103,6.58,6.64,6.0,2748000.0,588.9291
1994-02-28,3832.02001953125,2238.10009765625,3328.10009765625,2103.239990234375,4423.7998046875,10410.2001953125,792.5,19997.19921875,24200000.0,0.0,0.0,0.0,533400.0,0.0,287550000.0,0.0,466.07000732421875,467.1400146484375,268690000.0,9.04998779296875,7.32,3.25,6.15,7.23,3.35,327000.0,4.01,4.67,-0.93363,5.985,5.6,7.92,2524.3157,14.44,6.68,25.79,6.76,6.8,6.0,2797000.0,587.3153
1994-03-07,3856.219970703125,2219.89990234375,3305.89990234375,2132.1201171875,4436.7001953125,10061.599609375,795.0499877929688,19811.880859375,22150000.0,0.0,0.0,0.0,695900.0,0.0,303240000.0,0.0,464.739990234375,466.9100036621094,285590000.0,11.670013427734375,7.51,3.28,6.29,7.36,3.47,348000.0,4.16,4.8,-0.89479,4.435,5.74,8.01,2531.7284,14.68,6.79,29.835,6.86,7.01,6.0,2779000.0,588.4506
1994-03-14,3862.97998046875,2215.0,3233.39990234375,2169.39990234375,4470.39990234375,9980.099609375,792.7999877929688,20526.150390625,24600000.0,0.0,0.0,0.0,757100.0,0.0,265500000.0,0.0,466.44000244140625,467.3900146484375,260150000.0,5.660003662109375,7.63,3.25,6.4,7.44,3.52,341000.0,4.28,4.93,-0.85566,5.222,5.85,8.08,2512.6736,14.24,6.87,27.101,6.95,7.15,6.0,2783000.0,590.589
1994-03-21,3864.85009765625,2202.699951171875,3198.0,2130.550048828125,4523.5,8667.0,797.2999877929688,20469.44921875,20080000.0,0.0,0.0,0.0,626800.0,0.0,261550000.0,0.0,471.05999755859375,468.5400085449219,247380000.0,8.54998779296875,7.76,3.19,6.45,7.46,3.52,332000.0,4.31,4.98,-0.8189,5.463,5.91,8.1,2524.9288,14.82,6.87,27.181,6.96,7.27,6.0,2746000.0,596.1228
1994-03-28,3762.35009765625,2144.5,3129.5,2167.719970703125,4488.0,9197.0,772.5,19941.7890625,27190000.0,0.0,0.0,0.0,723300.0,0.0,300920000.0,0.0,460.5799865722656,460.0,287350000.0,14.989990234375,7.8,3.31,6.52,7.49,3.49,322000.0,4.36,5.06,-0.78652,4.971,6.0,8.15,2520.935,15.15,6.92,27.193,7.02,7.3,6.0,2710000.0,595.3809
1994-04-04,3593.35009765625,2081.89990234375,3086.39990234375,2142.8798828125,4230.10009765625,9029.900390625,727.4099731445312,19122.220703125,43710000.0,0.0,0.0,0.0,421200.0,0.0,313720000.0,0.0,445.6600036621094,438.9200134277344,344390000.0,34.220001220703125,8.04,3.49,6.72,7.65,3.5,342000.0,4.46,5.18,-0.76042,4.847,6.19,8.29,2507.6112,14.44,7.06,27.678,7.18,7.55,6.25,2730000.0,598.4319
1994-04-11,3688.830078125,2145.300048828125,3149.39990234375,2224.85009765625,4303.0,9476.7998046875,748.1099853515625,19898.080078125,22680000.0,0.0,0.0,0.0,465000.0,0.0,238170000.0,0.0,447.1199951171875,449.8699951171875,243180000.0,34.220001220703125,8.47,3.69,6.97,7.9,3.6,349000.0,4.71,5.44,-0.74252,6.073,6.47,8.56,2512.2803,15.65,7.29,30.141,7.41,7.91,6.25,2773000.0,600.5493
1994-04-18,3620.419921875,2160.10009765625,3138.199951171875,2218.3701171875,4168.10009765625,9506.7998046875,720.4500122070312,20277.359375,26780000.0,0.0,0.0,0.0,551100.0,0.0,246580000.0,0.0,446.2699890136719,442.4599914550781,271470000.0,9.410003662109375,8.26,3.37,6.93,7.87,3.57,354000.0,4.7,5.45,-0.73201,3.965,6.47,8.51,2506.6752,16.07,7.26,29.149,7.39,7.72,6.25,2716000.0,597.5022
1994-04-25,3705.780029296875,2116.300048828125,3106.10009765625,2208.679931640625,4236.7001953125,9136.099609375,730.7999877929688,19709.140625,24330000.0,0.0,0.0,0.0,525900.0,0.0,238290000.0,0.0,447.6400146484375,452.7099914550781,262320000.0,13.8800048828125,8.49,3.59,7.03,7.93,3.73,331000.0,4.9,5.66,-0.72713,6.568,6.6,8.55,2499.4321,17.02,7.31,30.313,7.44,7.97,6.39,2695000.0,602.1447
1994-05-02,3701.02001953125,2186.199951171875,3125.300048828125,2266.719970703125,4282.2998046875,8799.7001953125,740.6799926757812,19570.2109375,25070000.0,0.0,0.0,0.0,109400.0,0.0,254080000.0,0.0,450.9100036621094,453.0199890136719,296130000.0,13.96002197265625,8.32,3.59,6.96,7.81,3.85,344000.0,4.99,5.67,-0.72843,5.473,6.56,8.46,2509.8069,16.93,7.22,30.111,7.34,7.85,6.75,2769000.0,600.9235
1994-05-09,3629.0400390625,2139.39990234375,3097.800048828125,2218.77001953125,4179.10009765625,8421.7001953125,722.9600219726562,19786.9609375,24440000.0,0.0,0.0,0.0,488600.0,0.0,223840000.0,0.0,447.82000732421875,442.32000732421875,250870000.0,12.1400146484375,8.53,3.76,7.16,7.97,4.04,371000.0,5.23,5.91,-0.73169,8.992,6.76,8.59,2513.776,17.2,7.38,26.682,7.51,8.03,6.75,2726000.0,602.1697
1994-05-16,3671.5,2187.800048828125,3115.60009765625,2272.9599609375,4208.2998046875,9253.400390625,711.9099731445312,20188.439453125,20920000.0,0.0,0.0,0.0,501300.0,0.0,233560000.0,0.0,444.1499938964844,444.489990234375,234700000.0,10.589996337890625,8.77,3.7,7.37,8.12,4.19,360000.0,5.49,6.15,-0.73732,6.067,6.98,8.74,2524.0633,17.93,7.56,26.747,7.69,8.25,6.75,2792000.0,603.2992
1994-05-23,3742.409912109375,2155.39990234375,3108.39990234375,2238.969970703125,4298.39990234375,9589.7998046875,724.9500122070312,20568.7109375,24120000.0,0.0,0.0,0.0,596400.0,0.0,230700000.0,0.0,454.9200134277344,453.20001220703125,249420000.0,15.670013427734375,8.56,4.02,7.06,7.89,4.16,357000.0,5.23,5.85,-0.74458,5.997,6.65,8.53,2504.686,18.21,7.31,26.349,7.44,8.04,6.89,2766000.0,603.9968
1994-05-30,3757.139892578125,2052.5,2966.39990234375,2129.760009765625,4320.60009765625,9523.599609375,733.1400146484375,20838.970703125,18130000.0,0.0,0.0,0.0,261400.0,0.0,205520000.0,0.0,457.0299987792969,457.3299865722656,186430000.0,5.97998046875,8.53,4.22,7.14,7.98,4.18,348000.0,5.29,5.94,-0.75035,5.287,6.73,8.62,2524.6606,18.14,7.4,27.358,7.54,7.99,7.25,2727000.0,606.2318
1994-06-06,3768.52001953125,2037.199951171875,3009.39990234375,2163.590087890625,4269.0,9383.0,743.4299926757812,20726.650390625,24280000.0,0.0,0.0,0.0,451900.0,0.0,288370000.0,0.0,460.1300048828125,458.8800048828125,259080000.0,5.97998046875,8.55,4.27,7.09,7.96,4.15,345000.0,5.31,5.94,-0.75155,4.683,6.7,8.61,2534.8086,18.24,7.36,26.302,7.5,8.02,7.25,2740000.0,607.594
1994-06-13,3783.1201171875,1977.699951171875,3016.300048828125,2084.419921875,4206.7998046875,9111.2001953125,731.7000122070312,21552.810546875,22290000.0,0.0,0.0,0.0,480200.0,0.0,213110000.0,0.0,458.6700134277344,459.1000061035156,243640000.0,6.44000244140625,8.25,4.13,6.97,7.85,4.11,338000.0,5.16,5.8,-0.7496,4.993,6.54,8.51,2513.1531,18.26,7.27,27.349,7.39,7.79,7.25,2755000.0,606.8009
1994-06-20,3741.89990234375,1903.0,2971.10009765625,1986.4200439453125,4088.5,8998.2001953125,718.8499755859375,21152.029296875,23160000.0,0.0,0.0,0.0,160000.0,0.0,234170000.0,0.0,458.45001220703125,455.4800109863281,229520000.0,8.77001953125,8.33,4.21,7.08,7.94,4.12,336000.0,5.18,5.86,-0.74284,4.826,6.65,8.63,2539.0731,19.61,7.38,26.106,7.5,7.83,7.25,2698000.0,609.3832
1994-06-27,3685.5,1911.5999755859375,2899.89990234375,2000.47998046875,4003.60009765625,8647.5,702.6799926757812,20300.9609375,25190000.0,0.0,0.0,0.0,464900.0,0.0,241230000.0,0.0,442.7799987792969,447.30999755859375,250080000.0,22.33001708984375,8.46,4.19,7.17,8.02,4.16,341000.0,5.3,5.99,-0.73507,7.064,6.76,8.73,2508.1787,19.8,7.46,26.844,7.57,8.0,7.25,2687000.0,610.6564
1994-07-04,3646.64990234375,1866.199951171875,2970.39990234375,2061.699951171875,4053.60009765625,8628.2998046875,706.8499755859375,20631.9296875,21310000.0,0.0,0.0,0.0,199600.0,0.0,201870000.0,0.0,444.2699890136719,446.20001220703125,199030000.0,14.33001708984375,8.57,4.19,7.27,8.11,4.16,334000.0,5.47,6.14,-0.72948,7.561,6.89,8.8,2494.6355,19.16,7.55,24.817,7.67,8.07,7.25,2672000.0,609.2691
1994-07-11,3702.989990234375,1949.800048828125,2983.800048828125,2069.4599609375,4103.89990234375,8394.900390625,706.8300170898438,20473.08984375,20550000.0,0.0,0.0,0.0,427700.0,0.0,225660000.0,0.0,449.55999755859375,448.05999755859375,222970000.0,14.33001708984375,8.68,4.38,7.34,8.18,4.28,341000.0,5.49,6.15,-0.73094,5.917,6.95,8.87,2527.0791,19.39,7.63,27.673,7.74,8.15,7.25,2670000.0,611.6571
1994-07-18,3755.429931640625,2025.0999755859375,3082.0,2116.9599609375,4199.7998046875,9193.7998046875,722.6199951171875,20717.640625,20590000.0,0.0,0.0,0.0,339200.0,0.0,249350000.0,0.0,454.4100036621094,455.2200012207031,227460000.0,11.05999755859375,8.72,4.3,7.36,8.17,4.37,359000.0,5.49,6.17,-0.7402,6.031,6.97,8.86,2522.2995,20.16,7.64,26.689,7.74,8.2,7.25,2680000.0,615.5537
1994-07-25,3741.840087890625,2059.800048828125,3106.10009765625,2144.2099609375,4168.39990234375,9174.599609375,716.8800048828125,20297.66015625,19620000.0,0.0,0.0,0.0,422200.0,0.0,216640000.0,0.0,453.1000061035156,454.25,213470000.0,5.019989013671875,8.53,4.3,7.23,8.06,4.3,345000.0,5.41,6.05,-0.7566,4.581,6.83,8.75,2520.6643,19.39,7.53,26.999,7.62,8.05,7.25,2650000.0,617.8011
1994-08-01,3798.169921875,2069.60009765625,3097.39990234375,2161.5,4179.0,9683.7001953125,724.8499755859375,20271.349609375,24680000.0,0.0,0.0,0.0,553700.0,0.0,269660000.0,0.0,458.2799987792969,461.010009765625,258180000.0,9.6500244140625,8.57,4.28,7.26,8.05,4.39,332000.0,5.51,6.14,-0.77669,5.373,6.89,8.74,2527.8357,19.66,7.52,23.365,7.6,8.09,7.25,2626000.0,619.3413
1994-08-08,3753.81005859375,2106.300048828125,3171.89990234375,2182.320068359375,4175.39990234375,9537.900390625,720.469970703125,20635.830078125,19270000.0,0.0,0.0,0.0,533300.0,0.0,221810000.0,0.0,457.0799865722656,457.8900146484375,217680000.0,8.519989013671875,8.38,4.28,7.15,7.96,4.34,338000.0,5.41,6.03,-0.79646,5.046,6.77,8.64,2516.828,20.09,7.43,26.108,7.49,7.9,7.25,2644000.0,618.0054
1994-08-15,3760.2900390625,2007.0,3142.199951171875,2134.340087890625,4169.7001953125,9486.099609375,732.8900146484375,20626.330078125,22820000.0,0.0,0.0,0.0,329300.0,0.0,243590000.0,0.0,461.9700012207031,461.2300109863281,223210000.0,7.260009765625,8.57,4.26,7.31,8.12,4.4,335000.0,5.6,6.23,-0.81316,5.422,6.96,8.79,2522.341,18.88,7.54,26.761,7.66,8.08,7.25,2639000.0,620.8709
1994-08-22,3751.219970703125,1972.5999755859375,3171.300048828125,2113.3701171875,4186.39990234375,9457.2998046875,742.2899780273438,20394.580078125,18830000.0,0.0,0.0,0.0,462600.0,0.0,254750000.0,0.0,463.6099853515625,462.32000732421875,235870000.0,7.029998779296875,8.54,4.35,7.24,8.07,4.56,331000.0,5.63,6.21,-0.82295,4.78,6.9,8.73,2516.2887,17.85,7.46,24.452,7.63,8.05,7.39,2659000.0,622.26
1994-08-29,3898.85009765625,2075.300048828125,3265.10009765625,2215.719970703125,4332.39990234375,9399.099609375,763.2100219726562,20600.419921875,29030000.0,0.0,0.0,0.0,572700.0,0.0,284030000.0,0.0,473.8900146484375,474.5899963378906,266080000.0,15.680023193359375,8.56,4.66,7.27,8.13,4.55,341000.0,5.61,6.23,-0.82314,5.208,6.92,8.79,2532.656,17.23,7.52,24.927,7.69,8.05,7.75,2648000.0,623.4713
1994-09-05,3885.580078125,1998.199951171875,3241.5,2173.60009765625,4344.2001953125,9962.0,759.22998046875,20409.1796875,21520000.0,0.0,0.0,0.0,628100.0,0.0,236460000.0,0.0,473.20001220703125,470.989990234375,216150000.0,9.949981689453125,8.48,4.72,7.21,8.09,4.56,339000.0,5.56,6.17,-0.81271,5.029,6.83,8.76,2519.0492,17.52,7.48,25.297,7.62,7.96,7.75,2645000.0,623.345
1994-09-12,3860.340087890625,1966.800048828125,3128.800048828125,2155.81005859375,4329.89990234375,9890.400390625,760.010009765625,19917.279296875,22750000.0,0.0,0.0,0.0,721800.0,0.0,223400000.0,0.0,468.17999267578125,466.2099914550781,244680000.0,9.949981689453125,8.51,4.74,7.33,8.22,4.56,331000.0,5.62,6.25,-0.79137,4.514,6.95,8.88,2524.1752,17.65,7.61,25.704,7.76,8.03,7.75,2633000.0,623.1613
1994-09-19,3936.719970703125,1922.9000244140625,3079.10009765625,2100.550048828125,4436.0,9801.400390625,776.719970703125,19554.109375,29440000.0,0.0,0.0,0.0,608400.0,0.0,261540000.0,0.0,471.2099914550781,470.8500061035156,277110000.0,8.660003662109375,8.66,4.7,7.44,8.32,4.59,326000.0,5.72,6.35,-0.76019,5.576,7.05,8.97,2523.7571,16.93,7.7,25.741,7.87,8.15,7.75,2638000.0,623.2292
1994-09-26,3849.239990234375,1902.699951171875,2999.800048828125,2057.830078125,4341.39990234375,9643.599609375,755.6300048828125,19814.359375,24580000.0,0.0,0.0,0.0,412200.0,0.0,250460000.0,0.0,459.6499938964844,460.82000732421875,272530000.0,16.339996337890625,8.73,4.73,7.54,8.41,4.71,325000.0,5.85,6.47,-0.72384,7.367,7.17,9.04,2522.7276,17.38,7.78,24.404,7.93,8.21,7.75,2601000.0,626.3635
1994-10-03,3846.889892578125,1852.800048828125,2983.5,2002.300048828125,4344.7001953125,9492.5,760.8800048828125,19650.029296875,25880000.0,0.0,0.0,0.0,435600.0,0.0,244890000.0,0.0,462.69000244140625,461.739990234375,269130000.0,6.53997802734375,8.82,4.66,7.6,8.48,4.66,330000.0,5.92,6.56,-0.68641,6.195,7.25,9.1,2519.9667,17.83,7.83,24.89,7.99,8.31,7.75,2597000.0,625.6401
1994-10-10,3821.320068359375,1898.300048828125,3032.300048828125,2048.56005859375,4290.7998046875,9248.400390625,756.8099975585938,19744.75,18750000.0,0.0,0.0,0.0,496300.0,0.0,230260000.0,0.0,455.1199951171875,459.0400085449219,213110000.0,16.029998779296875,8.89,5.07,7.72,8.57,4.9,341000.0,6.07,6.69,-0.65343,6.15,7.38,9.2,2530.2703,18.13,7.91,24.546,8.08,8.38,7.75,2561000.0,629.5175
1994-10-17,3923.929931640625,1906.4000244140625,3120.199951171875,2095.580078125,4327.0,9455.900390625,765.780029296875,19958.2890625,26450000.0,0.0,0.0,0.0,451900.0,0.0,290370000.0,0.0,469.1099853515625,468.9599914550781,238490000.0,19.16998291015625,8.93,4.62,7.65,8.5,4.91,335000.0,6.04,6.63,-0.6277,5.594,7.3,9.14,2535.5471,17.37,7.86,25.158,8.01,8.4,7.75,2620000.0,629.2663
1994-10-24,3855.300048828125,1841.5999755859375,3029.10009765625,2022.6400146484375,4266.0,9364.2998046875,761.2100219726562,19852.369140625,34750000.0,0.0,0.0,0.0,391400.0,0.0,283980000.0,0.0,464.8900146484375,460.8299865722656,282800000.0,10.6300048828125,8.85,4.72,7.71,8.54,4.94,330000.0,6.1,6.69,-0.60908,5.112,7.37,9.18,2515.8963,17.35,7.92,24.565,8.06,8.3,7.75,2556000.0,632.1176
1994-10-31,3908.1201171875,1905.699951171875,3097.39990234375,2061.580078125,4291.7001953125,9646.2998046875,777.489990234375,19989.599609375,31920000.0,0.0,0.0,0.0,556600.0,0.0,313240000.0,0.0,473.760009765625,472.3500061035156,302820000.0,16.47998046875,9.03,4.72,7.86,8.65,5.01,331000.0,6.22,6.86,-0.59439,5.078,7.53,9.29,2534.9769,17.93,8.03,25.492,8.16,8.47,7.75,2536000.0,632.9055
1994-11-07,3808.8701171875,1906.0999755859375,3065.800048828125,2043.300048828125,4188.0,9434.2998046875,762.3099975585938,19619.220703125,24810000.0,0.0,0.0,0.0,375200.0,0.0,246170000.0,0.0,462.30999755859375,463.07000732421875,255030000.0,13.489990234375,9.05,4.77,7.94,8.68,5.1,328000.0,6.28,6.95,-0.58016,6.119,7.61,9.32,2525.0357,18.69,8.08,24.617,8.21,8.51,7.75,2538000.0,633.8619
1994-11-14,3829.72998046875,1941.0999755859375,3095.300048828125,2091.0400390625,4177.2001953125,9378.900390625,768.1400146484375,19261.44921875,25530000.0,0.0,0.0,0.0,482800.0,0.0,263820000.0,0.0,462.44000244140625,466.0400085449219,260380000.0,8.70001220703125,9.19,4.74,8.0,8.74,5.22,329000.0,6.42,7.04,-0.56214,5.503,7.69,9.37,2516.9666,18.25,8.13,22.926,8.26,8.67,7.75,2528000.0,635.1638
1994-11-21,3769.510009765625,1927.800048828125,3121.0,2097.199951171875,4074.300048828125,9303.2001953125,757.739990234375,19121.720703125,23400000.0,0.0,0.0,0.0,412800.0,0.0,302150000.0,0.0,461.69000244140625,458.29998779296875,293030000.0,10.96002197265625,9.19,5.22,7.97,8.7,5.34,326000.0,6.58,7.15,-0.53782,5.225,7.73,9.33,2528.3388,17.51,8.1,24.701,8.22,8.71,7.96,2533000.0,638.8543
1994-11-28,3739.56005859375,1952.4000244140625,3047.10009765625,2050.820068359375,4088.39990234375,8662.400390625,745.72998046875,18811.359375,25630000.0,0.0,0.0,0.0,368900.0,0.0,239300000.0,0.0,452.260009765625,454.1600036621094,265480000.0,24.33001708984375,9.25,5.53,7.91,8.63,5.31,329000.0,6.63,7.24,-0.50726,4.821,7.74,9.26,2539.6278,17.73,8.04,26.049,8.15,8.77,8.5,2530000.0,639.7141
1994-12-05,3741.919921875,1973.699951171875,3033.5,2067.260009765625,4096.60009765625,8302.5,745.7100219726562,19305.66015625,24050000.0,0.0,0.0,0.0,543900.0,0.0,247520000.0,0.0,453.29998779296875,453.32000732421875,258490000.0,9.160003662109375,9.23,5.85,7.89,8.57,5.53,324000.0,6.89,7.41,-0.47352,5.351,7.79,9.21,2517.6314,17.78,7.99,23.939,8.1,8.76,8.5,2513000.0,640.9809
1994-12-12,3718.3701171875,1919.300048828125,2943.39990234375,2003.6400146484375,4045.10009765625,7707.7998046875,719.1199951171875,18975.099609375,25710000.0,0.0,0.0,0.0,499600.0,0.0,260890000.0,0.0,446.95001220703125,449.4700012207031,285730000.0,12.160003662109375,9.15,5.47,7.79,8.47,5.7,329000.0,7.1,7.51,-0.43948,4.337,7.74,9.11,2532.7507,16.99,7.88,25.357,7.99,8.77,8.5,2508000.0,641.2026
1994-12-19,3790.699951171875,1928.0999755859375,3034.39990234375,2066.590087890625,4136.7998046875,8178.2998046875,727.8900146484375,19270.849609375,22440000.0,0.0,0.0,0.0,557500.0,0.0,280080000.0,0.0,458.7799987792969,457.9100036621094,271850000.0,15.91998291015625,9.25,5.48,7.82,8.46,5.66,330000.0,7.2,7.61,-0.41245,6.044,7.78,9.1,2526.261,16.86,7.87,23.569,8.0,8.89,8.5,2557000.0,641.5899
1994-12-26,3833.429931640625,1966.5999755859375,3083.39990234375,2100.97998046875,4193.2001953125,8311.900390625,742.1900024414062,19726.75,18380000.0,0.0,0.0,0.0,304100.0,0.0,216530000.0,0.0,459.70001220703125,459.8299865722656,196540000.0,7.20001220703125,9.18,5.56,7.82,8.45,5.49,314000.0,7.12,7.63,-0.3958,6.697,7.79,9.08,2529.1734,17.1,7.85,25.034,7.97,8.79,8.5,2567000.0,646.1665
1995-01-02,3834.43994140625,1881.199951171875,3065.5,2079.18994140625,4213.60009765625,8191.0,751.9600219726562,19723.060546875,17210000.0,0.0,0.0,0.0,293000.0,0.0,332500000.0,0.0,461.1700134277344,459.2699890136719,256260000.0,7.20001220703125,9.18,5.45,7.81,8.43,5.52,319000.0,7.21,7.69,-0.39353,6.973,7.81,9.08,2534.4978,17.71,7.83,25.266,7.96,8.81,8.5,2499000.0,644.9533
1995-01-09,3861.35009765625,1864.199951171875,3055.800048828125,2053.409912109375,4160.5,7528.89990234375,752.0900268554688,19444.919921875,20820000.0,0.0,0.0,0.0,524800.0,0.0,267090000.0,0.0,460.6700134277344,460.8299865722656,278790000.0,7.20001220703125,9.22,5.4,7.86,8.49,5.67,338000.0,7.24,7.66,-0.40726,7.148,7.86,9.13,2551.5547,17.62,7.89,25.09,8.02,8.87,8.5,2486000.0,646.4705
1995-01-16,3932.340087890625,1872.800048828125,3076.699951171875,2088.25,4164.7001953125,7504.2001953125,768.1599731445312,19331.169921875,29250000.0,0.0,0.0,0.0,443600.0,0.0,301370000.0,0.0,465.9700012207031,469.3800048828125,315810000.0,11.740020751953125,9.19,5.53,7.8,8.46,5.66,347000.0,7.12,7.57,-0.43532,7.421,7.8,9.1,2537.5653,17.55,7.86,23.444,7.99,8.85,8.5,2559000.0,650.872
1995-01-23,3867.409912109375,1772.800048828125,2954.199951171875,2013.030029296875,4049.39990234375,6967.89990234375,759.510009765625,17785.490234375,31630000.0,0.0,0.0,0.0,485200.0,0.0,276420000.0,0.0,464.7799987792969,465.82000732421875,325830000.0,9.28997802734375,9.05,5.45,7.74,8.44,5.7,325000.0,7.02,7.48,-0.47361,6.525,7.73,9.06,2538.8583,18.45,7.82,24.437,7.95,8.7,8.5,2473000.0,652.9448
1995-01-30,3832.080078125,1813.4000244140625,2995.89990234375,2026.6800537109375,3991.39990234375,7342.7001953125,751.8300170898438,18752.880859375,34450000.0,0.0,0.0,0.0,435900.0,0.0,259470000.0,0.0,470.3900146484375,468.510009765625,318550000.0,10.219970703125,9.13,5.42,7.78,8.49,5.77,324000.0,6.95,7.45,-0.5168,5.919,7.74,9.1,2544.4939,18.34,7.86,19.804,7.97,8.76,8.5,2532000.0,656.479
1995-02-06,3937.72998046875,1872.0999755859375,3062.0,2085.080078125,4119.7998046875,7897.7998046875,778.8499755859375,18667.23046875,29340000.0,0.0,0.0,0.0,496100.0,0.0,298480000.0,0.0,478.6400146484375,481.1400146484375,325660000.0,14.46002197265625,8.94,5.63,7.62,8.33,5.82,324000.0,6.88,7.27,-0.55994,8.63,7.54,8.92,2556.463,18.5,7.72,19.404,7.81,8.59,8.57,2501000.0,662.6805
1995-02-13,3954.2099609375,1850.0999755859375,3081.10009765625,2118.9599609375,4100.39990234375,7974.7998046875,789.4199829101562,18313.859375,19380000.0,0.0,0.0,0.0,457000.0,0.0,300360000.0,0.0,481.4599914550781,481.6499938964844,256270000.0,10.079986572265625,8.8,5.95,7.56,8.28,5.79,348000.0,6.79,7.22,-0.59796,6.864,7.47,8.87,2534.8822,18.42,7.66,20.24,7.76,8.45,9.0,2515000.0,663.6593
1995-02-20,3953.5400390625,1802.199951171875,3018.60009765625,2101.97998046875,4106.60009765625,7906.7001953125,786.969970703125,17956.48046875,36110000.0,0.0,0.0,0.0,261500.0,0.0,294510000.0,0.0,485.1499938964844,481.9700012207031,347970000.0,6.010009765625,8.84,5.93,7.48,8.26,5.75,343000.0,6.7,7.15,-0.62745,4.789,7.4,8.85,2544.9957,18.55,7.6,21.838,7.73,8.46,9.0,2541000.0,665.9126
1995-02-27,3988.570068359375,1802.199951171875,3025.300048828125,2106.050048828125,4094.10009765625,8126.7001953125,784.5,16808.69921875,25820000.0,0.0,0.0,0.0,497400.0,0.0,272260000.0,0.0,488.260009765625,483.80999755859375,285790000.0,6.010009765625,8.73,5.94,7.36,8.23,5.72,336000.0,6.54,6.96,-0.64789,5.707,7.23,8.82,2543.3961,18.75,7.56,22.217,7.69,8.34,9.0,2533000.0,666.3203
1995-03-06,3997.56005859375,1773.300048828125,3001.89990234375,2069.949951171875,4117.10009765625,8093.89990234375,797.77001953125,17040.720703125,30840000.0,0.0,0.0,0.0,466000.0,0.0,265110000.0,0.0,485.4200134277344,485.6300048828125,298870000.0,6.760009765625,8.53,5.88,7.27,8.17,5.74,339000.0,6.47,6.83,-0.65891,5.177,7.1,8.76,2565.1718,18.5,7.49,23.218,7.61,8.15,9.0,2518000.0,672.3531
1995-03-13,4025.22998046875,1721.800048828125,3011.800048828125,1974.1400146484375,4177.89990234375,8111.2998046875,802.3099975585938,16477.640625,25950000.0,0.0,0.0,0.0,505200.0,0.0,281070000.0,0.0,489.57000732421875,490.04998779296875,275280000.0,11.579986572265625,8.62,5.93,7.35,8.22,5.76,347000.0,6.54,6.91,-0.66234,5.158,7.18,8.81,2537.0004,18.27,7.56,22.666,7.68,8.24,9.0,2564000.0,671.0747
1995-03-20,4083.679931640625,1811.5999755859375,3124.199951171875,1984.989990234375,4249.7998046875,8594.400390625,810.489990234375,16129.9599609375,27480000.0,0.0,0.0,0.0,500700.0,0.0,277410000.0,0.0,495.5199890136719,496.1400146484375,301740000.0,13.510009765625,8.38,5.94,7.11,8.04,5.75,343000.0,6.39,6.71,-0.66171,5.175,6.95,8.62,2570.7464,18.13,7.37,22.036,7.48,8.0,9.0,2513000.0,674.4492
1995-03-27,4157.33984375,1836.0999755859375,3149.800048828125,1928.8199462890625,4307.39990234375,8687.5,822.6300048828125,16096.25,24330000.0,0.0,0.0,0.0,473700.0,0.0,315230000.0,0.0,500.9700012207031,503.20001220703125,296270000.0,9.529998779296875,8.4,5.97,7.16,8.1,5.72,332000.0,6.37,6.71,-0.65874,6.0,7.01,8.69,2545.0872,18.69,7.43,20.989,7.55,7.97,9.0,2530000.0,674.3145
1995-04-03,4168.41015625,1864.0,3143.10009765625,1934.9599609375,4277.2001953125,8400.400390625,818.0499877929688,15381.2900390625,25610000.0,0.0,0.0,0.0,528100.0,0.0,273920000.0,0.0,500.70001220703125,501.8500061035156,296430000.0,12.449981689453125,8.38,6.06,7.15,8.08,5.69,335000.0,6.38,6.73,-0.65717,4.6,7.01,8.65,2536.3228,19.12,7.4,24.757,7.51,7.96,9.0,2484000.0,675.0037
1995-04-10,4198.14990234375,1880.9000244140625,3204.199951171875,1980.81005859375,4247.10009765625,8469.7998046875,821.260009765625,16163.08984375,22090000.0,0.0,0.0,0.0,452300.0,0.0,300920000.0,0.0,506.29998779296875,507.010009765625,260980000.0,11.489990234375,8.41,6.2,7.12,8.05,5.7,347000.0,6.38,6.69,-0.65877,5.138,6.96,8.62,2546.7069,19.43,7.38,24.181,7.48,7.99,9.0,2500000.0,673.3816
1995-04-17,4195.3798828125,1881.0999755859375,3208.800048828125,1982.989990234375,4302.7001953125,8662.0,830.8200073242188,16304.150390625,30900000.0,0.0,0.0,0.0,495100.0,0.0,366500000.0,0.0,509.2300109863281,506.1300048828125,333930000.0,6.65997314453125,8.37,5.98,7.08,8.04,5.63,355000.0,6.28,6.61,-0.6657,4.978,6.89,8.62,2548.7477,19.53,7.37,22.652,7.46,7.93,9.0,2505000.0,676.3998
1995-04-24,4303.97998046875,1918.5,3209.300048828125,1978.969970703125,4280.7001953125,8625.599609375,828.9099731445312,16804.05078125,33280000.0,0.0,0.0,0.0,578500.0,0.0,318700000.0,0.0,508.489990234375,512.8900146484375,326280000.0,6.65997314453125,8.24,6.07,7.03,8.02,5.61,349000.0,6.17,6.46,-0.67872,6.178,6.78,8.6,2547.491,20.26,7.37,24.389,7.46,7.8,9.0,2569000.0,675.9507
1995-05-01,4316.080078125,1918.5,3220.39990234375,2017.949951171875,4292.39990234375,8226.0,841.6300048828125,16811.4609375,27070000.0,0.0,0.0,0.0,656200.0,0.0,315660000.0,0.0,514.760009765625,514.260009765625,296830000.0,9.969970703125,8.26,5.99,7.03,8.0,5.67,365000.0,6.24,6.52,-0.69672,7.065,6.81,8.57,2566.8163,20.29,7.33,26.718,7.41,7.8,9.0,2539000.0,680.3003
1995-05-08,4383.8701171875,1927.4000244140625,3251.699951171875,2030.6500244140625,4295.2001953125,8488.400390625,849.2899780273438,17103.689453125,25670000.0,0.0,0.0,0.0,541800.0,0.0,320160000.0,0.0,520.0900268554688,523.9600219726562,291810000.0,14.500030517578125,8.27,6.05,6.93,7.89,5.65,364000.0,6.16,6.43,-0.71709,9.402,6.7,8.45,2559.5516,20.24,7.22,21.236,7.29,7.8,9.0,2535000.0,682.682
1995-05-15,4437.47021484375,1991.5,3310.699951171875,2092.0,4310.7998046875,9189.7998046875,863.0599975585938,16609.69921875,35130000.0,0.0,0.0,0.0,502000.0,0.0,350040000.0,0.0,525.5499877929688,527.739990234375,316240000.0,9.4599609375,7.87,6.0,6.66,7.69,5.64,366000.0,6.0,6.15,-0.73694,4.876,6.41,8.25,2567.9645,19.74,6.98,22.762,7.04,7.45,9.0,2567000.0,686.4896
1995-05-22,4395.6298828125,1979.5,3284.5,2096.8701171875,4367.2998046875,9058.7001953125,871.1799926757812,15789.1201171875,24330000.0,0.0,0.0,0.0,546900.0,0.0,344140000.0,0.0,519.1900024414062,523.6500244140625,285600000.0,12.010009765625,7.83,6.02,6.59,7.6,5.69,377000.0,5.98,6.15,-0.75162,5.582,6.4,8.15,2563.4474,19.98,6.9,20.9,6.95,7.39,9.0,2616000.0,685.4565
1995-05-29,4369.0,1927.800048828125,3311.10009765625,2069.260009765625,4432.2001953125,9316.2001953125,871.8699951171875,15574.0302734375,25460000.0,0.0,0.0,0.0,374600.0,0.0,302720000.0,0.0,528.5900268554688,523.6500244140625,291220000.0,14.8399658203125,7.85,5.99,6.49,7.51,5.69,374000.0,5.92,6.06,-0.75894,4.823,6.28,8.07,2579.48,19.37,6.81,21.893,6.86,7.4,9.0,2574000.0,686.5727
1995-06-05,4476.5498046875,1971.300048828125,3376.60009765625,2132.719970703125,4463.5,9570.400390625,882.8499755859375,15897.3203125,35950000.0,0.0,0.0,0.0,651400.0,0.0,372350000.0,0.0,532.510009765625,535.5999755859375,337520000.0,14.8399658203125,7.71,6.02,6.23,7.33,5.55,362000.0,5.71,5.76,-0.75707,5.32,5.98,7.91,2581.5103,18.92,6.62,20.762,6.66,7.24,9.0,2608000.0,688.0896
1995-06-12,4446.4599609375,1907.800048828125,3344.60009765625,2127.7900390625,4466.7998046875,9121.5,887.97998046875,14813.4599609375,24860000.0,0.0,0.0,0.0,502800.0,0.0,352760000.0,0.0,527.9400024414062,530.8800048828125,289920000.0,11.72998046875,7.51,6.03,6.2,7.28,5.56,367000.0,5.69,5.74,-0.74878,4.424,5.96,7.87,2592.4329,19.05,6.57,20.999,6.6,7.0,9.0,2614000.0,688.5282
1995-06-19,4553.68017578125,1918.4000244140625,3381.300048828125,2154.1298828125,4562.10009765625,9314.0,922.0900268554688,14700.0595703125,23840000.0,0.0,0.0,0.0,686100.0,0.0,407000000.0,0.0,539.8300170898438,545.219970703125,322990000.0,19.219970703125,7.55,6.02,6.21,7.37,5.48,378000.0,5.66,5.75,-0.73566,5.286,5.96,7.97,2588.9869,18.91,6.61,20.925,6.64,7.03,9.0,2603000.0,689.251
1995-06-26,4551.25,1902.4000244140625,3309.199951171875,2137.360107421875,4503.10009765625,9201.2998046875,926.97998046875,15145.3603515625,23260000.0,0.0,0.0,0.0,577800.0,0.0,384980000.0,0.0,549.7100219726562,544.1300048828125,296720000.0,13.95001220703125,7.53,6.0,6.1,7.27,5.42,358000.0,5.59,5.66,-0.72298,11.241,5.86,7.87,2592.955,17.88,6.53,22.024,6.54,7.01,9.0,2602000.0,691.2075
1995-07-03,4585.14990234375,1879.699951171875,3323.699951171875,2099.679931640625,4527.2001953125,9138.2001953125,934.530029296875,14485.41015625,11960000.0,0.0,0.0,0.0,512400.0,0.0,130770000.0,0.0,544.75,547.0900268554688,117900000.0,10.35003662109375,7.53,5.95,6.17,7.31,5.43,355000.0,5.65,5.75,-0.71288,6.977,5.95,7.91,2579.607,17.71,6.58,20.559,6.6,7.03,9.0,2596000.0,691.893
1995-07-10,4702.39013671875,1949.4000244140625,3455.0,2184.389892578125,4640.39990234375,9727.5,976.6300048828125,16242.66015625,31430000.0,0.0,0.0,0.0,744300.0,0.0,457320000.0,0.0,556.3699951171875,557.1900024414062,409700000.0,10.35003662109375,7.63,6.21,6.12,7.29,5.43,372000.0,5.53,5.67,-0.70698,13.727,5.85,7.9,2611.4095,17.28,6.57,20.545,6.59,7.11,9.0,2651000.0,697.3135
1995-07-17,4736.2900390625,1951.5,3442.60009765625,2201.360107421875,4700.39990234375,9634.0,1005.8900146484375,16842.470703125,26820000.0,0.0,0.0,0.0,466800.0,0.0,466420000.0,0.0,560.3400268554688,562.719970703125,322540000.0,9.8900146484375,7.41,5.81,6.09,7.26,5.39,389000.0,5.47,5.61,-0.70704,5.767,5.81,7.88,2608.2863,17.34,6.56,21.549,6.56,6.89,8.79,2677000.0,697.0796
1995-07-24,4668.669921875,1926.5999755859375,3431.60009765625,2232.02001953125,4620.60009765625,9288.0,978.5700073242188,16591.5,28140000.0,0.0,0.0,0.0,396300.0,0.0,404090000.0,0.0,553.6199951171875,556.6300048828125,315300000.0,20.42999267578125,7.6,5.72,6.37,7.48,5.43,390000.0,5.64,5.86,-0.71071,5.568,6.11,8.13,2605.5745,17.21,6.82,21.918,6.84,7.08,8.75,2605000.0,697.4984
1995-07-31,4708.47021484375,1920.0,3463.300048828125,2222.510009765625,4615.10009765625,9453.400390625,1001.2100219726562,16677.529296875,29250000.0,0.0,0.0,0.0,402200.0,0.0,385570000.0,0.0,562.9299926757812,562.0599975585938,291950000.0,14.49005126953125,7.79,5.75,6.46,7.56,5.44,351000.0,5.72,5.94,-0.71669,5.616,6.21,8.19,2634.5916,17.41,6.88,18.958,6.9,7.27,8.75,2585000.0,698.5985
1995-08-07,4693.31982421875,1950.4000244140625,3483.5,2244.56005859375,4613.89990234375,9318.400390625,995.219970703125,16615.4609375,19590000.0,0.0,0.0,0.0,373500.0,0.0,362450000.0,0.0,558.9400024414062,560.030029296875,277050000.0,11.52001953125,7.82,5.83,6.48,7.57,5.42,351000.0,5.68,5.91,-0.72493,6.377,6.19,8.19,2623.116,17.72,6.89,20.889,6.92,7.31,8.75,2592000.0,702.9491
1995-08-14,4659.85986328125,1946.199951171875,3441.39990234375,2211.030029296875,4598.5,8924.2998046875,1012.4400024414062,16916.5703125,23130000.0,0.0,0.0,0.0,427100.0,0.0,371320000.0,0.0,555.1099853515625,559.739990234375,264920000.0,8.550048828125,7.8,5.73,6.5,7.59,5.4,353000.0,5.71,5.95,-0.7339,5.134,6.24,8.22,2622.7941,17.81,6.92,20.577,6.95,7.31,8.75,2612000.0,703.5403
1995-08-21,4614.77978515625,1984.4000244140625,3535.699951171875,2269.60009765625,4608.2998046875,8900.5,1019.7000122070312,17871.05078125,34830000.0,0.0,0.0,0.0,532000.0,0.0,437980000.0,0.0,559.2100219726562,558.1099853515625,303200000.0,10.300048828125,7.94,5.74,6.57,7.64,5.44,362000.0,5.86,6.1,-0.7418,5.221,6.36,8.26,2624.6365,17.6,6.92,21.021,7.0,7.43,8.75,2615000.0,703.1153
1995-08-28,4594.0,1890.0999755859375,3524.89990234375,2240.31005859375,4576.7998046875,9080.400390625,1008.1500244140625,17847.2890625,22570000.0,0.0,0.0,0.0,506900.0,0.0,397790000.0,0.0,560.0999755859375,559.0499877929688,267860000.0,8.1400146484375,7.88,5.7,6.52,7.58,5.41,359000.0,5.81,6.04,-0.74792,5.541,6.28,8.2,2632.5971,19.02,6.85,19.837,6.93,7.39,8.75,2610000.0,702.2102
1995-09-04,4647.5400390625,1900.5,3522.699951171875,2263.080078125,4525.89990234375,9253.0,1019.469970703125,17748.51953125,21020000.0,0.0,0.0,0.0,456800.0,0.0,292450000.0,0.0,561.8800048828125,563.8400268554688,256730000.0,9.41998291015625,7.76,5.71,6.31,7.41,5.31,355000.0,5.66,5.86,-0.75036,4.923,6.08,8.04,2605.1873,17.88,6.68,20.947,6.74,7.27,8.75,2613000.0,701.5288
1995-09-11,4704.93994140625,1869.699951171875,3549.300048828125,2268.260009765625,4592.7998046875,9439.0,1066.56005859375,18486.109375,26090000.0,0.0,0.0,0.0,473600.0,0.0,441840000.0,0.0,572.6799926757812,573.9099731445312,296840000.0,9.41998291015625,7.63,5.77,6.2,7.33,5.33,371000.0,5.63,5.8,-0.74919,5.083,5.99,7.95,2637.3032,18.37,6.59,20.42,6.65,7.16,8.75,2636000.0,706.082
1995-09-18,4780.41015625,1871.699951171875,3533.300048828125,2289.489990234375,4549.39990234375,9770.099609375,1050.1800537109375,18319.16015625,32940000.0,0.0,0.0,0.0,551800.0,0.0,406980000.0,0.0,583.3499755859375,582.77001953125,326090000.0,15.79998779296875,7.6,5.73,6.15,7.29,5.31,376000.0,5.59,5.76,-0.74483,4.903,5.96,7.91,2620.347,18.72,6.51,21.653,6.61,7.12,8.75,2650000.0,704.956
1995-09-25,4769.93017578125,1800.5999755859375,3507.0,2212.969970703125,4521.2998046875,9497.900390625,1046.1500244140625,17566.4296875,34520000.0,0.0,0.0,0.0,611000.0,0.0,312670000.0,0.0,581.72998046875,581.8099975585938,273120000.0,8.53997802734375,7.57,5.78,6.17,7.31,5.22,353000.0,5.57,5.79,-0.73796,10.002,5.98,7.93,2636.2819,18.32,6.53,20.024,6.64,7.09,8.75,2626000.0,708.1277
1995-10-02,4761.259765625,1780.699951171875,3520.199951171875,2197.010009765625,4494.89990234375,9725.0,1027.5699462890625,17739.83984375,29050000.0,0.0,0.0,0.0,478300.0,0.0,393760000.0,0.0,584.4099731445312,581.719970703125,304990000.0,12.92999267578125,7.62,5.8,6.26,7.33,5.26,355000.0,5.69,5.89,-0.73093,6.651,6.08,7.95,2633.2421,17.55,6.57,20.368,6.7,7.16,8.75,2609000.0,705.8014
1995-10-09,4726.22021484375,1785.699951171875,3510.300048828125,2157.409912109375,4495.39990234375,9863.400390625,984.739990234375,18176.26953125,26780000.0,0.0,0.0,0.0,490100.0,0.0,403570000.0,0.0,582.489990234375,578.3699951171875,275320000.0,11.260009765625,7.57,6.0,6.1,7.2,5.3,374000.0,5.61,5.76,-0.72755,6.829,5.92,7.82,2641.818,17.29,6.45,19.807,6.55,7.09,8.75,2651000.0,703.6276
1995-10-16,4784.3798828125,1790.5,3557.300048828125,2193.85009765625,4503.39990234375,10009.2998046875,1018.1300048828125,18016.439453125,23080000.0,0.0,0.0,0.0,522000.0,0.0,325980000.0,0.0,584.5,583.030029296875,300750000.0,15.84002685546875,7.5,5.72,6.05,7.14,5.3,369000.0,5.6,5.72,-0.72828,5.63,5.88,7.76,2648.138,17.28,6.4,19.959,6.47,7.01,8.75,2688000.0,704.4804
1995-10-23,4755.47998046875,1721.0999755859375,3531.5,2116.860107421875,4315.5,9880.5,1036.9200439453125,18156.240234375,28010000.0,0.0,0.0,0.0,646100.0,0.0,368550000.0,0.0,587.4600219726562,585.0599975585938,330750000.0,8.75994873046875,7.38,5.71,5.99,7.08,5.27,366000.0,5.59,5.68,-0.73411,4.941,5.83,7.7,2621.5357,17.51,6.32,20.748,6.38,6.92,8.75,2640000.0,703.7154
1995-10-30,4756.56982421875,1795.300048828125,3510.0,2149.7099609375,4379.7998046875,9672.400390625,1039.68994140625,17509.169921875,24460000.0,0.0,0.0,0.0,449800.0,0.0,416390000.0,0.0,579.7000122070312,583.25,319160000.0,18.12994384765625,7.45,5.76,6.04,7.1,5.24,377000.0,5.58,5.67,-0.7444,5.275,5.84,7.73,2649.1563,17.56,6.35,20.239,6.4,7.01,8.75,2674000.0,706.938
1995-11-06,4814.009765625,1822.5999755859375,3514.800048828125,2168.570068359375,4590.7001953125,9736.099609375,1062.1400146484375,18036.970703125,25060000.0,0.0,0.0,0.0,656800.0,0.0,390760000.0,0.0,590.5700073242188,588.4600219726562,309100000.0,17.42999267578125,7.44,5.76,5.98,7.05,5.31,380000.0,5.48,5.54,-0.75862,5.228,5.75,7.7,2662.8769,17.79,6.3,19.427,6.36,6.97,8.75,2649000.0,711.9393
1995-11-13,4872.89990234375,1838.199951171875,3536.800048828125,2195.14990234375,4592.7001953125,9385.2001953125,1058.4599609375,17789.4609375,25470000.0,0.0,0.0,0.0,571300.0,0.0,395980000.0,0.0,592.719970703125,592.2999877929688,295840000.0,9.6600341796875,7.37,5.71,5.97,7.04,5.38,370000.0,5.45,5.51,-0.77377,4.948,5.73,7.71,2630.6456,17.76,6.29,19.159,6.35,6.87,8.75,2674000.0,711.0999
1995-11-20,4983.08984375,1881.4000244140625,3628.800048828125,2204.010009765625,4600.7998046875,9373.900390625,1029.469970703125,18383.8203125,27370000.0,0.0,0.0,0.0,574200.0,0.0,438110000.0,0.0,600.0700073242188,596.8499755859375,333150000.0,12.0400390625,7.35,5.74,5.96,7.02,5.38,379000.0,5.43,5.48,-0.78603,6.024,5.71,7.69,2650.8681,18.06,6.27,19.85,6.34,6.86,8.75,2653000.0,712.05
1995-11-27,5070.8798828125,1889.800048828125,3649.0,2247.969970703125,4660.0,9523.900390625,1029.3199462890625,18543.140625,30890000.0,0.0,0.0,0.0,697200.0,0.0,439220000.0,0.0,599.969970703125,601.3200073242188,359130000.0,12.35003662109375,7.35,5.81,5.92,7.03,5.35,379000.0,5.44,5.49,-0.79425,5.125,5.7,7.71,2643.043,17.99,6.26,20.702,6.36,6.85,8.75,2712000.0,713.3106
1995-12-04,5139.52001953125,1774.9000244140625,3669.699951171875,2261.080078125,4711.89990234375,9940.599609375,1069.7900390625,18897.369140625,30260000.0,0.0,0.0,0.0,685800.0,0.0,505030000.0,0.0,606.97998046875,613.6799926757812,405480000.0,15.42999267578125,7.33,5.91,5.82,6.94,5.33,373000.0,5.39,5.4,-0.79666,5.614,5.59,7.61,2608.059,18.32,6.19,19.953,6.25,6.85,8.75,2623000.0,713.5765
1995-12-11,5184.31982421875,1849.5999755859375,3652.10009765625,2280.389892578125,4739.7998046875,9835.2001953125,1061.5,19226.779296875,25470000.0,0.0,0.0,0.0,732100.0,0.0,423760000.0,0.0,617.47998046875,619.52001953125,342070000.0,15.739990234375,7.18,5.75,5.68,6.81,5.32,346000.0,5.35,5.33,-0.79381,5.942,5.49,7.48,2644.2515,18.74,6.04,20.931,6.1,6.74,8.75,2629000.0,714.8679
1995-12-18,5075.2099609375,1820.5,3596.10009765625,2240.239990234375,4613.39990234375,9806.599609375,1002.5599975585938,19311.080078125,36780000.0,0.0,0.0,0.0,737300.0,0.0,576640000.0,0.0,616.3400268554688,606.8099975585938,426270000.0,16.75,7.15,5.73,5.73,6.83,5.26,373000.0,5.35,5.38,-0.78671,5.559,5.55,7.5,2638.2647,19.02,6.07,18.676,6.13,6.71,8.75,2631000.0,713.9334
1995-12-25,5097.97021484375,1873.4000244140625,3658.300048828125,2280.81005859375,4710.7001953125,9932.2001953125,1046.8900146484375,19775.41015625,21360000.0,0.0,0.0,0.0,647200.0,0.0,420600000.0,0.0,610.489990234375,611.9500122070312,289600000.0,17.83001708984375,7.23,5.9,5.78,6.87,5.02,374000.0,5.3,5.35,-0.77945,8.633,5.56,7.54,2650.8448,19.12,6.12,20.464,6.19,6.73,8.71,2622000.0,713.1752
1996-01-01,5117.1201171875,1872.0,3689.300048828125,2260.68994140625,4713.5,10073.400390625,1052.1300048828125,19868.150390625,21530000.0,0.0,0.0,0.0,436100.0,0.0,541910000.0,0.0,614.1199951171875,615.9299926757812,321250000.0,17.83001708984375,7.11,5.48,5.64,6.76,4.89,359000.0,5.21,5.22,-0.77578,7.169,5.44,7.42,2654.1146,19.44,6.0,20.13,6.06,6.65,8.5,2558000.0,715.4622
1996-01-08,5197.7001953125,1916.5999755859375,3720.60009765625,2336.760009765625,4855.39990234375,10466.7001953125,1032.3699951171875,20563.580078125,11090000.0,0.0,0.0,0.0,708000.0,0.0,142690000.0,0.0,616.7100219726562,618.4600219726562,130360000.0,12.469970703125,7.02,5.35,5.63,6.75,5.02,361000.0,5.18,5.18,-0.78027,6.306,5.39,7.42,2684.4137,19.99,6.0,22.993,6.06,6.56,8.5,2549000.0,719.9295
1996-01-15,5043.77978515625,1924.4000244140625,3662.699951171875,2361.3798828125,4739.7001953125,10634.5,988.5700073242188,20287.419921875,29900000.0,0.0,0.0,0.0,631800.0,0.0,422660000.0,0.0,601.8099975585938,599.8200073242188,306180000.0,21.86004638671875,7.08,5.53,5.74,6.86,5.03,333000.0,5.17,5.2,-0.79199,5.313,5.44,7.52,2683.7708,19.43,6.12,21.004,6.18,6.59,8.5,2702000.0,720.314
1996-01-22,5219.35986328125,1954.4000244140625,3754.199951171875,2391.739990234375,4849.0,10955.2998046875,1029.43994140625,20196.529296875,37580000.0,0.0,0.0,0.0,33100.0,0.0,484430000.0,0.0,611.8300170898438,613.4000244140625,398040000.0,15.989990234375,7.02,5.61,5.58,6.8,4.98,415000.0,5.03,5.04,-0.81071,5.548,5.3,7.45,2687.2297,18.64,6.01,18.001,6.06,6.53,8.5,2707000.0,721.0895
1996-01-29,5304.97998046875,1980.699951171875,3734.60009765625,2437.699951171875,4949.2001953125,11059.0,1042.510009765625,20589.19921875,28030000.0,0.0,0.0,0.0,852900.0,0.0,434380000.0,0.0,621.6199951171875,624.219970703125,363330000.0,17.4599609375,7.0,5.44,5.65,6.81,4.97,387000.0,5.05,5.09,-0.8337,7.218,5.35,7.47,2668.7331,18.35,6.06,14.738,6.11,6.5,8.5,2637000.0,722.6967
1996-02-05,5407.58984375,1985.5999755859375,3746.60009765625,2416.840087890625,5033.2998046875,11484.099609375,1083.3399658203125,20653.380859375,29360000.0,0.0,0.0,0.0,955500.0,0.0,512040000.0,0.0,635.8400268554688,641.4299926757812,377760000.0,26.16998291015625,7.02,5.53,5.64,6.82,4.93,374000.0,4.93,4.98,-0.85468,6.963,5.28,7.46,2684.1496,17.64,6.08,15.685,6.11,6.52,8.5,2750000.0,723.8686
1996-02-12,5600.14990234375,1967.699951171875,3726.60009765625,2428.590087890625,5049.89990234375,11256.599609375,1095.3800048828125,20934.8203125,37010000.0,0.0,0.0,0.0,885000.0,0.0,494040000.0,0.0,656.3699951171875,661.4500122070312,397890000.0,29.239990234375,7.02,5.21,5.67,6.87,4.81,387000.0,4.85,4.91,-0.86796,5.493,5.27,7.5,2676.5992,17.72,6.13,15.392,6.17,6.51,8.25,2672000.0,723.2777
1996-02-19,5503.31982421875,1939.699951171875,3744.300048828125,2387.60009765625,5026.39990234375,11595.0,1090.7099609375,20721.25,43490000.0,0.0,0.0,0.0,648800.0,0.0,459680000.0,0.0,651.3200073242188,647.97998046875,445570000.0,17.239990234375,6.94,5.09,5.65,6.86,4.79,383000.0,4.81,4.84,-0.87113,5.204,5.2,7.5,2672.8862,18.8,6.11,15.71,6.16,6.44,8.25,2694000.0,724.0897
1996-02-26,5565.10009765625,1960.9000244140625,3704.199951171875,2438.72998046875,4957.10009765625,11210.400390625,1113.050048828125,20480.26953125,31720000.0,0.0,0.0,0.0,543900.0,0.0,473800000.0,0.0,659.0800170898438,650.4600219726562,399330000.0,17.239990234375,7.32,5.17,5.97,7.13,4.82,365000.0,5.04,5.15,-0.86332,5.137,5.52,7.77,2685.3826,21.45,6.39,16.421,6.46,6.77,8.25,2655000.0,724.9721
1996-03-04,5600.14990234375,2015.300048828125,3768.60009765625,2486.830078125,4979.89990234375,11254.099609375,1084.8800048828125,20063.880859375,31200000.0,0.0,0.0,0.0,758100.0,0.0,474380000.0,0.0,644.3699951171875,650.8099975585938,417270000.0,28.0,7.41,5.31,6.06,7.2,4.87,368000.0,5.14,5.32,-0.845,3.883,5.65,7.86,2669.8112,19.49,6.45,19.472,6.55,6.87,8.25,2688000.0,724.8563
1996-03-11,5581.0,1948.9000244140625,3674.5,2419.719970703125,4933.60009765625,10397.5,1080.5,19796.2890625,46980000.0,0.0,0.0,0.0,661100.0,0.0,457880000.0,0.0,633.5,640.02001953125,449500000.0,29.3399658203125,7.38,5.57,6.08,7.21,4.89,361000.0,5.15,5.4,-0.82095,4.312,5.71,7.9,2683.8581,19.72,6.47,18.156,6.57,6.87,8.25,2647000.0,724.4341
1996-03-18,5683.60009765625,1965.0,3669.60009765625,2472.550048828125,4960.39990234375,10601.2998046875,1114.4200439453125,20285.130859375,49300000.0,0.0,0.0,0.0,707200.0,0.0,498780000.0,0.0,641.4299926757812,652.6500244140625,437100000.0,26.02001953125,7.83,5.24,6.37,7.42,4.97,384000.0,5.41,5.76,-0.79348,5.507,6.06,8.1,2692.1396,20.8,6.68,18.237,6.82,7.32,8.25,2677000.0,725.7585
1996-03-25,5643.85986328125,2003.800048828125,3681.89990234375,2514.800048828125,4967.2998046875,11111.7998046875,1087.0899658203125,20915.439453125,35660000.0,0.0,0.0,0.0,689500.0,0.0,476710000.0,0.0,650.6199951171875,650.0399780273438,336700000.0,17.83001708984375,7.81,5.36,6.36,7.41,5.0,426000.0,5.44,5.79,-0.76736,7.235,6.08,8.1,2696.8027,23.16,6.67,17.637,6.82,7.32,8.25,2738000.0,727.9475
1996-04-01,5637.72021484375,2055.60009765625,3718.39990234375,2500.75,4994.2998046875,10926.7998046875,1106.5699462890625,21560.390625,32470000.0,0.0,0.0,0.0,824900.0,0.0,463880000.0,0.0,645.5,653.72998046875,392120000.0,10.6099853515625,7.69,5.22,6.32,7.39,5.0,393000.0,5.42,5.78,-0.74404,5.048,6.08,8.09,2694.639,22.03,6.65,19.357,6.81,7.19,8.25,2675000.0,729.2546
1996-04-08,5594.3701171875,2075.0,3755.60009765625,2498.75,5004.0,11139.900390625,1105.6600341796875,21424.240234375,39940000.0,0.0,0.0,0.0,612800.0,0.0,517700000.0,0.0,655.8599853515625,644.239990234375,411810000.0,11.78997802734375,7.78,5.3,6.35,7.41,5.01,369000.0,5.48,5.84,-0.72568,6.017,6.14,8.12,2704.1763,22.49,6.68,18.558,6.85,7.29,8.25,2648000.0,730.7515
1996-04-15,5592.919921875,2080.60009765625,3790.5,2540.7900390625,5059.0,10949.599609375,1110.43994140625,21883.0390625,27040000.0,0.0,0.0,0.0,719300.0,0.0,461860000.0,0.0,636.7100219726562,642.489990234375,346370000.0,11.78997802734375,8.05,5.08,6.6,7.6,4.97,357000.0,5.62,6.07,-0.71286,5.986,6.42,8.3,2698.2604,23.95,6.88,19.014,7.07,7.56,8.25,2657000.0,731.2976
1996-04-22,5564.740234375,2116.5,3852.699951171875,2549.27001953125,5095.5,10910.0,1153.5,22123.890625,30650000.0,0.0,0.0,0.0,896800.0,0.0,582590000.0,0.0,645.0700073242188,647.8900146484375,395370000.0,19.72998046875,7.95,5.24,6.52,7.5,4.85,368000.0,5.51,5.95,-0.7081,7.655,6.32,8.19,2695.6864,24.34,6.8,19.048,6.99,7.48,8.25,2620000.0,731.1691
1996-04-29,5573.41015625,2130.800048828125,3809.199951171875,2505.969970703125,5152.39990234375,10835.7998046875,1188.199951171875,22235.029296875,27010000.0,0.0,0.0,0.0,878200.0,0.0,553980000.0,0.0,653.4600219726562,654.1599731445312,344030000.0,12.82000732421875,7.92,5.24,6.53,7.48,4.96,343000.0,5.52,5.94,-0.71139,8.251,6.31,8.16,2714.1404,23.8,6.79,21.633,6.98,7.43,8.25,2609000.0,731.7531
1996-05-06,5464.31005859375,2090.39990234375,3751.60009765625,2473.52001953125,5140.10009765625,10697.5,1186.31005859375,21662.380859375,36470000.0,0.0,0.0,0.0,894700.0,0.0,680150000.0,0.0,641.6300048828125,640.8099975585938,375820000.0,20.25,7.99,5.3,6.74,7.65,5.0,338000.0,5.63,6.08,-0.71983,8.709,6.46,8.33,2714.8536,21.16,6.96,15.048,7.13,7.5,8.25,2602000.0,735.433
1996-05-13,5582.60009765625,2100.89990234375,3739.199951171875,2496.330078125,5191.10009765625,10746.0,1221.8699951171875,21171.8203125,33230000.0,0.0,0.0,0.0,806500.0,0.0,595270000.0,0.0,652.0900268554688,661.510009765625,394180000.0,32.0899658203125,8.24,5.22,6.82,7.72,5.0,352000.0,5.67,6.14,-0.7313,6.537,6.55,8.4,2711.6699,20.98,7.02,18.721,7.21,7.75,8.25,2586000.0,734.509
1996-05-20,5748.81982421875,2120.60009765625,3778.199951171875,2541.97998046875,5220.5,10987.599609375,1248.1099853515625,21979.0,40740000.0,0.0,0.0,0.0,1030800.0,0.0,589730000.0,0.0,668.9099731445312,673.1500244140625,385000000.0,28.219970703125,8.08,5.26,6.68,7.57,5.01,345000.0,5.59,6.04,-0.74218,5.673,6.42,8.25,2734.7025,21.06,6.87,15.961,7.05,7.59,8.25,2584000.0,737.2055
1996-05-27,5762.85986328125,2117.699951171875,3752.10009765625,2549.530029296875,5235.5,11081.7001953125,1247.800048828125,21699.759765625,29270000.0,0.0,0.0,0.0,789900.0,0.0,610280000.0,0.0,676.0,678.510009765625,329150000.0,18.30999755859375,8.01,5.22,6.65,7.53,5.04,343000.0,5.59,6.03,-0.74851,5.127,6.41,8.2,2723.1485,22.24,6.84,17.932,7.02,7.51,8.25,2590000.0,738.0825
1996-06-03,5624.7099609375,2121.10009765625,3739.199951171875,2543.989990234375,5234.2998046875,11059.7998046875,1238.72998046875,21588.51953125,23730000.0,0.0,0.0,0.0,959200.0,0.0,525170000.0,0.0,669.1199951171875,667.6799926757812,318470000.0,18.30999755859375,8.03,5.19,6.77,7.61,5.04,340000.0,5.7,6.17,-0.74923,5.175,6.55,8.27,2706.4001,20.37,6.93,14.176,7.09,7.54,8.25,2553000.0,736.0988
1996-06-10,5687.8701171875,2120.800048828125,3728.800048828125,2552.9599609375,5134.10009765625,11143.2001953125,1230.0400390625,21719.150390625,24550000.0,0.0,0.0,0.0,714700.0,0.0,476470000.0,0.0,673.3099975585938,672.1599731445312,337480000.0,17.84002685546875,8.3,5.33,6.85,7.67,5.09,351000.0,5.78,6.26,-0.74412,4.276,6.63,8.34,2724.7321,20.04,6.99,18.515,7.16,7.8,8.25,2521000.0,738.5302
1996-06-17,5652.77978515625,2113.0,3761.5,2549.7099609375,5043.39990234375,10865.0,1207.6400146484375,22245.380859375,24750000.0,0.0,0.0,0.0,621900.0,0.0,448160000.0,0.0,665.8499755859375,665.1599731445312,298410000.0,14.239990234375,8.39,5.24,6.99,7.78,5.11,342000.0,5.86,6.36,-0.73614,5.697,6.77,8.47,2718.8907,20.15,7.13,14.016,7.3,7.9,8.25,2560000.0,739.9958
1996-06-24,5717.7900390625,2097.60009765625,3710.800048828125,2562.18994140625,5074.2998046875,10959.7001953125,1182.9000244140625,22603.19921875,33330000.0,0.0,0.0,0.0,631500.0,0.0,500470000.0,0.0,666.8400268554688,668.8499755859375,333840000.0,12.32000732421875,8.3,5.45,6.95,7.74,5.09,341000.0,5.82,6.32,-0.72723,6.022,6.73,8.44,2720.7048,20.95,7.1,19.117,7.25,7.81,8.25,2550000.0,740.9419
1996-07-01,5729.97998046875,2118.800048828125,3725.60009765625,2573.43994140625,5044.10009765625,11002.599609375,1197.449951171875,22455.490234375,27740000.0,0.0,0.0,0.0,669100.0,0.0,501850000.0,0.0,670.6300048828125,675.8800048828125,345750000.0,14.32000732421875,8.29,5.21,6.86,7.66,5.09,337000.0,5.79,6.25,-0.72035,7.184,6.63,8.36,2731.4503,20.55,7.02,15.649,7.16,7.82,8.25,2556000.0,743.9496
1996-07-08,5550.830078125,2079.10009765625,3741.5,2561.510009765625,5034.5,10890.099609375,1148.8199462890625,21924.939453125,30850000.0,0.0,0.0,0.0,655200.0,0.0,446400000.0,0.0,657.4400024414062,652.5399780273438,367560000.0,14.32000732421875,8.14,5.53,6.85,7.62,5.13,342000.0,5.82,6.25,-0.71644,6.417,6.6,8.31,2723.0164,21.4,7.0,17.842,7.12,7.67,8.25,2501000.0,744.6044
1996-07-15,5349.509765625,2029.5,3698.300048828125,2529.5,4955.2998046875,10800.099609375,1060.18994140625,21753.419921875,43110000.0,0.0,0.0,0.0,627200.0,0.0,587010000.0,0.0,646.1900024414062,629.7999877929688,419020000.0,42.71002197265625,8.42,5.26,6.95,7.73,5.15,347000.0,5.9,6.34,-0.71686,5.277,6.72,8.42,2732.0682,21.65,7.11,15.608,7.23,7.93,8.25,2495000.0,743.9949
1996-07-22,5390.93994140625,1960.300048828125,3681.300048828125,2468.320068359375,4971.7001953125,10798.2998046875,1081.3900146484375,21005.630859375,32890000.0,0.0,0.0,0.0,529500.0,0.0,419110000.0,0.0,638.72998046875,633.77001953125,327300000.0,41.760009765625,8.23,5.23,6.81,7.61,5.13,332000.0,5.8,6.22,-0.72316,5.464,6.59,8.32,2733.8306,21.8,7.0,16.494,7.11,7.76,8.25,2492000.0,744.9036
1996-07-29,5434.58984375,1961.0999755859375,3678.800048828125,2472.25,4896.2998046875,10651.7998046875,1066.469970703125,20967.5390625,23200000.0,0.0,0.0,0.0,495400.0,0.0,417780000.0,0.0,635.9000244140625,630.9099731445312,281560000.0,27.08001708984375,8.19,5.25,6.85,7.62,5.16,327000.0,5.85,6.25,-0.73407,5.26,6.62,8.34,2744.9488,20.96,7.02,11.994,7.12,7.71,8.25,2472000.0,746.3485
1996-08-05,5674.27978515625,2013.199951171875,3788.300048828125,2520.52001953125,5015.60009765625,11071.400390625,1120.530029296875,21077.470703125,22670000.0,0.0,0.0,0.0,577500.0,0.0,394230000.0,0.0,662.489990234375,660.22998046875,307240000.0,34.4200439453125,8.23,5.53,6.76,7.55,5.15,326000.0,5.8,6.17,-0.74759,5.384,6.52,8.27,2743.1766,20.66,6.94,16.92,7.03,7.75,8.25,2476000.0,744.7916
1996-08-12,5704.97998046875,1978.199951171875,3803.300048828125,2529.139892578125,5064.2001953125,11181.900390625,1138.27001953125,20666.599609375,45180000.0,0.0,0.0,0.0,502100.0,0.0,366740000.0,0.0,662.0999755859375,665.77001953125,312170000.0,15.75,7.88,5.38,6.54,7.35,5.03,331000.0,5.6,5.95,-0.76276,5.069,6.28,8.08,2739.075,21.35,6.75,15.969,6.86,7.4,8.25,2492000.0,745.8709
1996-08-19,5699.43994140625,1986.199951171875,3863.699951171875,2556.25,5117.60009765625,11213.5,1130.9100341796875,21106.41015625,24620000.0,0.0,0.0,0.0,716300.0,0.0,350170000.0,0.0,665.2100219726562,666.5800170898438,294080000.0,8.6500244140625,7.88,5.1,6.56,7.39,5.03,336000.0,5.62,5.96,-0.77392,4.781,6.31,8.11,2743.4945,22.25,6.77,13.917,6.9,7.39,8.25,2495000.0,745.1102
1996-08-26,5693.89013671875,2020.4000244140625,3907.5,2554.419921875,5186.7001953125,11424.599609375,1139.219970703125,20883.740234375,23080000.0,0.0,0.0,0.0,862100.0,0.0,422090000.0,0.0,667.030029296875,663.8800048828125,281430000.0,8.52001953125,7.93,5.18,6.63,7.48,5.02,337000.0,5.64,6.0,-0.77891,5.129,6.38,8.18,2746.5398,22.5,6.84,14.33,6.98,7.45,8.25,2493000.0,748.3843
1996-09-02,5616.2099609375,1977.0,3884.39990234375,2538.340087890625,5143.39990234375,11106.599609375,1141.5,20107.109375,22080000.0,0.0,0.0,0.0,562000.0,0.0,336610000.0,0.0,657.4000244140625,651.989990234375,258380000.0,20.15997314453125,8.09,5.21,6.84,7.66,5.09,329000.0,5.81,6.22,-0.77691,5.272,6.6,8.35,2742.3239,21.82,7.03,14.897,7.17,7.6,8.25,2516000.0,749.0876
1996-09-09,5733.83984375,2020.300048828125,3910.800048828125,2549.7099609375,5148.60009765625,11212.599609375,1148.7099609375,20202.26953125,24910000.0,0.0,0.0,0.0,735900.0,0.0,437010000.0,0.0,655.6799926757812,663.760009765625,311530000.0,20.15997314453125,8.34,5.39,6.95,7.75,5.19,333000.0,5.95,6.36,-0.76844,5.347,6.73,8.43,2773.7143,23.48,7.11,14.767,7.26,7.88,8.25,2443000.0,753.1583
1996-09-16,5889.2001953125,2086.199951171875,3977.199951171875,2630.239990234375,5265.89990234375,11567.900390625,1193.9599609375,20842.640625,33160000.0,0.0,0.0,0.0,798700.0,0.0,575520000.0,0.0,680.5399780273438,683.97998046875,430080000.0,37.03997802734375,8.28,5.16,6.88,7.71,5.13,338000.0,5.88,6.27,-0.75803,4.669,6.64,8.4,2742.2627,24.42,7.07,14.486,7.22,7.81,8.25,2486000.0,755.0629
1996-09-23,5894.740234375,2067.10009765625,3919.699951171875,2624.179931640625,5284.2001953125,11622.099609375,1211.469970703125,21112.240234375,23310000.0,0.0,0.0,0.0,561500.0,0.0,366280000.0,0.0,687.030029296875,686.47998046875,297760000.0,15.91998291015625,8.14,5.22,6.82,7.63,5.12,352000.0,5.82,6.23,-0.74906,5.754,6.59,8.33,2768.2801,23.52,7.01,12.873,7.15,7.64,8.25,2484000.0,756.7115
1996-09-30,5882.169921875,2132.800048828125,3953.699951171875,2655.489990234375,5291.10009765625,11902.400390625,1226.9200439453125,21556.400390625,27840000.0,0.0,0.0,0.0,756000.0,0.0,524290000.0,0.0,686.1900024414062,687.3300170898438,388570000.0,9.8699951171875,8.16,5.34,6.73,7.58,4.98,348000.0,5.72,6.12,-0.74488,7.62,6.48,8.27,2770.0865,24.33,6.95,13.735,7.07,7.68,8.25,2479000.0,762.0124
1996-10-07,5979.81005859375,2151.60009765625,4031.5,2705.2099609375,5441.5,12133.099609375,1250.8699951171875,21161.009765625,26820000.0,0.0,0.0,0.0,778500.0,0.0,480670000.0,0.0,701.4600219726562,703.3400268554688,380750000.0,20.44000244140625,8.06,5.4,6.61,7.46,4.91,335000.0,5.61,5.99,-0.74805,6.815,6.35,8.14,2783.6744,24.44,6.85,12.87,6.95,7.58,8.25,2496000.0,764.9204
1996-10-14,6010.0,2143.60009765625,4038.699951171875,2700.830078125,5461.2001953125,12330.400390625,1256.3599853515625,21029.25,27420000.0,0.0,0.0,0.0,891200.0,0.0,438410000.0,0.0,700.6599731445312,703.5399780273438,322000000.0,12.97998046875,7.86,5.14,6.55,7.43,4.98,334000.0,5.57,5.94,-0.75854,4.529,6.3,8.1,2769.8937,24.93,6.83,12.492,6.92,7.38,8.25,2422000.0,764.6134
1996-10-21,6090.8701171875,2180.199951171875,4073.10009765625,2733.669921875,5518.10009765625,12510.099609375,1236.4100341796875,21302.94921875,41960000.0,0.0,0.0,0.0,900300.0,0.0,489140000.0,0.0,710.8200073242188,709.8499755859375,414630000.0,19.489990234375,7.88,5.22,6.54,7.4,5.0,335000.0,5.55,5.91,-0.77369,4.885,6.28,8.08,2815.5195,25.45,6.83,13.212,6.92,7.39,8.25,2449000.0,766.0197
1996-10-28,5972.72998046875,2150.39990234375,4025.300048828125,2703.330078125,5553.39990234375,12262.7998046875,1215.8900146484375,20885.41015625,30260000.0,0.0,0.0,0.0,865600.0,0.0,502500000.0,0.0,700.9199829101562,697.260009765625,383620000.0,16.8499755859375,7.86,5.22,6.55,7.39,5.0,352000.0,5.56,5.93,-0.79123,5.414,6.29,8.07,2808.3245,25.15,6.83,13.075,6.92,7.37,8.25,2474000.0,766.4852
1996-11-04,6041.68017578125,2142.199951171875,3928.10009765625,2678.72998046875,5609.2998046875,12559.400390625,1220.47998046875,20633.060546875,37310000.0,0.0,0.0,0.0,944000.0,0.0,436620000.0,0.0,703.77001953125,706.72998046875,398790000.0,12.3800048828125,7.78,5.27,6.42,7.28,5.03,334000.0,5.48,5.81,-0.80772,5.228,6.15,7.96,2783.8183,23.91,6.71,11.637,6.79,7.3,8.25,2452000.0,766.0995
1996-11-11,6255.60009765625,2205.199951171875,3914.39990234375,2730.43994140625,5802.39990234375,12771.900390625,1262.6700439453125,21065.080078125,30720000.0,0.0,0.0,0.0,731400.0,0.0,435160000.0,0.0,730.8200073242188,731.8699951171875,353960000.0,31.29998779296875,7.67,5.32,6.3,7.18,5.03,327000.0,5.44,5.76,-0.81949,5.013,6.05,7.86,2793.1435,22.92,6.57,13.065,6.66,7.2,8.25,2475000.0,768.3516
1996-11-18,6346.91015625,2228.800048828125,3962.10009765625,2768.89990234375,5872.7001953125,13042.7998046875,1254.5699462890625,20796.369140625,31300000.0,0.0,0.0,0.0,943200.0,0.0,492940000.0,0.0,737.6199951171875,737.02001953125,388520000.0,16.70001220703125,7.59,5.21,6.18,7.07,5.03,342000.0,5.41,5.7,-0.82333,4.905,5.97,7.75,2814.2415,23.9,6.45,12.267,6.56,7.11,8.25,2406000.0,771.1015
1996-11-25,6547.7900390625,2277.10009765625,4054.60009765625,2800.52001953125,5952.39990234375,13239.400390625,1280.3699951171875,21293.5703125,33910000.0,0.0,0.0,0.0,956900.0,0.0,622820000.0,0.0,748.72998046875,757.030029296875,475260000.0,22.65997314453125,7.53,5.41,6.16,7.05,5.03,347000.0,5.42,5.68,-0.81861,5.039,5.94,7.75,2789.7102,24.03,6.43,13.55,6.53,7.06,8.25,2350000.0,770.2241
1996-12-02,6521.7001953125,2318.60009765625,4038.5,2853.4599609375,5985.0,13517.599609375,1299.8199462890625,20674.689453125,31220000.0,0.0,0.0,0.0,944900.0,0.0,515460000.0,0.0,757.02001953125,756.5599975585938,412520000.0,25.25,7.52,5.3,6.12,7.06,5.02,332000.0,5.41,5.65,-0.80504,4.996,5.9,7.75,2831.9448,24.21,6.41,11.273,6.51,7.04,8.25,2460000.0,776.6113
1996-12-09,6463.93994140625,2255.800048828125,4011.60009765625,2870.300048828125,5906.5,13144.2001953125,1316.27001953125,20603.7109375,31720000.0,0.0,0.0,0.0,820100.0,0.0,574010000.0,0.0,739.5999755859375,749.760009765625,381570000.0,34.8599853515625,7.44,5.52,6.15,7.1,4.92,355000.0,5.42,5.66,-0.78459,4.509,5.92,7.79,2824.9519,25.14,6.43,15.104,6.52,6.96,8.25,2484000.0,774.8419
1996-12-16,6268.35009765625,2222.60009765625,3993.800048828125,2841.159912109375,5712.39990234375,12937.5,1260.97998046875,20422.0390625,43480000.0,0.0,0.0,0.0,879300.0,0.0,518000000.0,0.0,728.6400146484375,720.97998046875,447560000.0,34.02996826171875,7.57,5.22,6.31,7.21,4.83,352000.0,5.46,5.77,-0.76083,4.926,6.06,7.9,2828.9627,24.2,6.56,11.71,6.66,7.06,8.25,2464000.0,778.8514
1996-12-23,6489.02001953125,2287.39990234375,4087.199951171875,2844.090087890625,5862.89990234375,13331.5,1279.52001953125,19690.4609375,25220000.0,0.0,0.0,0.0,769100.0,0.0,483680000.0,0.0,748.8699951171875,746.9199829101562,343280000.0,38.719970703125,7.74,5.38,6.4,7.28,4.88,350000.0,5.51,5.85,-0.73764,7.169,6.15,7.97,2810.509,26.02,6.63,14.006,6.73,7.21,8.25,2506000.0,778.4717
1996-12-30,6549.3701171875,2318.60009765625,4115.7001953125,2880.070068359375,5954.2998046875,13480.7998046875,1287.75,19361.349609375,26480000.0,0.0,0.0,0.0,504000.0,0.0,559630000.0,0.0,756.7899780273438,753.8499755859375,339060000.0,38.719970703125,7.64,5.18,6.34,7.21,4.97,357000.0,5.5,5.84,-0.71838,5.694,6.12,7.91,2852.0882,25.44,6.58,13.033,6.67,7.16,8.25,2497000.0,780.4706
1997-01-06,6567.18017578125,2306.699951171875,4106.5,2890.199951171875,5920.7001953125,13443.900390625,1316.4000244140625,19446.0,51680000.0,0.0,0.0,0.0,754600.0,0.0,588140000.0,0.0,748.030029296875,747.6500244140625,531350000.0,29.6500244140625,7.67,5.37,6.45,7.29,5.05,347000.0,5.55,5.9,-0.70476,6.326,6.22,7.99,2854.2628,25.59,6.67,15.102,6.76,7.18,8.25,2552000.0,778.832
1997-01-13,6709.18017578125,2361.300048828125,4107.2998046875,2956.780029296875,6001.5,13289.2001953125,1330.9100341796875,18118.7890625,36300000.0,0.0,0.0,0.0,1110300.0,0.0,612090000.0,0.0,759.5,759.510009765625,445400000.0,25.8399658203125,7.85,5.28,6.57,7.42,5.03,324000.0,5.61,5.99,-0.69789,4.479,6.33,8.11,2842.9884,26.3,6.8,12.669,6.89,7.35,8.25,2473000.0,781.0565
1997-01-20,6843.8701171875,2406.10009765625,4194.0,2999.18994140625,6113.89990234375,13868.2001953125,1364.280029296875,17480.33984375,34240000.0,0.0,0.0,0.0,1172000.0,0.0,592380000.0,0.0,776.1699829101562,776.7000122070312,440470000.0,33.1600341796875,7.87,5.19,6.56,7.39,5.03,345000.0,5.61,6.01,-0.69904,5.512,6.33,8.07,2841.7377,25.42,6.81,13.48,6.9,7.38,8.25,2434000.0,782.3262
1997-01-27,6660.68994140625,2435.199951171875,4212.0,2992.550048828125,6040.7998046875,13294.900390625,1352.81005859375,17334.900390625,47760000.0,0.0,0.0,0.0,882300.0,0.0,537780000.0,0.0,770.52001953125,765.02001953125,445760000.0,30.489990234375,7.85,5.19,6.58,7.41,5.04,340000.0,5.61,6.03,-0.70671,6.524,6.34,8.1,2854.9993,24.4,6.84,8.855,6.92,7.35,8.25,2492000.0,783.3097
1997-02-03,6806.16015625,2508.60009765625,4257.7998046875,3064.699951171875,6140.89990234375,13451.099609375,1376.050048828125,18085.94921875,39060000.0,0.0,0.0,0.0,957100.0,0.0,537540000.0,0.0,786.1599731445312,786.72998046875,463600000.0,30.1099853515625,7.88,5.18,6.62,7.48,5.04,333000.0,5.62,6.03,-0.71881,7.896,6.36,8.12,2843.1273,24.24,6.89,11.725,6.95,7.38,8.25,2403000.0,782.5593
1997-02-10,6806.5400390625,2595.39990234375,4307.7001953125,3185.719970703125,6081.2998046875,13643.5,1335.3399658203125,18181.169921875,40360000.0,0.0,0.0,0.0,952200.0,0.0,629500000.0,0.0,789.5599975585938,785.4299926757812,471590000.0,20.030029296875,7.74,5.3,6.46,7.34,4.99,315000.0,5.53,5.89,-0.7326,6.207,6.2,7.98,2864.0008,23.49,6.74,11.106,6.8,7.25,8.25,2436000.0,785.1748
1997-02-17,6988.9599609375,2634.5,4337.7998046875,3260.300048828125,6217.60009765625,13144.599609375,1367.18994140625,18750.650390625,37820000.0,0.0,0.0,0.0,864600.0,0.0,587210000.0,0.0,811.8200073242188,808.47998046875,491540000.0,38.47998046875,7.65,5.05,6.37,7.26,5.0,313000.0,5.49,5.85,-0.7455,4.829,6.14,7.89,2857.0465,22.21,6.65,11.009,6.73,7.14,8.25,2407000.0,786.944
1997-02-24,7008.2001953125,2567.89990234375,4331.10009765625,3180.6298828125,6242.5,13375.7001953125,1345.0799560546875,18896.990234375,35560000.0,0.0,0.0,0.0,965700.0,0.0,574060000.0,0.0,801.77001953125,810.280029296875,462450000.0,38.47998046875,7.56,5.22,6.33,7.23,4.97,322000.0,5.47,5.83,-0.7533,5.002,6.13,7.87,2876.8465,22.18,6.6,10.698,6.7,7.06,8.25,2414000.0,791.2298
1997-03-03,6918.919921875,2600.300048828125,4307.10009765625,3258.739990234375,6146.0,13507.2998046875,1311.1800537109375,18429.130859375,46030000.0,0.0,0.0,0.0,973400.0,0.0,531980000.0,0.0,790.8200073242188,795.3099975585938,437220000.0,27.19000244140625,7.65,5.16,6.5,7.38,5.05,321000.0,5.6,6.01,-0.75456,4.425,6.31,8.01,2861.4089,20.83,6.75,12.944,6.85,7.15,8.25,2370000.0,791.7094
1997-03-10,7079.39013671875,2709.199951171875,4437.39990234375,3426.77001953125,6332.89990234375,13268.7998046875,1322.719970703125,18113.890625,32750000.0,0.0,0.0,0.0,859800.0,0.0,562650000.0,0.0,804.969970703125,813.6500244140625,468780000.0,28.0,7.84,5.36,6.59,7.47,5.09,317000.0,5.7,6.12,-0.74835,5.149,6.42,8.1,2892.8875,20.77,6.85,11.04,6.96,7.35,8.25,2371000.0,793.31
1997-03-17,6955.47998046875,2588.39990234375,4373.2998046875,3337.110107421875,6154.5,12838.5,1279.4300537109375,18053.5,51520000.0,0.0,0.0,0.0,898500.0,0.0,580850000.0,0.0,793.1699829101562,795.7100219726562,495260000.0,31.9200439453125,7.84,5.19,6.63,7.52,5.08,319000.0,5.72,6.14,-0.73604,5.169,6.46,8.15,2890.2444,20.64,6.89,11.646,7.01,7.34,8.25,2344000.0,794.6277
1997-03-24,6905.25,2579.300048828125,4214.7998046875,3302.570068359375,6144.2998046875,12749.099609375,1242.6400146484375,18043.8203125,47960000.0,0.0,0.0,0.0,906100.0,0.0,594970000.0,0.0,784.0999755859375,790.8900146484375,451970000.0,19.1400146484375,7.94,5.26,6.73,7.61,5.17,315000.0,5.81,6.25,-0.7194,7.479,6.58,8.22,2883.6832,21.72,6.97,10.051,7.09,7.45,8.25,2322000.0,794.725
1997-03-31,6583.47998046875,2656.699951171875,4312.89990234375,3407.830078125,5850.2001953125,12534.2998046875,1221.699951171875,18003.400390625,63290000.0,0.0,0.0,0.0,754000.0,0.0,583640000.0,0.0,773.8800048828125,757.1199951171875,555880000.0,30.78997802734375,7.97,5.4,6.79,7.63,5.25,325000.0,5.94,6.36,-0.70073,5.376,6.66,8.24,2904.0785,20.83,7.0,12.515,7.11,7.48,8.29,2331000.0,798.5796
1997-04-07,6555.89990234375,2572.300048828125,4271.7001953125,3342.77001953125,5840.7998046875,12287.7998046875,1251.3499755859375,17715.669921875,37370000.0,0.0,0.0,0.0,854800.0,0.0,568270000.0,0.0,757.9000244140625,762.1300048828125,453790000.0,30.78997802734375,8.18,5.86,6.9,7.71,5.17,325000.0,5.99,6.43,-0.68171,5.535,6.75,8.33,2895.7424,19.76,7.1,11.452,7.21,7.7,8.5,2359000.0,797.2301
1997-04-14,6451.89990234375,2566.10009765625,4251.7001953125,3297.52001953125,5679.2998046875,12296.0,1216.4100341796875,17692.470703125,45830000.0,0.0,0.0,0.0,39562800.0,0.0,471240000.0,0.0,737.6500244140625,743.72998046875,406800000.0,35.99005126953125,8.15,5.37,6.92,7.74,5.14,330000.0,5.99,6.46,-0.66524,4.826,6.78,8.36,2907.5553,19.38,7.12,13.789,7.23,7.67,8.5,2307000.0,800.5218
1997-04-21,6660.2001953125,2522.699951171875,4328.7001953125,3328.409912109375,5797.7001953125,12626.0,1203.949951171875,18551.66015625,43490000.0,0.0,0.0,0.0,36359600.0,0.0,546340000.0,0.0,766.3400268554688,760.3699951171875,397300000.0,35.010009765625,8.16,5.48,6.89,7.73,5.16,316000.0,5.98,6.47,-0.65196,7.837,6.78,8.34,2917.9275,19.65,7.1,11.152,7.21,7.71,8.5,2304000.0,804.2644
1997-04-28,6783.0,2550.300048828125,4389.7001953125,3372.9599609375,5835.60009765625,12610.2001953125,1217.030029296875,18670.369140625,43720000.0,0.0,0.0,0.0,47461600.0,0.0,453000000.0,0.0,765.3699951171875,772.9600219726562,404470000.0,23.510009765625,8.08,5.48,6.89,7.75,5.19,337000.0,6.01,6.48,-0.64231,8.66,6.79,8.35,2915.3251,19.85,7.1,13.887,7.21,7.62,8.5,2327000.0,804.1717
1997-05-05,7213.68017578125,2672.800048828125,4455.60009765625,3565.68994140625,6150.7001953125,13399.2998046875,1339.239990234375,19514.75,60160000.0,0.0,0.0,0.0,50203800.0,0.0,835140000.0,0.0,812.969970703125,830.2899780273438,549410000.0,66.989990234375,8.01,5.61,6.76,7.64,5.15,342000.0,5.93,6.33,-0.63688,32.937,6.62,8.26,2927.5205,19.99,6.98,10.19,7.08,7.53,8.5,2339000.0,808.845
1997-05-12,7292.7998046875,2693.10009765625,4669.60009765625,3593.139892578125,6272.60009765625,13987.7998046875,1344.18994140625,20143.509765625,52370000.0,0.0,0.0,0.0,53685600.0,0.0,529710000.0,0.0,824.780029296875,837.6599731445312,459370000.0,40.02996826171875,7.94,5.55,6.7,7.56,5.06,318000.0,5.9,6.3,-0.63395,23.899,6.57,8.18,2917.4622,19.94,6.91,12.803,7.0,7.47,8.5,2318000.0,806.5127
1997-05-19,7228.89990234375,2784.300048828125,4645.2001953125,3569.260009765625,6247.39990234375,14108.7998046875,1341.239990234375,20489.75,38050000.0,0.0,0.0,0.0,47438500.0,0.0,451060000.0,0.0,829.75,833.27001953125,345140000.0,26.66998291015625,7.91,5.49,6.68,7.55,5.05,322000.0,5.86,6.26,-0.63268,14.661,6.54,8.17,2920.2685,21.45,6.9,9.827,6.98,7.44,8.5,2276000.0,809.6465
1997-05-26,7345.89990234375,2654.699951171875,4661.7998046875,3669.31005859375,6491.10009765625,14574.599609375,1389.719970703125,20043.5,39290000.0,0.0,0.0,0.0,593500.0,0.0,539440000.0,0.0,835.6599731445312,847.030029296875,417030000.0,22.08001708984375,7.92,5.52,6.73,7.6,5.1,316000.0,5.85,6.26,-0.63221,5.176,6.58,8.22,2916.1066,21.43,6.96,11.288,7.04,7.45,8.5,2274000.0,810.0933
1997-06-02,7289.39990234375,2601.5,4562.7998046875,3596.39990234375,6406.10009765625,14991.0,1404.7900390625,20451.849609375,43820000.0,0.0,0.0,0.0,37359300.0,0.0,555220000.0,0.0,848.280029296875,846.3599853515625,435950000.0,22.08001708984375,7.94,5.43,6.75,7.64,4.94,321000.0,5.86,6.29,-0.63167,5.053,6.6,8.25,2937.4065,20.9,6.99,9.379,7.07,7.47,8.5,2307000.0,811.0723
1997-06-09,7478.5,2686.199951171875,4686.7001953125,3668.610107421875,6467.39990234375,14655.099609375,1412.0400390625,20223.8203125,44340000.0,0.0,0.0,0.0,53460900.0,0.0,558860000.0,0.0,858.010009765625,862.9099731445312,465810000.0,33.27001953125,7.85,5.54,6.61,7.51,4.91,329000.0,5.76,6.19,-0.63176,4.993,6.48,8.13,2931.4087,20.12,6.86,12.762,6.93,7.4,8.5,2276000.0,810.6457
1997-06-16,7772.10009765625,2795.89990234375,4745.10009765625,3750.02001953125,6537.5,14394.599609375,1431.949951171875,20681.0703125,45000000.0,0.0,0.0,0.0,48131800.0,0.0,500070000.0,0.0,893.27001953125,893.9000244140625,414280000.0,51.80999755859375,7.72,5.48,6.52,7.44,4.88,335000.0,5.72,6.12,-0.6335,5.254,6.4,8.06,2947.4586,18.88,6.8,8.373,6.87,7.27,8.5,2265000.0,811.4829
1997-06-23,7604.2998046875,2762.199951171875,4575.7998046875,3748.7900390625,6437.7001953125,15021.2001953125,1434.3199462890625,20436.140625,49260000.0,0.0,0.0,0.0,52376800.0,0.0,553910000.0,0.0,898.7000122070312,878.6199951171875,492940000.0,23.34002685546875,7.61,5.62,6.4,7.33,4.91,316000.0,5.65,6.03,-0.63683,6.831,6.29,7.94,2945.4267,18.93,6.69,11.168,6.76,7.14,8.5,2303000.0,812.175
1997-06-30,7672.7998046875,2858.300048828125,4604.60009765625,3766.889892578125,6437.7001953125,15196.7998046875,1442.0699462890625,20604.9609375,48990000.0,0.0,0.0,0.0,25435500.0,0.0,637020000.0,0.0,887.2999877929688,885.1400146484375,561540000.0,23.6600341796875,7.58,5.42,6.45,7.36,4.99,322000.0,5.65,6.04,-0.6415,11.868,6.33,7.96,2980.748,19.0,6.73,9.319,6.8,7.13,8.5,2338000.0,815.143
1997-07-07,7858.5,2947.699951171875,4810.7001953125,4003.35009765625,6529.10009765625,14858.599609375,1470.739990234375,19705.169921875,53230000.0,0.0,0.0,0.0,61381000.0,0.0,546110000.0,0.0,916.9199829101562,912.2000122070312,518780000.0,38.5,7.62,5.82,6.42,7.35,5.04,346000.0,5.63,6.01,-0.64801,12.577,6.31,7.94,2967.824,19.95,6.72,12.195,6.78,7.15,8.5,2289000.0,818.0651
1997-07-14,7923.0,2941.60009765625,4857.39990234375,4142.18994140625,6639.60009765625,15370.900390625,1523.8800048828125,20228.720703125,49490000.0,0.0,0.0,0.0,52675300.0,0.0,677580000.0,0.0,916.6799926757812,918.3800048828125,485960000.0,38.5,7.47,5.48,6.26,7.19,4.99,328000.0,5.54,5.91,-0.65409,3.902,6.15,7.79,2976.816,19.44,6.56,10.155,6.61,7.01,8.5,2262000.0,815.847
1997-07-21,7906.7001953125,2874.10009765625,4805.7001953125,4139.9599609375,6647.39990234375,15536.2998046875,1536.22998046875,20249.3203125,56890000.0,0.0,0.0,0.0,38880000.0,0.0,535710000.0,0.0,915.2999877929688,912.9400024414062,459500000.0,32.20001220703125,7.47,5.44,6.23,7.15,5.05,301000.0,5.56,5.9,-0.65948,4.919,6.14,7.76,2984.7788,19.49,6.52,11.026,6.57,7.01,8.5,2268000.0,816.8661
1997-07-28,8121.10009765625,3022.199951171875,4862.60009765625,4400.2998046875,6792.2998046875,15666.599609375,1563.530029296875,20575.259765625,49850000.0,0.0,0.0,0.0,57039800.0,0.0,589500000.0,0.0,938.7899780273438,936.4500122070312,466920000.0,38.530029296875,7.43,5.43,6.18,7.09,5.08,306000.0,5.54,5.89,-0.66369,5.212,6.09,7.7,2993.1541,19.52,6.46,8.128,6.52,6.98,8.5,2259000.0,815.9043
1997-08-04,8198.5,2992.39990234375,4895.7001953125,4302.5,6851.10009765625,16259.599609375,1605.449951171875,19668.0703125,45010000.0,0.0,0.0,0.0,52444200.0,0.0,593300000.0,0.0,947.1400146484375,950.2999877929688,456000000.0,25.16998291015625,7.36,5.57,6.11,7.01,5.11,320000.0,5.48,5.81,-0.66559,4.877,6.0,7.62,2980.2029,20.13,6.38,9.945,6.44,6.9,8.5,2235000.0,816.4227
1997-08-11,8062.10009765625,2983.39990234375,5031.89990234375,4333.14990234375,6840.39990234375,16460.5,1586.739990234375,18824.1796875,64450000.0,0.0,0.0,0.0,55712300.0,0.0,613980000.0,0.0,933.5399780273438,937.0,480340000.0,38.77996826171875,7.46,5.62,6.26,7.15,5.15,329000.0,5.55,5.94,-0.66526,5.196,6.15,7.76,3002.9578,20.35,6.52,9.834,6.59,7.0,8.5,2270000.0,818.5087
1997-08-18,7803.35986328125,2870.10009765625,4835.0,4080.550048828125,6655.2998046875,16096.900390625,1569.52001953125,19041.099609375,69260000.0,0.0,0.0,0.0,46804900.0,0.0,545600000.0,0.0,900.8099975585938,912.489990234375,514330000.0,57.8499755859375,7.54,5.45,6.33,7.26,5.17,343000.0,5.59,5.95,-0.66204,4.965,6.17,7.86,2995.3492,19.99,6.61,10.618,6.7,7.07,8.5,2290000.0,819.6829
1997-08-25,7859.60009765625,2898.60009765625,4901.10009765625,4076.75,6732.89990234375,15598.900390625,1601.5699462890625,18656.169921875,40480000.0,0.0,0.0,0.0,36692000.0,0.0,567740000.0,0.0,923.5499877929688,920.1599731445312,388990000.0,46.12994384765625,7.46,5.59,6.27,7.22,5.12,327000.0,5.54,5.9,-0.65635,4.444,6.12,7.85,3015.7497,19.92,6.57,10.22,6.65,6.99,8.5,2283000.0,822.5867
1997-09-01,7622.39990234375,2805.800048828125,4870.2001953125,4001.81005859375,6611.7998046875,13425.7001953125,1587.3199462890625,17974.30078125,41950000.0,0.0,0.0,0.0,37119400.0,0.0,498240000.0,0.0,903.6699829101562,899.469970703125,413910000.0,42.64996337890625,7.58,5.56,6.36,7.28,5.13,332000.0,5.59,5.98,-0.64871,4.866,6.22,7.82,3015.4806,19.5,6.63,11.213,6.71,7.12,8.5,2284000.0,824.8666
1997-09-08,7835.2001953125,2940.89990234375,4985.2001953125,4131.259765625,6764.10009765625,14806.5,1645.3499755859375,18633.859375,38990000.0,0.0,0.0,0.0,52876500.0,0.0,648040000.0,0.0,929.0499877929688,931.2000122070312,466430000.0,42.64996337890625,7.53,5.64,6.34,7.25,5.03,313000.0,5.58,5.97,-0.64049,5.131,6.22,7.79,3040.7242,19.61,6.61,10.682,6.68,7.08,8.5,2265000.0,827.896
1997-09-15,7721.10009765625,2898.60009765625,4902.89990234375,3869.530029296875,6787.89990234375,14630.7001953125,1634.9200439453125,17965.80078125,47700000.0,0.0,0.0,0.0,45291500.0,0.0,663570000.0,0.0,923.9099731445312,919.77001953125,468030000.0,37.80999755859375,7.53,5.48,6.34,7.28,5.0,314000.0,5.59,5.98,-0.63213,4.712,6.23,7.81,3003.0917,19.44,6.64,10.184,6.7,7.07,8.5,2200000.0,829.301
1997-09-22,7996.7998046875,3017.5,5075.7001953125,4096.85009765625,7015.10009765625,14108.099609375,1689.449951171875,18201.3203125,59820000.0,0.0,0.0,0.0,47441900.0,0.0,703720000.0,0.0,950.510009765625,955.4299926757812,490900000.0,53.8900146484375,7.38,5.58,6.14,7.09,4.97,317000.0,5.48,5.83,-0.62353,6.807,6.04,7.67,3026.4902,19.44,6.43,8.14,6.49,6.94,8.5,2241000.0,829.7683
1997-09-29,7991.39990234375,2989.0,5220.2998046875,4116.52001953125,7012.5,14864.400390625,1694.97998046875,17987.2109375,48070000.0,0.0,0.0,0.0,52821800.0,0.0,635550000.0,0.0,945.219970703125,953.3400268554688,477100000.0,23.21002197265625,7.28,5.45,6.08,7.02,4.85,317000.0,5.47,5.8,-0.61345,6.949,6.0,7.63,3018.6396,20.12,6.36,10.241,6.43,6.86,8.5,2233000.0,828.6994
1997-10-06,8100.2001953125,3078.0,5300.0,4326.35009765625,7168.39990234375,14776.7998046875,1721.9100341796875,17824.779296875,46020000.0,0.0,0.0,0.0,52086400.0,0.0,715450000.0,0.0,965.030029296875,972.6900024414062,495620000.0,37.55999755859375,7.31,5.58,6.06,7.01,4.92,311000.0,5.45,5.76,-0.60049,6.687,5.94,7.61,3061.6979,21.62,6.35,11.102,6.4,6.87,8.5,2239000.0,832.7096
1997-10-13,8072.2001953125,3002.89990234375,5300.10009765625,4225.27001953125,7110.39990234375,14072.900390625,1742.1199951171875,17204.69921875,29900000.0,0.0,0.0,0.0,40534800.0,0.0,653120000.0,0.0,966.97998046875,968.0999755859375,354800000.0,27.989990234375,7.26,5.46,6.04,7.0,4.95,305000.0,5.45,5.76,-0.58221,5.402,5.93,7.6,3027.0881,22.01,6.34,8.677,6.39,6.82,8.5,2213000.0,836.3156
1997-10-20,7921.39990234375,2946.699951171875,5211.0,4069.25,7075.39990234375,12970.900390625,1685.449951171875,17294.509765625,64290000.0,0.0,0.0,0.0,35965500.0,0.0,683660000.0,0.0,944.1599731445312,955.6099853515625,483880000.0,41.8800048828125,7.34,5.45,6.11,7.05,4.94,318000.0,5.52,5.85,-0.5593,5.11,6.01,7.63,3061.754,21.03,6.4,9.231,6.46,6.89,8.5,2182000.0,835.6281
1997-10-27,7161.2001953125,2769.60009765625,4840.7001953125,3871.389892578125,6599.2001953125,10498.2001953125,1532.75,17038.359375,91830000.0,0.0,0.0,0.0,62998300.0,0.0,906360000.0,0.0,941.6400146484375,876.989990234375,693730000.0,95.8800048828125,7.35,5.54,6.09,7.05,4.97,306000.0,5.53,5.86,-0.53366,5.527,6.02,7.57,3041.4928,21.0,6.38,10.272,6.44,6.9,8.5,2228000.0,832.0449
1997-11-03,7674.39990234375,2788.0,4906.39990234375,3847.72998046875,6945.7998046875,11255.099609375,1629.97998046875,16458.939453125,67160000.0,0.0,0.0,0.0,58170100.0,0.0,642760000.0,0.0,914.6199951171875,938.989990234375,564740000.0,104.76995849609375,7.21,5.5,5.9,6.93,5.04,313000.0,5.35,5.65,-0.50863,5.868,5.78,7.49,3042.0098,20.92,6.22,9.116,6.27,6.76,8.5,2201000.0,830.9764
1997-11-10,7552.60009765625,2707.10009765625,4806.7998046875,3728.3701171875,6819.0,9992.7998046875,1590.719970703125,15697.2001953125,51810000.0,0.0,0.0,0.0,50478800.0,0.0,589740000.0,0.0,927.510009765625,921.1300048828125,464140000.0,45.94000244140625,7.24,5.6,5.92,6.93,5.14,308000.0,5.44,5.71,-0.48967,5.225,5.81,7.47,3059.2233,20.65,6.2,11.793,6.27,6.8,8.5,2207000.0,834.4288
1997-11-17,7698.2001953125,2773.0,4867.0,3816.7099609375,6798.60009765625,10419.7998046875,1614.1099853515625,16283.3203125,64880000.0,0.0,0.0,0.0,98028500.0,0.0,652880000.0,0.0,928.3499755859375,946.2000122070312,576540000.0,49.04998779296875,7.23,5.5,5.88,6.89,5.16,325000.0,5.44,5.71,-0.47663,5.338,5.81,7.44,3090.5876,20.66,6.12,10.008,6.22,6.78,8.5,2209000.0,838.2595
1997-11-24,7767.89990234375,2802.5,4898.60009765625,3832.10009765625,6724.60009765625,10586.400390625,1586.989990234375,16721.580078125,52420000.0,0.0,0.0,0.0,55694500.0,0.0,556720000.0,0.0,963.0900268554688,946.6699829101562,514920000.0,49.2099609375,7.18,5.51,5.84,6.83,5.15,309000.0,5.46,5.7,-0.47192,5.059,5.79,7.38,3038.7233,19.81,6.05,10.457,6.15,6.73,8.5,2216000.0,838.8797
1997-12-01,8013.10009765625,2918.5,4921.7998046875,4125.919921875,6623.89990234375,10750.900390625,1630.719970703125,17007.58984375,58280000.0,0.0,0.0,0.0,59586800.0,0.0,610620000.0,0.0,955.4000244140625,974.77001953125,590300000.0,29.719970703125,7.17,5.49,5.86,6.83,5.13,318000.0,5.5,5.73,-0.47396,5.002,5.82,7.38,3087.7931,19.3,6.06,9.346,6.15,6.73,8.5,2242000.0,844.479
1997-12-08,8110.7998046875,2932.5,5187.39990234375,4208.14013671875,6787.7001953125,11722.900390625,1651.5400390625,16131.5703125,46280000.0,0.0,0.0,0.0,50977000.0,0.0,634420000.0,0.0,983.7899780273438,982.3699951171875,490320000.0,34.6099853515625,7.15,5.58,5.86,6.81,5.13,317000.0,5.54,5.76,-0.4806,4.762,5.82,7.36,3068.8684,18.69,6.04,12.677,6.12,6.71,8.5,2230000.0,842.8515
1997-12-15,7922.60009765625,2838.300048828125,5121.7998046875,4029.080078125,6584.7001953125,10435.2001953125,1536.56005859375,15909.3896484375,54110000.0,0.0,0.0,0.0,67544200.0,0.0,792570000.0,0.0,953.3900146484375,963.3900146484375,597150000.0,39.25,7.17,5.4,5.87,6.84,5.1,323000.0,5.53,5.74,-0.48983,4.529,5.83,7.39,3079.8956,18.44,6.07,10.031,6.15,6.72,8.5,2231000.0,839.8288
1997-12-22,7819.2998046875,2869.699951171875,5018.2001953125,4125.5400390625,6595.5,10172.5,1532.06005859375,14799.400390625,50130000.0,0.0,0.0,0.0,39989000.0,0.0,627100000.0,0.0,946.780029296875,953.7000122070312,530670000.0,49.3800048828125,7.07,5.66,5.77,6.74,5.12,310000.0,5.49,5.68,-0.50249,6.33,5.74,7.3,3073.447,18.31,5.96,9.355,6.04,6.65,8.5,2189000.0,842.5788
1997-12-29,7792.39990234375,2939.5,5112.39990234375,4266.02001953125,6650.0,10503.0,1537.449951171875,14775.2197265625,35190000.0,0.0,0.0,0.0,36138800.0,0.0,645090000.0,0.0,936.4600219726562,953.3499755859375,443160000.0,49.3800048828125,6.99,5.44,5.74,6.69,5.27,303000.0,5.55,5.69,-0.51817,5.001,5.72,7.26,3097.2981,18.31,5.9,11.33,5.99,6.57,8.5,2291000.0,847.7821
1998-01-05,7979.0,3072.800048828125,5262.5,4416.9501953125,6742.10009765625,10303.5,1594.1199951171875,14956.83984375,67560000.0,0.0,0.0,0.0,52666100.0,0.0,681560000.0,0.0,975.0399780273438,977.0700073242188,628070000.0,49.3800048828125,7.03,5.45,5.75,6.7,5.24,312000.0,5.52,5.66,-0.53594,4.758,5.71,7.27,3074.4254,17.58,5.93,11.824,6.01,6.61,8.5,2369000.0,851.2524
1998-01-12,7647.2001953125,2862.5,5068.7998046875,4134.64013671875,6240.0,8121.10009765625,1507.5799560546875,14664.4404296875,80340000.0,0.0,0.0,0.0,65043000.0,0.0,698330000.0,0.0,927.6900024414062,939.2100219726562,705450000.0,69.79998779296875,6.94,5.74,5.49,6.55,5.04,331000.0,5.25,5.35,-0.55482,5.031,5.38,7.13,3084.211,16.83,5.75,13.329,5.82,6.55,8.5,2291000.0,854.2842
1998-01-19,7753.5,2987.0,5273.60009765625,4290.0498046875,6475.60009765625,9400.400390625,1562.8800048828125,16262.0400390625,72620000.0,0.0,0.0,0.0,633900.0,0.0,701230000.0,0.0,950.72998046875,961.510009765625,670080000.0,52.28997802734375,6.89,5.45,5.45,6.55,5.0,341000.0,5.18,5.28,-0.57597,5.253,5.32,7.14,3073.729,16.47,5.74,9.761,5.8,6.46,8.5,2241000.0,853.0074
1998-01-26,7712.93994140625,3000.5,5237.2001953125,4266.33984375,6583.10009765625,8973.900390625,1561.4599609375,17073.330078125,52540000.0,0.0,0.0,0.0,2254800.0,0.0,588240000.0,0.0,957.5900268554688,956.9500122070312,555080000.0,52.28997802734375,6.99,5.53,5.59,6.67,5.02,307000.0,5.22,5.36,-0.59647,9.148,5.45,7.24,3090.6437,16.02,5.87,6.41,5.93,6.56,8.5,2275000.0,857.6192
1998-02-02,8107.77978515625,3187.5,5599.0,4529.8798828125,6771.39990234375,10578.599609375,1652.8900146484375,16776.8203125,64720000.0,0.0,0.0,0.0,56052800.0,0.0,808120000.0,0.0,980.280029296875,1001.27001953125,724320000.0,51.6199951171875,7.12,5.53,5.63,6.7,5.06,315000.0,5.28,5.4,-0.6164,6.976,5.48,7.28,3080.1315,17.3,5.89,9.759,5.96,6.7,8.5,2200000.0,856.619
1998-02-09,8180.52001953125,3220.89990234375,5600.89990234375,4519.56005859375,6846.89990234375,10873.2001953125,1690.4300537109375,17205.0,45450000.0,0.0,0.0,0.0,61382100.0,0.0,688620000.0,0.0,1012.4600219726562,1010.739990234375,524810000.0,35.70001220703125,7.03,5.52,5.59,6.69,5.05,311000.0,5.26,5.35,-0.63471,5.696,5.44,7.27,3099.6741,16.65,5.89,10.003,5.96,6.62,8.5,2253000.0,858.3468
1998-02-16,8370.099609375,3225.10009765625,5619.89990234375,4535.56005859375,6985.2001953125,10124.0,1710.4200439453125,16775.51953125,44030000.0,0.0,0.0,0.0,581500.0,0.0,683180000.0,0.0,1024.1400146484375,1020.0900268554688,531940000.0,26.030029296875,7.06,5.43,5.57,6.69,5.07,321000.0,5.28,5.39,-0.64889,5.062,5.47,7.27,3107.9685,16.25,5.89,7.504,5.96,6.65,8.5,2227000.0,858.7907
1998-02-23,8410.2001953125,3273.5,5702.7998046875,4610.66015625,6942.2001953125,10685.2001953125,1751.760009765625,16609.490234375,47940000.0,0.0,0.0,0.0,59821800.0,0.0,731710000.0,0.0,1034.2099609375,1038.1400146484375,550730000.0,26.030029296875,6.99,5.54,5.5,6.62,5.06,327000.0,5.28,5.38,-0.65874,4.969,5.45,7.19,3127.0477,16.03,5.84,8.57,5.9,6.59,8.5,2208000.0,861.8724
1998-03-02,8550.4501953125,3446.699951171875,5820.60009765625,4781.6201171875,7113.10009765625,11318.7998046875,1758.5400390625,17264.33984375,55600000.0,0.0,0.0,0.0,55987200.0,0.0,747030000.0,0.0,1049.3399658203125,1047.699951171875,591470000.0,31.28997802734375,7.09,5.51,5.63,6.71,5.16,317000.0,5.42,5.54,-0.6626,4.4,5.6,7.28,3118.114,15.3,5.94,10.977,6.0,6.69,8.5,2209000.0,865.8935
1998-03-09,8567.1396484375,3525.89990234375,5818.89990234375,4828.89013671875,7228.10009765625,10994.099609375,1725.1600341796875,16972.529296875,60730000.0,0.0,0.0,0.0,73326200.0,0.0,739340000.0,0.0,1055.68994140625,1052.31005859375,624700000.0,27.6800537109375,7.19,5.6,5.75,6.81,5.08,308000.0,5.43,5.61,-0.65975,5.447,5.69,7.4,3146.0865,15.23,6.05,9.981,6.11,6.8,8.5,2208000.0,870.6214
1998-03-16,8718.849609375,3598.300048828125,5785.10009765625,4905.58984375,7427.89990234375,11181.5,1788.1800537109375,16861.140625,49980000.0,0.0,0.0,0.0,53574600.0,0.0,690210000.0,0.0,1068.6099853515625,1079.27001953125,548980000.0,44.409912109375,7.16,5.45,5.62,6.7,4.97,319000.0,5.37,5.53,-0.65333,4.867,5.57,7.3,3152.1906,14.4,5.93,10.402,5.99,6.78,8.5,2237000.0,869.9854
1998-03-23,8816.25,3680.10009765625,5947.0,5014.1298828125,7510.2001953125,11594.2998046875,1792.510009765625,16868.830078125,52570000.0,0.0,0.0,0.0,68979700.0,0.0,731510000.0,0.0,1099.1600341796875,1095.550048828125,631350000.0,34.590087890625,7.08,5.47,5.57,6.66,5.02,321000.0,5.36,5.51,-0.64582,6.294,5.54,7.27,3150.4687,14.04,5.89,10.055,5.95,6.7,8.5,2227000.0,864.9638
1998-03-30,8782.1201171875,3800.199951171875,5911.89990234375,5069.89013671875,7567.89990234375,11503.7998046875,1818.699951171875,16263.0400390625,44030000.0,0.0,0.0,0.0,52133500.0,0.0,655780000.0,0.0,1095.43994140625,1093.5999755859375,497400000.0,23.679931640625,7.08,5.43,5.63,6.69,5.05,312000.0,5.39,5.57,-0.63777,5.181,5.62,7.3,3168.8137,16.42,5.92,9.706,5.99,6.69,8.5,2215000.0,864.5025
1998-04-06,9033.23046875,3986.800048828125,6105.7998046875,5345.89013671875,7645.7998046875,11052.7001953125,1829.1400146484375,15705.990234375,76620000.0,0.0,0.0,0.0,76803500.0,0.0,761070000.0,0.0,1122.699951171875,1121.3800048828125,625810000.0,41.969970703125,7.15,5.6,5.61,6.67,5.0,312000.0,5.36,5.55,-0.63075,5.033,5.58,7.3,3197.983,15.98,5.89,11.85,5.97,6.79,8.5,2166000.0,862.6159
1998-04-13,9012.2998046875,3894.5,6105.5,5312.25,7655.39990234375,11342.0,1824.949951171875,16317.580078125,62320000.0,0.0,0.0,0.0,46967000.0,0.0,631850000.0,0.0,1110.6700439453125,1109.68994140625,564480000.0,36.699951171875,7.09,5.48,5.55,6.64,4.95,304000.0,5.3,5.47,-0.62498,5.044,5.52,7.28,3160.8092,15.55,5.86,9.403,5.93,6.74,8.5,2202000.0,862.9192
1998-04-20,9141.83984375,3885.699951171875,5954.10009765625,5407.93017578125,7754.39990234375,11151.599609375,1887.1400146484375,15697.099609375,60310000.0,0.0,0.0,0.0,58717600.0,0.0,808730000.0,0.0,1122.719970703125,1123.6500244140625,595190000.0,36.699951171875,7.17,5.47,5.61,6.67,4.97,317000.0,5.39,5.56,-0.61923,6.218,5.59,7.31,3182.7905,15.53,5.9,10.645,5.97,6.81,8.5,2210000.0,864.7935
1998-04-27,8917.6396484375,3689.39990234375,5722.39990234375,5002.7099609375,7564.7998046875,10593.7001953125,1820.31005859375,15649.9501953125,78750000.0,0.0,0.0,0.0,50576700.0,0.0,796370000.0,0.0,1107.9000244140625,1086.5400390625,685960000.0,56.280029296875,7.15,5.37,5.67,6.72,4.94,311000.0,5.4,5.6,-0.61249,7.894,5.65,7.35,3152.199,14.5,5.95,13.356,6.03,6.78,8.5,2152000.0,864.2124
1998-05-04,9192.66015625,3974.25,6010.2998046875,5337.75,7737.2998046875,10439.419921875,1878.8599853515625,15601.099609375,50980000.0,0.0,0.0,0.0,50744300.0,0.0,770840000.0,0.0,1121.0,1122.0699462890625,551700000.0,53.820068359375,7.22,5.4,5.75,6.78,4.91,304000.0,5.45,5.66,-0.60514,17.944,5.72,7.4,3136.1565,15.71,6.02,9.706,6.1,6.85,8.5,2135000.0,865.3004
1998-05-11,9091.51953125,4017.239990234375,6028.2998046875,5348.75,7720.7001953125,10096.3701171875,1848.0699462890625,15381.900390625,56820000.0,0.0,0.0,0.0,46398900.0,0.0,723610000.0,0.0,1108.1400146484375,1106.6400146484375,560840000.0,35.989990234375,7.14,5.35,5.68,6.72,4.97,306000.0,5.43,5.59,-0.59807,8.442,5.63,7.34,3157.2057,15.48,5.96,9.977,6.03,6.78,8.5,2140000.0,869.7763
1998-05-18,9050.91015625,3945.31005859375,5826.2001953125,5343.66015625,7684.0,9411.9697265625,1831.6199951171875,15384.4697265625,53140000.0,0.0,0.0,0.0,46871000.0,0.0,685930000.0,0.0,1108.72998046875,1105.8199462890625,519100000.0,29.5,7.19,5.49,5.7,6.74,5.01,315000.0,5.46,5.62,-0.59196,6.055,5.67,7.35,3169.2702,15.03,5.98,6.6,6.06,6.82,8.5,2118000.0,870.8293
1998-05-25,9114.4404296875,4108.7099609375,5955.60009765625,5592.4599609375,7768.2001953125,9544.5302734375,1805.0,15783.1201171875,34130000.0,0.0,0.0,0.0,506700.0,0.0,637350000.0,0.0,1114.6400146484375,1110.469970703125,444070000.0,26.4599609375,7.1,5.6,5.64,6.69,5.08,309000.0,5.45,5.6,-0.58685,5.428,5.63,7.27,3162.9332,13.91,5.92,12.172,6.0,6.75,8.5,2134000.0,877.5548
1998-06-01,8922.3701171875,4041.159912109375,5837.89990234375,5556.990234375,7512.60009765625,8612.009765625,1746.8199462890625,15321.0302734375,54770000.0,0.0,0.0,0.0,59823700.0,0.0,645550000.0,0.0,1090.8199462890625,1090.97998046875,537660000.0,26.4599609375,7.07,5.45,5.57,6.61,4.95,322000.0,5.43,5.56,-0.58104,5.179,5.57,7.21,3182.622,14.99,5.83,7.998,5.93,6.72,8.5,2146000.0,880.3478
1998-06-08,9069.599609375,4204.580078125,6037.7998046875,5787.0498046875,7557.2001953125,8586.6298828125,1787.77001953125,15294.7099609375,49410000.0,0.0,0.0,0.0,48297700.0,0.0,610090000.0,0.0,1113.8599853515625,1115.719970703125,543390000.0,41.5999755859375,7.05,5.63,5.57,6.59,4.95,306000.0,5.42,5.55,-0.57582,5.341,5.57,7.19,3170.7211,15.02,5.8,11.803,5.89,6.7,8.5,2122000.0,884.8955
1998-06-15,8627.9296875,4005.330078125,5715.7001953125,5581.240234375,7104.5,7462.5,1715.75,14825.169921875,58000000.0,0.0,0.0,0.0,63314400.0,0.0,629030000.0,0.0,1098.8399658203125,1077.010009765625,595820000.0,48.989990234375,7.04,5.43,5.51,6.52,5.0,321000.0,5.42,5.52,-0.57003,5.031,5.53,7.13,3202.1568,13.42,5.72,8.06,5.81,6.71,8.5,2159000.0,888.5798
1998-06-22,8711.1298828125,4018.639892578125,5712.5,5648.10986328125,7137.5,8204.2099609375,1805.8199462890625,15309.08984375,45540000.0,0.0,0.0,0.0,60530900.0,0.0,645910000.0,0.0,1100.6500244140625,1103.2099609375,531550000.0,38.199951171875,6.94,5.58,5.47,6.49,5.04,349000.0,5.4,5.51,-0.56499,6.982,5.51,7.1,3183.8341,12.04,5.67,10.636,5.77,6.62,8.5,2188000.0,892.5291
1998-06-29,8997.3603515625,4248.240234375,5884.5,5933.72998046875,7409.39990234375,8460.7099609375,1891.0799560546875,15365.73046875,50170000.0,0.0,0.0,0.0,47051600.0,0.0,659280000.0,0.0,1133.199951171875,1138.489990234375,564350000.0,48.050048828125,6.96,5.42,5.46,6.53,4.93,376000.0,5.41,5.51,-0.56108,12.769,5.5,7.13,3199.5201,14.17,5.65,8.074,5.75,6.64,8.5,2388000.0,891.9707
1998-07-06,9091.76953125,4311.10009765625,5990.2998046875,5942.06005859375,7434.5,8484.1201171875,1909.469970703125,16350.4501953125,48820000.0,0.0,0.0,0.0,39549600.0,0.0,691810000.0,0.0,1146.4200439453125,1157.3299560546875,514750000.0,33.4600830078125,6.98,5.88,5.44,6.51,4.94,362000.0,5.38,5.48,-0.55972,18.717,5.46,7.11,3209.4854,14.41,5.63,12.196,5.73,6.65,8.5,2290000.0,895.0421
1998-07-13,9096.2099609375,4256.35009765625,5958.2001953125,6023.31005859375,7348.89990234375,8099.2001953125,1965.530029296875,16360.3896484375,57050000.0,0.0,0.0,0.0,53994500.0,0.0,776950000.0,0.0,1164.3299560546875,1165.18994140625,574880000.0,33.4600830078125,6.91,5.47,5.41,6.49,4.94,320000.0,5.34,5.43,-0.55911,5.956,5.41,7.09,3169.2134,13.94,5.61,8.932,5.71,6.6,8.5,2323000.0,895.1352
1998-07-20,9295.75,4368.91015625,6179.0,6186.08984375,7432.7001953125,8493.25,2014.25,16570.779296875,58490000.0,0.0,0.0,0.0,54581200.0,0.0,722060000.0,0.0,1186.75,1184.0999755859375,560580000.0,39.699951171875,6.94,5.49,5.49,6.58,5.01,315000.0,5.36,5.46,-0.55552,5.171,5.47,7.17,3198.5098,14.48,5.71,11.519,5.82,6.6,8.5,2339000.0,897.9947
1998-07-27,9028.240234375,4139.52978515625,5836.2001953125,5854.35009765625,7140.60009765625,7984.43017578125,1933.260009765625,15944.3603515625,73130000.0,0.0,0.0,0.0,42954400.0,0.0,715580000.0,0.0,1140.800048828125,1147.27001953125,619990000.0,62.3900146484375,6.96,5.5,5.46,6.56,4.96,335000.0,5.36,5.47,-0.54373,5.155,5.47,7.15,3189.633,13.89,5.68,7.819,5.79,6.63,8.5,2383000.0,896.3997
1998-08-03,8786.740234375,4095.030029296875,5809.7001953125,5774.3798828125,6931.39990234375,7552.77001953125,1851.0999755859375,16165.080078125,65830000.0,0.0,0.0,0.0,44851100.0,0.0,655140000.0,0.0,1120.6700439453125,1112.43994140625,620400000.0,39.75,6.97,5.54,5.5,6.59,4.95,327000.0,5.37,5.48,-0.51981,5.115,5.51,7.2,3182.1747,14.24,5.73,10.05,5.83,6.64,8.5,2336000.0,900.5791
1998-08-10,8574.849609375,3939.449951171875,5587.60009765625,5460.43017578125,6523.7001953125,7034.6201171875,1839.2099609375,15626.419921875,59290000.0,0.0,0.0,0.0,42274000.0,0.0,547010000.0,0.0,1089.449951171875,1083.1400146484375,579180000.0,85.6199951171875,6.94,5.61,5.43,6.54,4.93,316000.0,5.31,5.4,-0.48142,5.234,5.43,7.15,3217.4863,13.83,5.66,10.236,5.74,6.63,8.5,2258000.0,899.6186
1998-08-17,8574.849609375,3983.81005859375,5467.2001953125,5432.02978515625,6404.5,7224.68994140625,1818.0400390625,14794.66015625,67560000.0,0.0,0.0,0.0,52784800.0,0.0,626440000.0,0.0,1062.75,1083.6700439453125,584380000.0,48.5400390625,6.91,5.5,5.4,6.52,4.89,308000.0,5.23,5.34,-0.42975,4.839,5.36,7.14,3211.4759,13.12,5.6,10.616,5.7,6.6,8.5,2210000.0,902.7596
1998-08-24,8566.6103515625,3937.429931640625,5553.7001953125,5253.3798828125,6248.89990234375,7845.47998046875,1790.8199462890625,14988.3603515625,61940000.0,0.0,0.0,0.0,50623100.0,0.0,588240000.0,0.0,1081.239990234375,1088.1400146484375,558100000.0,51.39990234375,6.92,5.59,5.39,6.52,4.92,302000.0,5.24,5.32,-0.3693,5.45,5.32,7.14,3208.8841,13.33,5.53,7.995,5.68,6.61,8.5,2202000.0,904.6352
1998-08-31,7539.06982421875,3765.22998046875,5249.39990234375,4811.27978515625,5530.7001953125,7275.0400390625,1499.25,14107.8896484375,117890000.0,0.0,0.0,0.0,62052000.0,0.0,1003780000.0,0.0,1027.1400146484375,957.280029296875,917500000.0,149.3599853515625,6.92,5.48,5.2,6.52,4.89,310000.0,5.1,5.09,-0.30446,4.905,5.07,7.15,3222.8754,13.65,5.42,9.581,5.57,6.61,8.5,2182000.0,905.0432
1998-09-07,7640.25,3695.35009765625,5347.0,4945.740234375,5742.5,8076.759765625,1566.52001953125,14790.0595703125,96750000.0,0.0,0.0,0.0,81385800.0,0.0,623410000.0,0.0,982.260009765625,973.8900146484375,780300000.0,144.2099609375,6.82,5.61,5.05,6.47,4.76,313000.0,4.91,4.91,-0.24008,5.4,4.92,7.12,3227.532,13.98,5.32,11.243,5.47,6.51,8.5,2160000.0,906.3735
1998-09-14,7945.35009765625,3714.81005859375,5268.60009765625,4893.509765625,5879.39990234375,7661.85986328125,1665.68994140625,14227.3701171875,89750000.0,0.0,0.0,0.0,55656800.0,0.0,686720000.0,0.0,1009.0599975585938,1029.719970703125,714400000.0,144.2099609375,6.77,5.47,4.9,6.43,4.73,304000.0,4.76,4.74,-0.17758,5.396,4.72,7.07,3237.4511,14.45,5.26,9.488,5.41,6.43,8.5,2190000.0,907.9648
1998-09-21,7933.25,3342.64990234375,4990.2998046875,4439.1298828125,5774.2998046875,7170.22998046875,1680.4300537109375,13597.2998046875,77720000.0,0.0,0.0,0.0,43951800.0,0.0,548670000.0,0.0,1020.0900268554688,1023.8900146484375,609880000.0,76.35992431640625,6.66,5.54,4.83,6.42,4.62,305000.0,4.76,4.7,-0.11714,5.869,4.62,7.1,3241.7274,14.88,5.21,8.882,5.38,6.35,8.5,2114000.0,913.7902
1998-09-28,8108.83984375,3337.639892578125,5093.5,4677.56005859375,5869.2998046875,7946.0400390625,1739.219970703125,13909.3701171875,74480000.0,0.0,0.0,0.0,47906500.0,0.0,696680000.0,0.0,1044.75,1048.68994140625,690500000.0,72.28997802734375,6.64,5.42,4.67,6.37,4.53,294000.0,4.61,4.53,-0.06082,7.144,4.48,7.07,3228.6843,15.78,5.14,8.002,5.34,6.32,8.5,2148000.0,915.3837
1998-10-05,7726.240234375,2979.889892578125,4648.7001953125,3970.989990234375,5336.2001953125,7564.5400390625,1536.68994140625,12948.1201171875,98080000.0,0.0,0.0,0.0,61448400.0,0.0,877180000.0,0.0,1002.5999755859375,988.5599975585938,817500000.0,96.739990234375,6.6,5.58,4.46,6.25,4.26,302000.0,4.41,4.31,-0.01339,6.989,4.24,7.01,3254.7726,15.83,5.0,9.52,5.19,6.27,8.46,2156000.0,913.3035
1998-10-12,8001.47021484375,3263.320068359375,5037.7001953125,4271.6298828125,5481.7998046875,8990.26953125,1546.0799560546875,13555.009765625,74370000.0,0.0,0.0,0.0,59523100.0,0.0,764820000.0,0.0,984.3900146484375,997.7100219726562,691100000.0,87.3900146484375,6.49,5.22,4.41,6.25,3.96,316000.0,4.18,4.11,0.02011,5.779,4.18,7.05,3240.0393,15.02,4.88,9.649,5.16,6.15,8.25,2167000.0,920.1902
1998-10-19,8466.4501953125,3395.35009765625,5077.5,4466.18017578125,5832.2998046875,9599.0498046875,1648.72998046875,13567.2001953125,72630000.0,0.0,0.0,0.0,56590100.0,0.0,840920000.0,0.0,1056.4200439453125,1062.3900146484375,738600000.0,112.16998291015625,6.9,5.14,4.58,6.45,3.84,318000.0,4.14,4.05,0.03322,5.48,4.22,7.25,3270.695,14.21,5.02,7.114,5.39,6.58,8.25,2168000.0,927.5888
1998-10-26,8432.2099609375,3449.47998046875,5231.5,4579.64013671875,5929.0,9778.91015625,1724.97998046875,13843.4599609375,57130000.0,0.0,0.0,0.0,63039400.0,0.0,815570000.0,0.0,1070.6700439453125,1072.3199462890625,609910000.0,36.570068359375,6.73,4.87,4.59,6.47,3.85,309000.0,4.01,4.07,0.02323,5.322,4.17,7.28,3261.9953,13.81,5.08,9.725,5.42,6.34,8.04,2169000.0,934.1211
1998-11-02,8706.150390625,3569.60009765625,5525.5,4762.47021484375,6315.7001953125,10170.080078125,1800.9100341796875,13952.75,80840000.0,0.0,0.0,0.0,80561000.0,0.0,889150000.0,0.0,1098.6700439453125,1111.5999755859375,753800000.0,54.7899169921875,6.83,4.95,4.63,6.44,4.12,308000.0,4.1,4.1,-0.00366,5.326,4.22,7.26,3268.6164,14.34,5.12,7.751,5.35,6.48,8.0,2162000.0,938.7155
1998-11-09,8897.9599609375,3585.320068359375,5433.89990234375,4762.3798828125,6341.39990234375,9851.9296875,1861.050048828125,14194.5400390625,61020000.0,0.0,0.0,0.0,55723800.0,0.0,845730000.0,0.0,1141.010009765625,1130.199951171875,592990000.0,55.3699951171875,6.89,5.22,4.83,6.56,4.43,316000.0,4.46,4.4,-0.03936,5.03,4.45,7.42,3277.1221,14.13,5.29,11.301,5.54,6.5,8.0,2195000.0,940.606
1998-11-16,9011.25,3621.85009765625,5510.5,4785.759765625,6357.2998046875,10298.08984375,1861.6800537109375,14428.26953125,68030000.0,0.0,0.0,0.0,7774900.0,0.0,754180000.0,0.0,1125.719970703125,1135.8699951171875,615580000.0,25.75,6.93,4.8,4.82,6.44,4.42,334000.0,4.52,4.52,-0.0725,5.256,4.51,7.34,3283.9198,13.63,5.27,7.499,5.48,6.57,8.0,2177000.0,942.6834
1998-11-23,9374.26953125,3845.81005859375,5848.39990234375,5024.509765625,6672.89990234375,10514.5302734375,1977.4200439453125,14779.9404296875,84080000.0,0.0,0.0,0.0,82789500.0,0.0,951040000.0,0.0,1163.550048828125,1188.2099609375,774100000.0,71.449951171875,6.86,4.89,4.85,6.39,4.35,304000.0,4.54,4.62,-0.10098,4.801,4.59,7.33,3278.2433,12.4,5.26,9.513,5.46,6.51,7.96,2207000.0,944.3845
1998-11-30,9116.5498046875,3843.3798828125,5743.89990234375,5026.14013671875,6343.89990234375,10402.3203125,1949.5400390625,14883.7001953125,72220000.0,0.0,0.0,0.0,80760900.0,0.0,1106520000.0,0.0,1192.3299560546875,1163.6300048828125,687900000.0,61.6300048828125,6.78,4.54,4.83,6.28,4.47,310000.0,4.59,4.64,-0.1216,5.026,4.62,7.28,3312.2922,11.62,5.21,7.117,5.46,6.44,7.75,2236000.0,942.5248
1998-12-07,9070.4697265625,3771.219970703125,5576.7001953125,4721.169921875,6366.89990234375,10428.8203125,2040.6400146484375,14723.490234375,53310000.0,0.0,0.0,0.0,56922200.0,0.0,810730000.0,0.0,1176.739990234375,1187.699951171875,671200000.0,43.3599853515625,6.71,4.86,4.64,6.18,4.38,326000.0,4.46,4.43,-0.13695,5.304,4.39,7.19,3292.4215,11.28,5.05,10.897,5.31,6.37,7.75,2239000.0,938.8782
1998-12-14,8695.599609375,3663.2099609375,5534.5,4563.259765625,6217.7001953125,9825.2099609375,1966.9200439453125,14111.6201171875,71520000.0,0.0,0.0,0.0,93396700.0,0.0,742440000.0,0.0,1166.4599609375,1141.199951171875,741800000.0,56.6400146484375,6.69,4.68,4.6,6.18,4.36,305000.0,4.49,4.45,-0.1529,5.035,4.39,7.19,3294.8539,11.16,5.0,6.813,5.29,6.34,7.75,2205000.0,942.5196
1998-12-21,8988.849609375,3803.409912109375,5876.5,4826.7001953125,6381.0,10396.009765625,2138.030029296875,14152.9501953125,77840000.0,0.0,0.0,0.0,64476400.0,0.0,958380000.0,0.0,1188.030029296875,1202.8399658203125,744800000.0,73.989990234375,6.69,4.97,4.59,6.19,4.37,297000.0,4.47,4.43,-0.17192,6.324,4.36,7.21,3290.1898,11.5,5.01,11.077,5.32,6.35,7.75,2171000.0,941.2488
1998-12-28,9226.75,3873.10009765625,5867.2001953125,5040.14990234375,6465.39990234375,10170.1396484375,2180.300048828125,13709.0595703125,45910000.0,0.0,0.0,0.0,19907900.0,0.0,861880000.0,0.0,1226.27001953125,1225.489990234375,531560000.0,75.2000732421875,6.77,4.69,4.75,6.29,4.44,336000.0,4.63,4.67,-0.19377,5.434,4.59,7.29,3304.5406,11.0,5.16,9.136,5.47,6.41,7.75,2266000.0,936.2901
1999-01-04,9184.26953125,4147.5,5879.39990234375,5290.35986328125,6554.2998046875,9809.169921875,2208.050048828125,13415.8896484375,89410000.0,0.0,689690000.0,0.0,36011400.0,0.0,936660000.0,0.0,1229.22998046875,1228.0999755859375,877000000.0,75.2000732421875,6.83,4.48,4.7,6.26,4.44,331000.0,4.59,4.61,-0.21494,7.195,4.59,7.27,3282.9424,11.83,5.12,8.978,5.42,6.48,7.75,2303000.0,936.7789
1999-01-11,9619.8896484375,4201.89990234375,6085.0,5266.47021484375,6842.2998046875,10634.26953125,2384.590087890625,13368.48046875,98720000.0,0.0,410137000.0,0.0,65225200.0,0.0,1140930000.0,0.0,1275.0899658203125,1263.8800048828125,818000000.0,59.1400146484375,6.79,4.3,4.76,6.28,4.36,345000.0,4.55,4.64,-0.23276,5.992,4.63,7.34,3313.4812,12.67,5.2,14.287,5.47,6.43,7.75,2289000.0,939.1873
1999-01-18,9340.5498046875,4151.68017578125,6123.89990234375,5076.85009765625,6822.7998046875,10402.5400390625,2348.199951171875,13805.0595703125,79440000.0,0.0,619850000.0,0.0,718700.0,0.0,1001160000.0,0.0,1212.18994140625,1243.260009765625,798100000.0,72.780029296875,6.83,4.75,4.75,6.26,4.35,339000.0,4.51,4.61,-0.2488,5.423,4.61,7.3,3303.7761,12.62,5.17,4.803,5.49,6.48,7.75,2316000.0,938.7292
1999-01-25,9203.3203125,4050.800048828125,5880.89990234375,4988.58984375,6618.5,9499.5,2369.31005859375,14208.8095703125,89250000.0,0.0,381671000.0,0.0,51320900.0,0.0,870960000.0,0.0,1225.18994140625,1233.97998046875,723900000.0,72.780029296875,6.78,4.64,4.7,6.22,4.26,311000.0,4.49,4.63,-0.26391,7.296,4.6,7.26,3317.303,12.26,5.14,11.452,5.44,6.42,7.75,2269000.0,939.3774
1999-02-01,9345.7001953125,4303.919921875,6012.39990234375,5239.60009765625,6765.39990234375,9599.5498046875,2510.090087890625,14465.1796875,77790000.0,0.0,586046000.0,0.0,63036500.0,0.0,957110000.0,0.0,1279.6400146484375,1273.0,799400000.0,65.780029296875,6.74,4.66,4.67,6.19,4.35,305000.0,4.51,4.59,-0.28069,6.963,4.56,7.24,3305.4317,12.46,5.12,8.616,5.39,6.37,7.75,2259000.0,936.7842
1999-02-08,9291.1103515625,4154.02001953125,5834.89990234375,5052.43994140625,6583.7998046875,9139.599609375,2404.919921875,13992.490234375,72880000.0,0.0,440523000.0,0.0,59625600.0,0.0,881780000.0,0.0,1239.4000244140625,1243.77001953125,705400000.0,51.77001953125,6.75,4.75,4.84,6.32,4.4,291000.0,4.61,4.73,-0.30025,6.876,4.76,7.34,3315.6173,12.16,5.26,7.767,5.53,6.38,7.75,2253000.0,934.745
1999-02-15,9274.8896484375,4065.18994140625,6023.2001953125,4888.9501953125,6447.60009765625,9402.3896484375,2321.889892578125,14054.7197265625,78430000.0,0.0,354578000.0,0.0,541700.0,0.0,837560000.0,0.0,1254.0400390625,1230.1300048828125,691500000.0,60.3399658203125,6.77,4.77,4.95,6.38,4.4,312000.0,4.67,4.81,-0.32226,4.865,4.84,7.37,3309.6154,11.81,5.35,9.732,5.62,6.4,7.75,2253000.0,935.8125
1999-02-22,9552.6796875,4165.85986328125,6069.89990234375,4887.7001953125,6504.60009765625,9229.33984375,2342.010009765625,14256.669921875,81950000.0,0.0,469166000.0,0.0,54747200.0,0.0,843510000.0,0.0,1239.219970703125,1272.1400146484375,718500000.0,60.3399658203125,6.82,4.75,5.03,6.37,4.42,302000.0,4.71,4.93,-0.34514,4.223,4.96,7.38,3327.712,11.66,5.36,7.71,5.69,6.46,7.75,2237000.0,935.5142
1999-03-01,9324.7802734375,4032.050048828125,6060.89990234375,4779.06982421875,6302.2001953125,10020.4599609375,2295.179931640625,14221.75,104740000.0,0.0,467096000.0,0.0,51775400.0,0.0,770800000.0,0.0,1238.3299560546875,1236.1600341796875,699500000.0,61.9599609375,6.89,4.75,5.18,6.51,4.53,301000.0,4.82,5.05,-0.36563,4.998,5.11,7.47,3296.8134,12.36,5.49,8.755,5.8,6.51,7.75,2219000.0,935.8403
1999-03-08,9727.6103515625,4175.97021484375,6208.89990234375,4791.43017578125,6503.39990234375,10263.990234375,2397.6201171875,14779.0498046875,78540000.0,0.0,433866000.0,0.0,70641300.0,0.0,970750000.0,0.0,1275.469970703125,1282.72998046875,714600000.0,66.7099609375,7.06,4.85,5.38,6.69,4.52,300000.0,4.89,5.18,-0.38193,4.974,5.29,7.61,3334.1059,12.9,5.65,9.019,5.93,6.7,7.75,2238000.0,939.4483
1999-03-15,9958.76953125,4185.1201171875,6206.7998046875,5043.22998046875,6606.0,10836.8603515625,2431.43994140625,15779.599609375,78860000.0,0.0,1020475000.0,0.0,55409000.0,0.0,851480000.0,0.0,1294.5899658203125,1307.260009765625,727200000.0,60.8299560546875,7.11,4.8,5.21,6.6,4.48,308000.0,4.77,5.05,-0.3947,5.087,5.13,7.52,3318.6,14.19,5.56,9.688,5.86,6.75,7.75,2232000.0,938.7616
1999-03-22,9890.509765625,4197.06005859375,6152.7998046875,5034.68017578125,6596.60009765625,11107.240234375,2395.93994140625,16378.7802734375,61210000.0,0.0,473538000.0,0.0,55154200.0,0.0,874200000.0,0.0,1299.2900390625,1297.010009765625,658200000.0,34.64990234375,7.01,4.79,5.14,6.55,4.42,305000.0,4.74,5.0,-0.40367,6.313,5.05,7.47,3322.6604,14.91,5.5,7.758,5.78,6.64,7.75,2247000.0,944.0333
1999-03-29,10006.7802734375,4153.64990234375,6252.89990234375,4867.2099609375,6652.7998046875,10688.4697265625,2492.840087890625,16008.83984375,69040000.0,0.0,438246000.0,0.0,54800800.0,0.0,876200000.0,0.0,1282.800048828125,1310.1700439453125,747900000.0,67.389892578125,6.98,4.79,5.2,6.62,4.39,298000.0,4.75,5.02,-0.40968,5.309,5.11,7.53,3319.4513,15.55,5.58,8.856,5.87,6.61,7.75,2191000.0,949.45
1999-04-05,10007.330078125,4229.85009765625,6330.0,4901.81005859375,6739.7001953125,11072.98046875,2560.06005859375,16334.7802734375,71120000.0,0.0,529933000.0,0.0,33460500.0,0.0,977920000.0,0.0,1293.719970703125,1321.1199951171875,695800000.0,57.169921875,6.98,4.84,5.24,6.7,4.35,310000.0,4.72,4.99,-0.41435,5.16,5.12,7.56,3327.06,16.61,5.63,10.029,5.92,6.58,7.75,2280000.0,948.9716
1999-04-12,10339.509765625,4355.0,6441.2001953125,5167.5498046875,6938.89990234375,11744.740234375,2598.81005859375,16507.400390625,84540000.0,0.0,460944000.0,0.0,55948200.0,0.0,1143330000.0,0.0,1348.3499755859375,1358.6300048828125,810800000.0,57.169921875,6.92,4.8,5.11,6.59,4.29,319000.0,4.66,4.91,-0.4188,5.644,5.0,7.45,3315.1031,16.45,5.5,8.422,5.78,6.53,7.75,2247000.0,947.8584
1999-04-19,10440.5302734375,4379.33984375,6515.2998046875,5252.39990234375,6907.7001953125,12766.4404296875,2345.610107421875,16674.2109375,145000000.0,0.0,522511000.0,0.0,11712200.0,0.0,1200990000.0,0.0,1319.0,1289.47998046875,1214400000.0,77.9000244140625,6.87,4.68,5.14,6.6,4.2,314000.0,4.67,4.96,-0.42375,4.853,5.05,7.44,3339.4762,16.77,5.51,8.365,5.78,6.47,7.75,2230000.0,947.9688
1999-04-26,10718.58984375,4284.39990234375,6503.60009765625,5269.1201171875,7052.10009765625,13127.01953125,2652.050048828125,16918.509765625,86860000.0,0.0,463347000.0,0.0,62220800.0,0.0,1050470000.0,0.0,1356.8499755859375,1360.0400390625,712000000.0,79.4400634765625,6.88,4.61,5.2,6.65,4.26,291000.0,4.7,5.0,-0.42857,6.79,5.1,7.48,3327.075,17.93,5.56,8.435,5.83,6.51,7.75,2193000.0,949.6729
1999-05-03,11014.6904296875,4442.83984375,6552.2001953125,5383.22021484375,7082.0,13337.0703125,2535.580078125,16701.529296875,94430000.0,0.0,519794000.0,0.0,58924100.0,0.0,866010000.0,0.0,1335.1800537109375,1354.6300048828125,811400000.0,56.9801025390625,6.93,4.79,5.26,6.68,4.39,296000.0,4.73,5.03,-0.43278,7.182,5.15,7.5,3323.0574,18.23,5.58,7.815,5.85,6.55,7.75,2226000.0,944.5348
1999-05-10,11007.25,4347.14990234375,6348.7998046875,5261.009765625,6997.10009765625,13163.2001953125,2526.389892578125,16977.009765625,91670000.0,0.0,439692000.0,0.0,50564500.0,0.0,831130000.0,0.0,1345.0,1340.300048828125,773300000.0,40.06005859375,7.02,4.9,5.45,6.85,4.49,310000.0,4.78,5.13,-0.43401,7.888,5.32,7.64,3338.2299,18.62,5.74,13.275,6.01,6.61,7.75,2200000.0,943.0784
1999-05-17,10853.4697265625,4248.93994140625,6165.7998046875,5102.0,6873.60009765625,12588.599609375,2561.840087890625,16421.01953125,78880000.0,0.0,412365000.0,0.0,63338200.0,0.0,787680000.0,0.0,1337.800048828125,1339.489990234375,665500000.0,54.7900390625,7.1,4.7,5.53,6.91,4.48,301000.0,4.79,5.19,-0.42958,5.307,5.39,7.69,3338.1017,18.0,5.83,7.933,6.09,6.71,7.75,2232000.0,943.3714
1999-05-24,10654.669921875,4398.1298828125,6322.10009765625,5253.77001953125,6966.0,12436.8603515625,2453.659912109375,16390.490234375,92340000.0,0.0,369539000.0,0.0,52357400.0,0.0,919880000.0,0.0,1330.2900390625,1306.6500244140625,754700000.0,64.030029296875,7.23,4.76,5.61,6.99,4.51,298000.0,4.89,5.34,-0.41881,5.157,5.53,7.77,3331.982,17.18,5.85,11.843,6.12,6.83,7.75,2223000.0,939.7842
1999-05-31,10559.740234375,4351.2900390625,6226.2001953125,5068.58984375,6841.7998046875,12147.1201171875,2470.52001953125,16111.650390625,72820000.0,0.0,484224000.0,0.0,607700.0,0.0,681570000.0,0.0,1281.4100341796875,1301.8399658203125,649960000.0,73.179931640625,7.23,4.73,5.56,6.99,4.52,303000.0,4.93,5.35,-0.40268,4.888,5.51,7.79,3339.147,17.07,5.8,7.617,6.11,6.84,7.75,2191000.0,941.7776
1999-06-07,10909.3798828125,4404.240234375,6412.0,5212.85986328125,7010.7998046875,12837.3896484375,2524.2099609375,16475.890625,84220000.0,0.0,418248000.0,0.0,61941700.0,0.0,874770000.0,0.0,1327.75,1334.52001953125,664300000.0,73.179931640625,7.41,4.65,5.8,7.13,4.53,303000.0,5.08,5.55,-0.38378,4.897,5.75,7.92,3347.9896,16.77,5.95,12.579,6.27,7.04,7.75,2194000.0,945.0938
1999-06-14,10563.330078125,4372.39013671875,6430.2001953125,5291.52001953125,6895.60009765625,13007.5703125,2398.31005859375,17188.8203125,67040000.0,0.0,919104000.0,0.0,49794600.0,0.0,835470000.0,0.0,1293.6400146484375,1294.0,669400000.0,48.5400390625,7.51,4.71,5.89,7.21,4.5,290000.0,5.12,5.62,-0.3643,4.855,5.81,7.99,3337.6909,17.96,6.03,7.08,6.35,7.13,7.75,2215000.0,947.3995
1999-06-21,10815.98046875,4545.08984375,6581.2998046875,5468.47021484375,6995.10009765625,13994.23046875,2630.280029296875,17738.849609375,74690000.0,0.0,534898000.0,0.0,64208800.0,0.0,903880000.0,0.0,1342.8399658203125,1349.0,686600000.0,61.1800537109375,7.65,4.73,5.91,7.24,4.56,292000.0,5.03,5.6,-0.34577,5.449,5.8,8.02,3337.4596,18.21,6.05,10.022,6.37,7.26,7.75,2183000.0,951.142
1999-06-28,10655.150390625,4465.22998046875,6405.7998046875,5356.9501953125,6916.7998046875,13840.2900390625,2602.43994140625,17610.580078125,71640000.0,0.0,392607000.0,0.0,61737000.0,0.0,761900000.0,0.0,1315.31005859375,1331.3499755859375,652910000.0,42.6500244140625,7.63,4.71,5.98,7.31,4.61,291000.0,5.14,5.69,-0.32756,7.023,5.88,8.1,3359.1286,18.05,6.11,5.308,6.45,7.28,7.75,2177000.0,950.3684
1999-07-05,11139.240234375,4697.83984375,6592.0,5625.6201171875,7254.5,14506.740234375,2741.02001953125,18135.060546875,65820000.0,0.0,583278000.0,0.0,563700.0,0.0,850020000.0,0.0,1380.9599609375,1391.219970703125,613570000.0,82.75,7.71,4.95,5.87,7.24,4.63,287000.0,5.11,5.61,-0.30801,6.823,5.76,8.01,3349.2619,19.04,6.03,11.31,6.34,7.34,7.75,2202000.0,951.7642
1999-07-12,11200.98046875,4662.27978515625,6545.5,5652.02001953125,7193.2001953125,14061.83984375,2790.43994140625,18274.1796875,75300000.0,0.0,564562000.0,0.0,53917100.0,0.0,981370000.0,0.0,1403.280029296875,1399.0999755859375,685300000.0,82.75,7.65,5.0,5.87,7.23,4.55,288000.0,5.06,5.62,-0.2847,5.766,5.75,7.98,3361.5134,19.87,6.04,6.763,6.33,7.3,8.0,2171000.0,952.7421
1999-07-19,11187.6796875,4618.75,6483.7001953125,5624.740234375,7275.89990234375,13447.1298828125,2830.2900390625,18532.580078125,79780000.0,0.0,381659000.0,0.0,46348200.0,0.0,945950000.0,0.0,1418.780029296875,1407.6500244140625,642330000.0,33.8199462890625,7.58,4.97,5.72,7.09,4.57,309000.0,5.01,5.52,-0.25663,5.264,5.61,7.86,3364.0255,20.21,5.91,8.281,6.2,7.19,8.0,2226000.0,957.1066
1999-07-26,10863.16015625,4395.91015625,6169.10009765625,5206.43994140625,6984.2001953125,12866.51953125,2619.18994140625,17491.33984375,69510000.0,0.0,457057000.0,0.0,57735300.0,0.0,843850000.0,0.0,1356.93994140625,1347.760009765625,613450000.0,74.1300048828125,7.52,4.96,5.72,7.15,4.5,306000.0,4.98,5.49,-0.22697,5.056,5.61,7.91,3349.6926,19.89,5.94,6.379,6.23,7.16,8.0,2203000.0,958.979
1999-08-02,10645.9599609375,4377.8701171875,6288.2998046875,5129.5,7081.0,13435.4296875,2623.6298828125,17825.69921875,68670000.0,0.0,408957000.0,0.0,59918100.0,0.0,754220000.0,0.0,1328.719970703125,1328.050048828125,649550000.0,45.320068359375,7.7,5.01,5.86,7.29,4.59,300000.0,5.07,5.59,-0.19936,4.901,5.75,8.04,3345.784,20.62,6.05,9.296,6.34,7.29,8.0,2164000.0,962.4103
1999-08-09,10707.7001953125,4292.89990234375,6126.5,5087.2998046875,6863.7001953125,12945.4697265625,2518.97998046875,17190.44921875,81310000.0,0.0,384825000.0,0.0,58071500.0,0.0,748210000.0,0.0,1300.2900390625,1297.800048828125,684300000.0,63.6900634765625,7.89,5.06,5.95,7.38,4.65,295000.0,5.13,5.64,-0.17588,5.105,5.86,8.13,3351.9441,20.54,6.12,8.5,6.42,7.45,8.0,2192000.0,964.2395
1999-08-16,11046.7900390625,4458.75,6235.39990234375,5257.10009765625,7045.7001953125,12894.7802734375,2645.280029296875,17826.029296875,65130000.0,0.0,364238000.0,0.0,53607100.0,0.0,781570000.0,0.0,1327.6800537109375,1330.77001953125,583550000.0,63.320068359375,8.15,4.96,6.08,7.53,4.72,292000.0,5.23,5.77,-0.15922,5.1,5.97,8.27,3353.8055,21.44,6.19,7.356,6.52,7.7,8.0,2176000.0,965.5933
1999-08-23,11299.759765625,4487.35009765625,6322.10009765625,5301.97998046875,7175.0,13573.66015625,2719.570068359375,18233.55078125,85070000.0,0.0,451157000.0,0.0,65058300.0,0.0,915630000.0,0.0,1336.6099853515625,1360.219970703125,682600000.0,62.0799560546875,7.93,5.03,5.91,7.37,4.65,286000.0,5.2,5.68,-0.14926,5.08,5.81,8.14,3347.5134,21.62,6.03,7.564,6.43,7.53,8.0,2185000.0,966.217
1999-08-30,10914.1298828125,4657.43994140625,6375.2001953125,5392.52978515625,7039.7001953125,13688.66015625,2712.68994140625,17918.970703125,70320000.0,0.0,390603000.0,0.0,49125800.0,0.0,795940000.0,0.0,1348.27001953125,1324.02001953125,597900000.0,60.0399169921875,7.8,5.02,5.81,7.29,4.81,290000.0,5.19,5.61,-0.14198,4.851,5.71,8.06,3363.5304,21.21,5.93,7.279,6.35,7.43,8.04,2168000.0,971.6606
1999-09-06,11078.4501953125,4668.0400390625,6375.7001953125,5400.5498046875,7006.10009765625,13385.16015625,2843.110107421875,17756.509765625,79660000.0,0.0,335106000.0,0.0,57493800.0,0.0,910410000.0,0.0,1319.1099853515625,1357.239990234375,663200000.0,76.9100341796875,7.83,5.34,5.97,7.44,4.82,290000.0,5.29,5.72,-0.13345,5.403,5.86,8.21,3364.308,21.88,6.08,8.871,6.5,7.45,8.25,2157000.0,975.8145
1999-09-13,11030.330078125,4716.77978515625,6169.0,5446.91015625,7118.10009765625,13860.849609375,2844.77001953125,17909.2890625,67130000.0,0.0,403331000.0,0.0,59444600.0,0.0,984440000.0,0.0,1351.6600341796875,1344.1300048828125,657900000.0,76.9100341796875,7.88,5.16,5.94,7.43,4.67,281000.0,5.28,5.68,-0.12123,5.113,5.82,8.2,3366.917,23.0,6.07,8.069,6.51,7.49,8.25,2163000.0,975.4876
1999-09-20,10823.900390625,4680.490234375,6056.5,5351.97998046875,7049.10009765625,13472.3701171875,2886.14990234375,17575.259765625,57670000.0,0.0,477328000.0,0.0,47730500.0,0.0,803340000.0,0.0,1335.4200439453125,1335.530029296875,568000000.0,57.6500244140625,7.82,5.24,5.92,7.4,4.61,281000.0,5.26,5.66,-0.10595,5.48,5.8,8.18,3383.7367,24.28,6.08,7.031,6.52,7.43,8.25,2170000.0,975.0701
1999-09-27,10303.3896484375,4596.60009765625,6078.60009765625,5239.64013671875,6895.7001953125,12760.4599609375,2761.75,16821.060546875,79050000.0,0.0,585408000.0,0.0,83484300.0,0.0,942310000.0,0.0,1277.3599853515625,1283.31005859375,780600000.0,74.5400390625,7.76,5.16,5.88,7.35,4.65,306000.0,5.23,5.64,-0.0891,7.512,5.77,8.19,3367.4255,24.53,6.06,7.849,6.46,7.4,8.25,2158000.0,973.4625
1999-10-04,10401.23046875,4603.240234375,6052.89990234375,5218.85986328125,7042.2998046875,12875.8603515625,2795.969970703125,17763.7109375,99080000.0,0.0,445882000.0,0.0,61633900.0,0.0,914660000.0,0.0,1282.81005859375,1304.5999755859375,803300000.0,48.3399658203125,7.7,5.27,5.92,7.39,4.71,309000.0,5.24,5.66,-0.07303,7.403,5.81,8.24,3368.7544,24.58,6.09,6.627,6.5,7.35,8.25,2139000.0,975.9842
1999-10-11,10648.1796875,4722.35009765625,6234.7998046875,5414.5,7116.0,12992.7197265625,2915.949951171875,18062.1796875,71710000.0,0.0,449854000.0,0.0,60921400.0,0.0,873260000.0,0.0,1336.02001953125,1335.2099609375,655900000.0,73.449951171875,7.82,5.27,6.02,7.47,4.69,291000.0,5.34,5.78,-0.06172,5.457,5.95,8.28,3386.3394,22.72,6.17,8.123,6.58,7.43,8.25,2105000.0,972.3734
1999-10-18,10116.2802734375,4495.2998046875,5869.2001953125,5156.27978515625,6868.2001953125,12299.080078125,2689.14990234375,17275.330078125,91680000.0,0.0,419844000.0,0.0,47709200.0,0.0,997350000.0,0.0,1247.4100341796875,1254.1300048828125,818700000.0,105.530029296875,7.85,5.17,6.11,7.58,4.84,287000.0,5.42,5.85,-0.06077,5.235,6.03,8.4,3394.6545,22.54,6.28,5.916,6.68,7.45,8.25,2102000.0,969.8104
1999-10-25,10349.9296875,4669.27978515625,6009.39990234375,5320.39990234375,7058.2998046875,13034.1796875,2815.949951171875,17648.7890625,99380000.0,0.0,664108000.0,0.0,46187300.0,0.0,933190000.0,0.0,1301.6500244140625,1293.6300048828125,777000000.0,75.110107421875,7.93,5.18,6.18,7.64,4.97,280000.0,5.47,5.92,-0.0704,5.421,6.09,8.44,3394.728,22.65,6.34,7.146,6.74,7.53,8.25,2086000.0,978.6103
1999-11-01,10648.509765625,4888.6201171875,6284.0,5524.919921875,7271.2998046875,13322.1103515625,2967.64990234375,17996.919921875,150060000.0,0.0,444313000.0,12728800.0,51292700.0,0.0,1076080000.0,0.0,1362.9300537109375,1354.1199951171875,861000000.0,92.6900634765625,7.96,5.18,6.16,7.55,4.96,285000.0,5.51,5.92,-0.08914,5.206,6.09,8.42,3407.2555,22.5,6.3,5.095,6.68,7.57,8.25,2082000.0,982.2491
1999-11-08,10718.849609375,4994.77001953125,6374.2998046875,5647.93994140625,7287.7998046875,13521.1103515625,3143.969970703125,18240.98046875,213120000.0,0.0,492501000.0,23301600.0,64241100.0,0.0,1300800000.0,0.0,1370.22998046875,1377.010009765625,806800000.0,45.0400390625,7.84,5.27,6.0,7.34,4.98,282000.0,5.45,5.78,-0.11284,4.968,5.95,8.27,3416.4659,22.72,6.12,8.359,6.48,7.45,8.25,2099000.0,992.7096
1999-11-15,10760.75,5178.1298828125,6533.60009765625,5859.2900390625,7600.2001953125,14562.2197265625,3219.5400390625,18198.08984375,130860000.0,0.0,698814000.0,34556800.0,62632900.0,0.0,1283340000.0,0.0,1396.06005859375,1394.3900146484375,795700000.0,38.5999755859375,7.67,5.2,5.96,7.29,5.05,281000.0,5.5,5.78,-0.13654,4.814,5.88,8.13,3412.317,24.22,6.06,4.488,6.42,7.3,8.25,2035000.0,997.7636
1999-11-22,11089.51953125,5147.9599609375,6442.0,5819.89013671875,7645.2998046875,15285.0302734375,3392.56005859375,18822.119140625,181940000.0,0.0,637864000.0,37488700.0,71912100.0,0.0,1374760000.0,0.0,1422.0,1420.93994140625,873500000.0,56.77001953125,7.69,5.44,6.02,7.34,5.1,276000.0,5.56,5.87,-0.15498,4.726,5.95,8.06,3414.5216,26.05,6.11,8.568,6.44,7.31,8.29,2111000.0,1000.344
1999-11-29,10947.919921875,5373.91015625,6692.2998046875,5888.8798828125,7772.10009765625,15461.1103515625,3421.3701171875,18850.26953125,148330000.0,0.0,602630000.0,29018400.0,59825100.0,0.0,1543750000.0,0.0,1416.6199951171875,1407.8299560546875,866100000.0,30.9200439453125,7.75,5.52,6.1,7.41,5.12,288000.0,5.65,5.96,-0.16185,5.34,6.03,8.12,3455.7942,27.35,6.22,4.095,6.53,7.36,8.5,2098000.0,1001.1458
1999-12-06,11225.009765625,5509.97021484375,6694.0,6142.18994140625,7857.5,16168.6201171875,3546.010009765625,18507.19921875,134760000.0,0.0,640360000.0,40902000.0,86028900.0,0.0,1373230000.0,0.0,1433.300048828125,1423.3299560546875,916800000.0,60.4700927734375,7.84,5.63,6.2,7.5,5.13,287000.0,5.73,6.03,-0.15931,5.107,6.13,8.17,3465.317,25.46,6.3,7.621,6.64,7.46,8.5,2094000.0,1005.1708
1999-12-13,11192.58984375,5535.759765625,6710.7001953125,6127.2001953125,7989.89990234375,16442.109375,3658.169921875,18205.080078125,149860000.0,0.0,610591000.0,29032600.0,71780900.0,0.0,1582860000.0,0.0,1417.0400390625,1415.219970703125,977600000.0,55.9500732421875,7.84,5.45,6.13,7.42,5.09,272000.0,5.69,5.96,-0.15121,4.8,6.03,8.08,3464.2671,26.19,6.22,4.701,6.54,7.45,8.5,2070000.0,1003.5352
1999-12-20,11144.26953125,5521.10986328125,6731.2001953125,6378.66015625,8131.39990234375,16212.3896484375,3783.8701171875,18175.490234375,131240000.0,0.0,369406000.0,29502100.0,58166800.0,0.0,1324450000.0,0.0,1421.030029296875,1418.0899658203125,904600000.0,35.570068359375,7.86,5.44,6.24,7.52,5.23,287000.0,5.85,6.09,-0.14473,5.273,6.14,8.17,3489.5592,26.2,6.32,6.238,6.67,7.47,8.5,2123000.0,1001.8166
1999-12-27,11391.080078125,5834.47021484375,6806.5,6837.41015625,8452.900390625,16833.279296875,3975.3798828125,18546.900390625,111500000.0,0.0,65604000.0,31621200.0,583300.0,0.0,1154650000.0,0.0,1458.3399658203125,1457.0999755859375,722600000.0,65.239990234375,7.96,5.46,6.39,7.65,5.38,268000.0,5.97,6.23,-0.14391,6.206,6.3,8.29,3488.6366,26.07,6.46,4.045,6.82,7.57,8.5,2102000.0,999.5342
2000-01-03,11357.509765625,5917.3701171875,6930.2001953125,6750.759765625,8413.7998046875,17369.630859375,4131.14990234375,18934.33984375,169750000.0,0.0,89162000.0,43072500.0,21459900.0,0.0,1510070000.0,0.0,1469.25,1455.219970703125,931800000.0,65.239990234375,8.06,5.01,6.41,7.64,5.17,286000.0,5.95,6.22,-0.15056,12.138,6.33,8.24,3458.7443,26.34,6.46,5.751,6.8,7.66,8.5,2102000.0,1000.2009
2000-01-10,11572.2001953125,5646.1201171875,6607.7001953125,6925.52001953125,8602.5,15848.150390625,4049.669921875,18193.41015625,168180000.0,0.0,735455000.0,42006200.0,83317000.0,0.0,1691710000.0,0.0,1441.469970703125,1457.5999755859375,1064800000.0,100.3199462890625,8.15,4.72,6.56,7.73,5.26,298000.0,6.03,6.34,-0.16611,20.943,6.46,8.25,3466.1759,24.95,6.58,8.781,6.88,7.73,8.5,2107000.0,995.5919
2000-01-17,11722.98046875,5842.77978515625,6669.5,7258.89990234375,8479.2998046875,15574.5595703125,4064.27001953125,19437.23046875,266830000.0,0.0,923472000.0,44872800.0,1141700.0,0.0,1656630000.0,0.0,1449.6800537109375,1465.1500244140625,1085900000.0,80.9000244140625,8.18,5.62,6.66,7.8,5.26,289000.0,6.12,6.43,-0.18277,5.326,6.56,8.37,3473.1755,26.27,6.66,3.829,6.91,7.78,8.5,2115000.0,999.2514
2000-01-24,11008.169921875,5690.85986328125,6379.7998046875,6931.990234375,8458.7998046875,15167.5498046875,4096.080078125,19056.7109375,202740000.0,0.0,672107000.0,33473100.0,91735200.0,0.0,1989050000.0,0.0,1441.3599853515625,1401.530029296875,1115800000.0,80.9000244140625,8.26,5.59,6.77,7.88,5.31,284000.0,6.13,6.48,-0.19596,5.39,6.65,8.44,3488.6519,29.37,6.73,3.764,6.92,7.86,8.5,2061000.0,1002.7769
2000-01-31,10940.5302734375,5659.81005859375,6268.5,6835.60009765625,8481.099609375,15532.33984375,3940.35009765625,19539.69921875,191880000.0,0.0,931453000.0,41254200.0,4751700.0,0.0,1507630000.0,0.0,1360.1600341796875,1394.4599609375,993800000.0,103.949951171875,8.25,5.43,6.68,7.73,5.41,285000.0,6.17,6.48,-0.20321,7.205,6.63,8.29,3489.8259,28.34,6.57,5.334,6.77,7.84,8.5,2164000.0,1006.3748
2000-02-07,10905.7900390625,6203.580078125,6118.60009765625,7296.31982421875,9156.0,15968.1201171875,4321.77001953125,19945.4296875,145660000.0,0.0,1230759000.0,38538900.0,8368700.0,0.0,1625540000.0,0.0,1424.3699951171875,1424.239990234375,918100000.0,85.77001953125,8.25,5.66,6.58,7.65,5.5,312000.0,6.24,6.61,-0.20342,6.131,6.66,8.22,3488.8698,28.08,6.33,4.826,6.61,7.85,8.5,2160000.0,1017.1717
2000-02-14,10519.83984375,6268.31982421875,6068.60009765625,7644.7998046875,9314.5,17188.9609375,4418.5498046875,19556.4609375,167240000.0,0.0,1429935000.0,31358900.0,83054400.0,0.0,1600850000.0,0.0,1387.1199951171875,1389.93994140625,927300000.0,65.6600341796875,8.36,5.71,6.62,7.69,5.49,300000.0,6.2,6.68,-0.2002,5.259,6.76,8.3,3491.4137,28.83,6.3,3.485,6.6,7.96,8.75,2141000.0,1016.1387
2000-02-21,10219.51953125,5967.27978515625,6081.60009765625,7590.52978515625,9231.2001953125,16322.3701171875,4411.740234375,19543.75,208930000.0,0.0,960304000.0,24404000.0,1969100.0,0.0,1898410000.0,0.0,1388.260009765625,1346.0899658203125,1042300000.0,76.780029296875,8.38,5.75,6.55,7.7,5.55,283000.0,6.23,6.65,-0.1934,5.306,6.74,8.32,3490.0391,29.87,6.23,5.093,6.55,8.0,8.75,2132000.0,1019.0785
2000-02-28,10038.650390625,6102.72998046875,6099.60009765625,7587.1298828125,9223.400390625,16984.439453125,4577.85009765625,19720.099609375,213230000.0,0.0,925049000.0,31880900.0,81020900.0,0.0,1798070000.0,0.0,1333.3599853515625,1348.050048828125,1026500000.0,76.780029296875,8.31,5.72,6.38,7.67,5.62,280000.0,6.22,6.54,-0.183,5.334,6.59,8.29,3505.6638,30.1,6.13,5.253,6.44,7.92,8.75,2157000.0,1014.9547
2000-03-06,10170.5,6545.97998046875,6567.7998046875,7975.77978515625,9580.900390625,17758.759765625,4904.85009765625,19796.349609375,172590000.0,0.0,1334247000.0,21754400.0,20861000.0,0.0,2015580000.0,0.0,1409.1700439453125,1391.280029296875,1029000000.0,85.81005859375,8.27,5.77,6.39,7.71,5.62,286000.0,6.18,6.51,-0.16945,5.09,6.58,8.35,3531.976,31.07,6.15,7.074,6.45,7.84,8.75,2098000.0,1017.0529
2000-03-13,9947.1298828125,6336.93017578125,6466.89990234375,7693.85009765625,9461.599609375,17096.6796875,4907.240234375,19189.9296875,186210000.0,0.0,822972000.0,36691900.0,67158700.0,0.0,1736270000.0,0.0,1395.0699462890625,1383.6199951171875,1016100000.0,66.8399658203125,8.23,5.73,6.39,7.73,5.67,270000.0,6.18,6.51,-0.15005,5.358,6.6,8.38,3505.1539,32.14,6.17,5.379,6.48,7.81,8.75,2099000.0,1021.5191
2000-03-20,10680.240234375,6352.509765625,6624.5,7872.3798828125,9568.2998046875,17234.4609375,4610.0,19566.3203125,177730000.0,0.0,764551000.0,36561300.0,72540500.0,0.0,1539860000.0,0.0,1464.469970703125,1456.6300048828125,920800000.0,120.3399658203125,8.24,5.79,6.28,7.75,5.71,271000.0,6.2,6.5,-0.12612,5.457,6.5,8.45,3541.5662,31.29,6.08,5.42,6.4,7.83,8.75,2051000.0,1028.6352
2000-03-27,11025.849609375,6450.85009765625,6687.2001953125,7892.490234375,10043.0,18292.859375,4958.56005859375,20281.029296875,184880000.0,0.0,789449000.0,27355300.0,70026800.0,0.0,1380380000.0,0.0,1527.4599609375,1523.8599853515625,901000000.0,106.8099365234375,8.23,5.81,6.14,7.61,5.74,272000.0,6.24,6.54,-0.10074,5.675,6.44,8.31,3532.4714,27.99,5.97,7.086,6.3,7.84,8.79,2068000.0,1029.3827
2000-04-03,11221.9296875,6130.27001953125,6462.10009765625,7429.22021484375,9374.7001953125,16892.9296875,4223.68017578125,20726.990234375,279950000.0,0.0,949900000.0,33911400.0,88763600.0,0.0,1739920000.0,0.0,1498.5799560546875,1505.969970703125,1021700000.0,78.239990234375,8.23,6.01,6.13,7.63,5.71,266000.0,6.3,6.57,-0.07683,5.067,6.42,8.34,3500.4925,26.92,5.94,5.672,6.3,7.84,9.0,2026000.0,1028.3642
2000-04-10,11186.5595703125,6364.89990234375,6533.39990234375,7516.9501953125,9460.900390625,16850.740234375,4188.2001953125,20619.060546875,150070000.0,0.0,816581000.0,25443200.0,98460400.0,0.0,1446140000.0,0.0,1516.3499755859375,1504.4599609375,853700000.0,110.7799072265625,8.2,6.12,5.92,7.58,5.7,268000.0,6.17,6.38,-0.05908,5.057,6.2,8.3,3545.8955,25.6,5.79,8.7,6.12,7.83,9.0,2027000.0,1027.9847
2000-04-17,10582.509765625,6060.5400390625,5994.60009765625,7187.14013671875,8769.599609375,14762.3701171875,3539.159912109375,19008.640625,247520000.0,0.0,1204901000.0,42838900.0,90662100.0,0.0,2482830000.0,0.0,1356.56005859375,1401.43994140625,1204700000.0,187.7899169921875,8.12,5.98,5.89,7.62,5.67,259000.0,6.14,6.35,-0.04456,5.462,6.18,8.35,3539.9554,24.87,5.78,6.17,6.13,7.76,9.0,1962000.0,1031.5021
2000-04-24,10906.099609375,6234.509765625,6241.2001953125,7157.9501953125,8822.5,15367.1396484375,3482.47998046875,18480.150390625,295330000.0,0.0,879208000.0,36197300.0,62880300.0,0.0,1540710000.0,0.0,1434.5400390625,1429.8599853515625,868700000.0,169.679931640625,8.16,6.04,6.01,7.68,5.65,274000.0,6.09,6.34,-0.03141,6.778,6.24,8.45,3564.586,26.66,5.88,7.377,6.22,7.82,9.0,2035000.0,1035.4048
2000-05-01,10811.7802734375,6419.72021484375,6327.39990234375,7414.68017578125,9527.2998046875,15519.2998046875,3958.080078125,18403.080078125,174020000.0,0.0,882175000.0,36743900.0,78022500.0,0.0,1500610000.0,0.0,1452.4300537109375,1468.25,966300000.0,169.679931640625,8.13,5.97,6.15,7.7,5.62,291000.0,6.19,6.53,-0.01589,12.417,6.42,8.51,3573.2542,25.95,5.95,5.825,6.28,7.79,9.0,2027000.0,1038.8117
2000-05-08,10603.6298828125,6514.419921875,6216.2998046875,7408.08984375,9337.5,14901.0,3669.3798828125,18199.9609375,144180000.0,0.0,603450000.0,22863000.0,78901700.0,0.0,1142710000.0,0.0,1432.6300048828125,1424.1700439453125,787600000.0,83.1500244140625,8.28,6.06,6.4,7.87,5.74,293000.0,6.24,6.76,0.00398,14.439,6.66,8.74,3564.3008,26.75,6.1,9.139,6.48,7.94,9.0,1991000.0,1043.6774
2000-05-15,10807.7802734375,6392.27001953125,6247.7001953125,7195.14990234375,9281.900390625,14881.2998046875,3607.64990234375,17313.689453125,155810000.0,0.0,688447000.0,23454500.0,93868200.0,0.0,1155810000.0,0.0,1420.9599609375,1452.3599853515625,854600000.0,77.25,8.52,5.96,6.5,8.04,5.94,276000.0,6.38,6.86,0.02501,9.068,6.74,8.93,3574.6509,28.7,6.2,6.702,6.61,8.17,9.0,1982000.0,1048.3258
2000-05-22,10542.5498046875,6094.169921875,6035.5,6912.9599609375,9293.099609375,14140.73046875,3364.2099609375,16386.009765625,185570000.0,0.0,897441000.0,34791300.0,82539900.0,0.0,1615480000.0,0.0,1406.949951171875,1400.719970703125,869000000.0,101.6700439453125,8.64,6.16,6.49,8.07,5.86,280000.0,6.4,6.89,0.04453,5.424,6.74,9.02,3565.4685,29.88,6.19,8.669,6.59,8.31,9.07,1998000.0,1052.567
2000-05-29,10299.240234375,6205.1298828125,6216.89990234375,7016.66015625,9060.099609375,13975.0703125,3205.110107421875,16245.4404296875,129200000.0,0.0,778243000.0,17218400.0,640800.0,0.0,1069440000.0,0.0,1381.52001953125,1378.02001953125,722600000.0,96.9500732421875,8.62,6.5,6.42,8.0,5.73,280000.0,6.28,6.77,0.05905,5.114,6.65,8.95,3578.0775,29.46,6.14,5.577,6.54,8.31,9.5,1987000.0,1054.9952
2000-06-05,10815.2998046875,6656.259765625,6546.7001953125,7408.02001953125,9679.7001953125,15861.6796875,3821.760009765625,17201.7890625,151120000.0,0.0,778810000.0,25672600.0,94298900.0,0.0,1455960000.0,0.0,1477.260009765625,1467.6300048828125,838600000.0,96.9500732421875,8.54,6.53,6.26,7.83,5.59,290000.0,6.3,6.64,0.06532,4.88,6.49,8.76,3581.858,29.98,6.0,9.898,6.39,8.24,9.5,2019000.0,1055.7072
2000-06-12,10564.2099609375,6549.0498046875,6430.89990234375,7235.64013671875,9819.599609375,16055.0498046875,3767.909912109375,16980.609375,136750000.0,0.0,452014000.0,6569700.0,95570400.0,0.0,1281000000.0,0.0,1456.949951171875,1446.0,774100000.0,37.239990234375,8.32,6.49,6.13,7.6,5.76,284000.0,6.23,6.53,0.0631,4.656,6.35,8.51,3593.9295,29.79,5.9,6.097,6.27,8.04,9.5,2020000.0,1061.711
2000-06-19,10557.83984375,6505.16015625,6490.2001953125,7198.7998046875,10136.7998046875,16267.4697265625,3989.830078125,16591.349609375,169330000.0,0.0,558986000.0,56438500.0,93227700.0,0.0,1411400000.0,0.0,1464.4599609375,1486.0,921700000.0,46.550048828125,8.22,6.5,6.06,7.59,5.68,294000.0,6.14,6.45,0.05471,5.232,6.27,8.42,3600.3298,32.45,5.91,7.112,6.25,7.91,9.5,2041000.0,1060.0205
2000-06-26,10542.990234375,6586.259765625,6405.2001953125,7027.18994140625,10227.400390625,15978.91015625,3912.1201171875,16925.400390625,157390000.0,0.0,579590000.0,27780300.0,63473700.0,0.0,1316960000.0,0.0,1441.47998046875,1455.31005859375,889000000.0,50.6199951171875,8.14,6.51,6.09,7.73,5.66,296000.0,6.15,6.48,0.0404,7.943,6.29,8.45,3605.4764,33.55,5.95,5.708,6.3,7.85,9.5,2033000.0,1065.7814
2000-07-03,10560.669921875,6508.47021484375,6470.39990234375,6958.9599609375,10195.5,16124.9697265625,3991.929931640625,17614.66015625,74690000.0,0.0,742606000.0,32797800.0,58557700.0,0.0,600810000.0,0.0,1454.5999755859375,1469.5400390625,451900000.0,34.949951171875,8.22,6.53,6.08,7.73,5.67,281000.0,6.13,6.44,0.02115,6.983,6.25,8.48,3576.1274,32.12,5.94,7.475,6.3,7.92,9.5,2052000.0,1062.8571
2000-07-10,10646.580078125,6487.419921875,6466.2001953125,7070.81982421875,10235.400390625,17238.669921875,3980.2900390625,17572.6796875,148470000.0,0.0,610792000.0,27632200.0,68041900.0,0.0,1395950000.0,0.0,1478.9000244140625,1475.6199951171875,838700000.0,34.949951171875,8.16,6.85,6.01,7.67,5.82,293000.0,6.08,6.31,-0.00455,6.159,6.13,8.4,3625.2532,30.4,5.88,8.855,6.23,7.88,9.5,2099000.0,1065.9571
2000-07-17,10804.26953125,6619.25,6525.5,7430.7001953125,10844.5,17834.779296875,4274.669921875,17286.830078125,162780000.0,0.0,767081000.0,36001200.0,62627800.0,0.0,1584500000.0,0.0,1509.97998046875,1510.489990234375,906000000.0,60.64990234375,8.09,6.44,6.06,7.65,5.96,303000.0,6.09,6.34,-0.03532,4.981,6.18,8.36,3613.6992,30.44,5.87,4.566,6.22,7.8,9.5,2122000.0,1068.5616
2000-07-24,10685.1201171875,6502.56982421875,6381.2998046875,7328.31005859375,10783.5,17659.689453125,3981.570068359375,16547.119140625,147970000.0,0.0,571732000.0,55092900.0,66404600.0,0.0,1460690000.0,0.0,1480.18994140625,1464.2900390625,880300000.0,53.5198974609375,8.21,6.5,6.1,7.67,5.98,300000.0,6.11,6.4,-0.06887,5.333,6.24,8.35,3620.2373,30.65,5.87,5.821,6.23,7.93,9.5,2070000.0,1068.1083
2000-07-31,10521.98046875,6542.490234375,6365.2998046875,7190.3701171875,10406.2998046875,16840.98046875,3766.989990234375,15727.490234375,175820000.0,0.0,717274000.0,34593200.0,70325300.0,0.0,1512580000.0,0.0,1419.8900146484375,1430.8299560546875,952600000.0,81.679931640625,8.13,6.5,6.04,7.6,6.01,298000.0,6.06,6.31,-0.1026,4.633,6.16,8.29,3639.3826,28.02,5.8,7.514,6.13,7.85,9.5,2085000.0,1069.7352
2000-08-07,10867.009765625,6519.0400390625,6387.7998046875,7113.22021484375,10567.5,17727.25,3862.989990234375,16002.7099609375,145090000.0,0.0,654157000.0,31987000.0,52304600.0,0.0,1319680000.0,0.0,1462.9300537109375,1479.3199462890625,854800000.0,66.9100341796875,8.12,6.49,5.98,7.57,6.05,306000.0,6.09,6.23,-0.13261,5.106,6.09,8.27,3634.0539,28.5,5.75,8.096,6.08,7.88,9.5,2096000.0,1069.6155
2000-08-14,11176.1396484375,6609.35986328125,6419.89990234375,7331.669921875,10999.099609375,16998.060546875,3849.68994140625,16153.91015625,140280000.0,0.0,626670000.0,24545100.0,62167700.0,0.0,1232060000.0,0.0,1471.8399658203125,1491.56005859375,783800000.0,40.3299560546875,8.04,6.45,5.85,7.54,6.08,315000.0,6.17,6.19,-0.15657,4.791,6.04,8.24,3649.9736,30.14,5.72,6.694,6.03,7.75,9.5,2109000.0,1072.5949
2000-08-21,11079.8095703125,6571.6298828125,6542.2001953125,7199.33984375,11073.2998046875,17501.48046875,3953.14990234375,16040.1796875,147300000.0,0.0,605220000.0,27588300.0,64064700.0,0.0,1269330000.0,0.0,1491.719970703125,1499.47998046875,731600000.0,49.7799072265625,7.96,6.53,5.8,7.54,6.09,318000.0,6.21,6.28,-0.17292,5.226,6.11,8.25,3655.5107,31.82,5.71,6.047,6.02,7.7,9.5,2145000.0,1071.7367
2000-08-28,11252.83984375,6615.02001953125,6563.7001953125,7339.22021484375,11224.5,17019.759765625,4070.590087890625,17181.119140625,166710000.0,0.0,864787000.0,25585900.0,88304500.0,0.0,1373010000.0,0.0,1506.449951171875,1514.0899658203125,733600000.0,34.9599609375,7.99,6.46,5.75,7.54,6.11,312000.0,6.2,6.23,-0.18353,4.824,6.04,8.25,3670.7925,32.46,5.69,7.244,5.98,7.72,9.5,2119000.0,1072.5138
2000-09-04,11238.7802734375,6922.330078125,6798.10009765625,7445.56005859375,11388.7998046875,17726.169921875,4234.330078125,16688.2109375,125140000.0,0.0,787014000.0,31383800.0,58573600.0,0.0,1472940000.0,0.0,1517.6800537109375,1520.77001953125,767700000.0,30.0,7.96,6.54,5.76,7.55,6.13,301000.0,6.23,6.2,-0.19064,5.245,6.02,8.27,3635.4985,33.08,5.71,6.07,6.0,7.67,9.5,2169000.0,1069.5863
2000-09-11,11195.490234375,6675.009765625,6582.0,7214.4501953125,10682.099609375,17007.98046875,3896.35009765625,16130.900390625,160120000.0,0.0,964384000.0,27573000.0,76297200.0,0.0,1483670000.0,0.0,1494.5,1489.260009765625,899300000.0,30.0,7.94,6.56,5.73,7.54,6.02,309000.0,6.2,6.11,-0.19401,5.594,5.95,8.25,3684.5171,34.42,5.7,7.985,5.99,7.65,9.5,2139000.0,1071.7515
2000-09-18,10808.51953125,6522.3798828125,6410.2001953125,6891.68994140625,10782.0,15560.16015625,3726.52001953125,16061.16015625,198950000.0,0.0,788776000.0,41316600.0,78947900.0,0.0,1613970000.0,0.0,1465.81005859375,1444.510009765625,962500000.0,64.8399658203125,7.88,6.5,5.78,7.6,5.95,311000.0,6.14,6.1,-0.19473,4.627,5.95,8.35,3659.9134,34.7,5.79,6.2,6.06,7.6,9.5,2115000.0,1065.5937
2000-09-25,10808.150390625,6336.27978515625,6257.10009765625,6788.68994140625,10631.0,15428.9501953125,3741.219970703125,15992.900390625,259920000.0,0.0,988136000.0,42789200.0,76479000.0,0.0,1774680000.0,0.0,1448.719970703125,1439.030029296875,982400000.0,59.0799560546875,7.9,6.5,5.88,7.71,5.98,288000.0,6.09,6.08,-0.19142,8.574,5.95,8.44,3678.406,35.49,5.94,7.035,6.19,7.57,9.5,2098000.0,1074.6631
2000-10-02,10700.1298828125,6349.240234375,6284.5,6862.259765625,10442.7998046875,15648.98046875,3568.89990234375,15902.509765625,215090000.0,0.0,857794000.0,31208300.0,85964000.0,0.0,1799220000.0,0.0,1436.52001953125,1436.22998046875,1051200000.0,42.25,7.88,6.5,5.82,7.65,6.03,292000.0,6.08,6.04,-0.18455,7.357,5.9,8.35,3650.3119,31.13,5.89,5.238,6.14,7.53,9.5,2077000.0,1076.8696
2000-10-09,10568.4296875,6110.06005859375,6264.7998046875,6680.77978515625,10432.5,15693.5,3355.56005859375,15994.240234375,167770000.0,0.0,673410000.0,36865700.0,107812100.0,0.0,1437770000.0,0.0,1408.989990234375,1402.030029296875,716600000.0,65.81005859375,7.83,6.58,5.86,7.68,6.06,309000.0,6.06,6.0,-0.17574,6.822,5.9,8.39,3671.4715,31.27,5.92,8.957,6.17,7.5,9.5,2133000.0,1076.743
2000-10-16,10238.7998046875,6088.0400390625,6285.7001953125,6627.25,10493.0,14973.400390625,3290.280029296875,15512.3203125,270220000.0,0.0,957111000.0,34409000.0,74976500.0,0.0,1788600000.0,0.0,1374.1700439453125,1374.6199951171875,1005400000.0,116.2200927734375,7.84,6.47,5.76,7.57,6.03,299000.0,5.98,5.9,-0.16617,5.324,5.79,8.36,3681.4882,33.9,5.82,6.015,6.06,7.52,9.5,2124000.0,1076.4345
2000-10-23,10271.7197265625,6182.33984375,6315.89990234375,6620.8701171875,10473.0,15102.3603515625,3468.68994140625,15097.9599609375,339180000.0,0.0,731498000.0,37771300.0,76000300.0,0.0,1690110000.0,0.0,1396.9300537109375,1395.780029296875,1046800000.0,102.679931640625,7.83,6.49,5.68,7.53,6.11,295000.0,5.94,5.85,-0.16019,5.17,5.7,8.33,3662.5754,33.48,5.77,6.914,6.0,7.5,9.5,2082000.0,1075.03
2000-10-30,10835.76953125,6296.83984375,6388.39990234375,6926.56982421875,9253.099609375,14799.900390625,3191.39990234375,14464.5595703125,266040000.0,0.0,614124000.0,31213500.0,114299400.0,0.0,1741440000.0,0.0,1379.5799560546875,1398.6600341796875,1186500000.0,77.8299560546875,7.68,6.51,5.66,7.45,6.18,301000.0,6.01,5.88,-0.15703,5.278,5.73,8.29,3686.8758,33.92,5.72,4.851,5.94,7.36,9.5,2126000.0,1079.807
2000-11-06,10977.2099609375,6352.240234375,6431.0,7136.2998046875,9714.2001953125,15671.150390625,3416.2099609375,15371.4404296875,186860000.0,0.0,1006440000.0,35207600.0,86402900.0,0.0,1608520000.0,0.0,1428.760009765625,1432.18994140625,930900000.0,74.3299560546875,7.73,6.55,5.76,7.49,6.19,331000.0,6.11,5.92,-0.15298,5.171,5.82,8.31,3690.8363,32.78,5.8,8.948,6.02,7.41,9.5,2110000.0,1080.5015
2000-11-13,10517.25,6037.72998046875,6274.7998046875,6742.10009765625,9115.099609375,14815.6904296875,2966.719970703125,14664.6396484375,298020000.0,0.0,689530000.0,32943400.0,78556800.0,0.0,2048330000.0,0.0,1365.97998046875,1351.260009765625,1129300000.0,109.8399658203125,7.79,6.49,5.85,7.53,6.22,318000.0,6.14,5.97,-0.1443,5.073,5.82,8.35,3665.3158,33.46,5.88,4.885,6.09,7.44,9.5,2161000.0,1076.2156
2000-11-20,10462.650390625,6021.7900390625,6345.0,6609.47998046875,8935.099609375,15346.66015625,2875.639892578125,14531.650390625,203170000.0,0.0,852977000.0,34642000.0,69411600.0,0.0,1716290000.0,0.0,1367.719970703125,1342.6199951171875,955800000.0,71.52001953125,7.73,6.52,5.73,7.45,6.18,332000.0,6.09,5.89,-0.12754,5.279,5.69,8.26,3674.8182,35.0,5.79,8.339,5.99,7.41,9.5,2279000.0,1083.1209
2000-11-27,10546.0703125,6171.330078125,6374.7001953125,6696.91015625,9127.400390625,14602.759765625,2880.489990234375,14720.3896484375,203320000.0,0.0,607018000.0,34418000.0,89332800.0,0.0,1706570000.0,0.0,1341.77001953125,1348.969970703125,946100000.0,74.0699462890625,7.73,6.51,5.65,7.41,6.18,356000.0,6.09,5.86,-0.10292,5.175,5.63,8.27,3691.3015,35.91,5.71,6.801,5.91,7.41,9.5,2295000.0,1081.15
2000-12-04,10560.9501953125,5791.509765625,6158.7001953125,6408.10009765625,8944.7001953125,14559.240234375,2615.75,14954.73046875,261400000.0,0.0,660403000.0,38538100.0,79116800.0,0.0,1860480000.0,0.0,1315.1800537109375,1324.969970703125,1103000000.0,67.5999755859375,7.65,6.5,5.56,7.37,6.08,338000.0,6.0,5.71,-0.07478,4.94,5.52,8.19,3643.9063,34.1,5.66,8.298,5.84,7.35,9.5,2229000.0,1080.3631
2000-12-11,10725.7998046875,6077.8798828125,6370.39990234375,6782.52001953125,9581.900390625,15408.5400390625,3015.10009765625,15015.7001953125,256450000.0,0.0,1032602000.0,46902200.0,102689300.0,0.0,2447760000.0,0.0,1369.8900146484375,1380.199951171875,1202400000.0,82.030029296875,7.54,6.57,5.39,7.29,5.94,321000.0,5.78,5.49,-0.05133,5.275,5.33,8.1,3697.7695,29.69,5.57,7.229,5.73,7.19,9.5,2263000.0,1080.7774
2000-12-18,10645.419921875,5887.490234375,6246.5,6390.25,9008.599609375,15024.5302734375,2624.52001953125,14483.900390625,217520000.0,0.0,652869000.0,40737700.0,82929400.0,0.0,2065990000.0,0.0,1312.1500244140625,1322.739990234375,1189900000.0,83.6700439453125,7.42,6.47,5.29,7.21,5.89,354000.0,5.73,5.46,-0.04101,5.382,5.25,8.03,3702.0738,29.05,5.49,6.497,5.65,7.11,9.5,2322000.0,1077.8335
2000-12-25,10635.5595703125,5783.72998046875,6097.5,6251.39990234375,8769.900390625,14738.2099609375,2517.02001953125,13931.6103515625,230880000.0,0.0,293611000.0,23738900.0,70860500.0,0.0,2235410000.0,0.0,1274.8599853515625,1305.949951171875,1087100000.0,105.9200439453125,7.17,6.53,5.1,7.16,5.51,364000.0,5.44,5.23,-0.04631,8.105,5.02,7.95,3721.3226,27.38,5.43,5.703,5.56,6.84,9.5,2340000.0,1088.0872
2001-01-01,10787.990234375,5926.419921875,6222.5,6433.60986328125,8933.7001953125,15095.5302734375,2470.52001953125,13785.6904296875,210800000.0,0.0,377041000.0,15815000.0,49092700.0,0.0,2531760000.0,0.0,1334.219970703125,1320.280029296875,1035500000.0,105.9200439453125,7.13,6.48,5.1,7.15,5.66,353000.0,5.34,5.12,-0.0712,4.34,4.98,7.96,3739.9526,26.52,5.44,8.307,5.58,6.79,9.5,2378000.0,1090.2806
2001-01-08,10621.349609375,5732.7998046875,6149.60009765625,6392.169921875,8671.7001953125,15436.5302734375,2395.919921875,13867.6103515625,225780000.0,0.0,1449404000.0,38720900.0,80755800.0,0.0,1850590000.0,0.0,1298.3499755859375,1295.8599853515625,1115500000.0,75.6199951171875,7.07,5.88,5.01,7.09,5.36,337000.0,4.89,4.78,-0.10765,5.312,4.8,7.94,3778.2569,27.8,5.42,9.531,5.54,6.74,9.5,2357000.0,1090.7661
2001-01-15,10525.3798828125,5833.3798828125,6170.2998046875,6522.8701171875,8778.5,15293.759765625,2626.5,13506.23046875,247020000.0,0.0,736727000.0,36355600.0,836400.0,0.0,2518850000.0,0.0,1326.8199462890625,1318.550048828125,1276000000.0,73.949951171875,6.89,5.91,5.08,7.13,5.13,318000.0,4.79,4.72,-0.14964,4.795,4.81,7.95,3757.2538,28.81,5.5,4.074,5.61,6.49,9.0,2367000.0,1092.5694
2001-01-22,10578.240234375,5882.759765625,6232.0,6675.0,9121.0,16099.26953125,2757.909912109375,14032.419921875,233850000.0,0.0,1183097000.0,50523700.0,92865000.0,0.0,2037140000.0,0.0,1342.5400390625,1342.9000244140625,1164000000.0,73.949951171875,7.02,6.02,5.19,7.14,5.17,343000.0,4.85,4.8,-0.19063,6.529,4.85,7.9,3764.901,30.63,5.54,6.03,5.65,6.63,9.0,2419000.0,1094.1076
2001-01-29,10702.1904296875,5887.89990234375,6317.0,6750.9599609375,9302.2001953125,16099.8203125,2838.340087890625,13845.2802734375,224980000.0,0.0,934173000.0,36944800.0,83123300.0,0.0,1970130000.0,0.0,1354.9200439453125,1364.1700439453125,1053100000.0,35.9100341796875,7.15,5.96,5.29,7.21,5.11,362000.0,4.83,4.79,-0.22506,7.078,4.94,7.95,3736.5333,31.35,5.64,8.734,5.75,6.7,9.0,2440000.0,1098.3606
2001-02-05,10965.849609375,5823.490234375,6269.2001953125,6628.06982421875,9306.099609375,15830.83984375,2643.2099609375,13385.51953125,189850000.0,0.0,959106000.0,38140300.0,87207000.0,0.0,1648760000.0,0.0,1349.469970703125,1354.31005859375,1013000000.0,40.6199951171875,7.09,5.94,5.2,7.13,4.91,376000.0,4.66,4.66,-0.25111,8.903,4.87,7.84,3765.2313,29.59,5.56,5.546,5.65,6.66,9.0,2489000.0,1095.342
2001-02-12,10946.76953125,5759.47998046875,6241.39990234375,6564.91015625,8999.900390625,15693.1103515625,2489.659912109375,13422.830078125,176090000.0,0.0,986581000.0,31659500.0,100906900.0,0.0,1751220000.0,0.0,1314.760009765625,1330.31005859375,1039100000.0,66.4000244140625,6.98,5.51,5.13,7.12,4.94,365000.0,4.72,4.7,-0.26845,4.849,4.9,7.83,3751.8003,30.92,5.47,6.822,5.59,6.6,8.5,2435000.0,1094.7397
2001-02-19,10799.8203125,5584.75,6094.0,6472.2099609375,8459.7001953125,15490.9599609375,2425.3798828125,13119.58984375,202390000.0,0.0,875082000.0,30554600.0,1205400.0,0.0,1892200000.0,0.0,1326.6099853515625,1301.530029296875,1257200000.0,57.139892578125,7.01,5.47,5.11,7.12,4.93,358000.0,4.8,4.78,-0.2769,5.023,4.95,7.91,3761.0655,29.67,5.45,5.005,5.65,6.61,8.5,2516000.0,1091.6949
2001-02-26,10642.5302734375,5415.10009765625,5916.7998046875,6189.06982421875,8140.7998046875,15230.2197265625,2308.5,13201.1396484375,243270000.0,0.0,985885000.0,42182000.0,83582900.0,0.0,1739060000.0,0.0,1245.8599853515625,1267.6500244140625,1130800000.0,57.139892578125,7.12,5.5,5.13,7.13,4.87,386000.0,4.69,4.64,-0.27618,4.836,4.93,7.96,3781.6673,28.65,5.49,7.696,5.69,6.69,8.5,2506000.0,1094.025
2001-03-05,10562.2998046875,5368.830078125,5931.2998046875,6216.3798828125,8099.2998046875,14135.259765625,2142.919921875,12322.16015625,171780000.0,0.0,948674000.0,34362200.0,107459900.0,0.0,1495750000.0,0.0,1234.1800537109375,1241.4100341796875,929200000.0,58.260009765625,7.03,5.5,4.95,6.99,4.72,384000.0,4.47,4.44,-0.2699,4.868,4.74,7.83,3801.5804,27.91,5.36,5.607,5.53,6.58,8.5,2558000.0,1097.258
2001-03-12,10208.25,5242.39990234375,5826.5,6046.56005859375,7930.2998046875,13776.7197265625,1923.3800048828125,12171.3701171875,293230000.0,0.0,954407000.0,48480700.0,96958700.0,0.0,2149820000.0,0.0,1233.4200439453125,1180.1600341796875,1229000000.0,90.6400146484375,6.97,5.49,4.95,6.98,4.62,393000.0,4.47,4.46,-0.25985,4.959,4.75,7.79,3784.0415,28.45,5.34,7.66,5.52,6.52,8.5,2557000.0,1094.2806
2001-03-19,9959.1103515625,5048.60009765625,5551.60009765625,5657.2900390625,7911.10009765625,13457.6904296875,1951.1800537109375,12190.9697265625,239520000.0,0.0,1047462000.0,43867400.0,75795600.0,0.0,1774570000.0,0.0,1150.530029296875,1170.81005859375,1126200000.0,117.5599365234375,6.96,5.46,4.86,6.95,4.47,393000.0,4.31,4.34,-0.24844,4.893,4.64,7.81,3812.0913,27.02,5.3,4.038,5.45,6.54,8.5,2605000.0,1092.9823
2001-03-26,9687.5302734375,5124.7998046875,5576.60009765625,5726.97021484375,7686.60009765625,12950.490234375,1918.489990234375,13862.3095703125,256080000.0,0.0,1114984000.0,50226400.0,75798400.0,0.0,1719620000.0,0.0,1139.8299560546875,1152.68994140625,1114000000.0,99.3701171875,6.89,5.33,4.78,6.93,4.27,378000.0,4.17,4.24,-0.24147,6.709,4.51,7.83,3790.6098,26.42,5.28,8.305,5.42,6.44,8.43,2587000.0,1091.781
2001-04-02,9777.9296875,5210.47998046875,5618.5,5760.759765625,7642.7001953125,12727.2998046875,1782.969970703125,12937.8603515625,237210000.0,0.0,931435000.0,59553100.0,91355200.0,0.0,1848350000.0,0.0,1160.3299560546875,1145.8699951171875,1254900000.0,65.77001953125,6.91,5.0,4.95,7.06,4.22,388000.0,4.19,4.29,-0.24285,4.621,4.65,7.97,3818.2457,26.86,5.44,5.595,5.59,6.46,8.0,2620000.0,1092.8837
2001-04-09,9845.150390625,5183.22021484375,5663.2998046875,5781.009765625,7538.10009765625,12202.099609375,1745.7099609375,12841.759765625,208530000.0,0.0,1008424000.0,44934500.0,78618000.0,0.0,1448830000.0,0.0,1128.4300537109375,1137.5899658203125,1062800000.0,77.52001953125,7.01,5.21,4.95,7.08,4.01,398000.0,4.0,4.15,-0.2521,5.671,4.6,7.98,3840.15,26.76,5.49,8.659,5.62,6.54,8.0,2582000.0,1089.4481
2001-04-16,10158.5595703125,5372.7099609375,5766.60009765625,6002.2998046875,7790.5,12989.4697265625,1909.5699462890625,13254.8896484375,195790000.0,0.0,859679000.0,37777200.0,67761300.0,0.0,1571910000.0,0.0,1183.5,1179.6800537109375,913900000.0,91.52001953125,7.04,4.96,5.08,7.17,3.9,383000.0,4.07,4.25,-0.27272,5.01,4.71,8.05,3837.0821,28.27,5.59,5.52,5.72,6.55,8.0,2742000.0,1090.4976
2001-04-23,10532.23046875,5396.85009765625,5871.2998046875,6051.47998046875,7929.7998046875,13311.5,2059.320068359375,13715.599609375,229400000.0,0.0,1044823000.0,35222600.0,74360000.0,0.0,1845630000.0,0.0,1242.97998046875,1224.3599853515625,1012600000.0,91.52001953125,7.14,4.98,5.24,7.27,3.87,400000.0,4.04,4.34,-0.29983,5.491,4.86,8.15,3842.5801,27.89,5.71,7.116,5.86,6.66,8.0,2737000.0,1089.2198
2001-04-30,10734.9697265625,5640.02978515625,5967.0,6264.509765625,7946.60009765625,13386.0400390625,2116.239990234375,13934.3203125,206420000.0,0.0,915480000.0,37318300.0,118653800.0,0.0,2027180000.0,0.0,1253.050048828125,1249.4599609375,1266800000.0,61.9200439453125,7.12,4.42,5.25,7.26,3.72,406000.0,3.82,4.19,-0.32921,6.894,4.83,8.09,3859.5291,26.99,5.76,4.149,5.88,6.63,7.5,2728000.0,1088.1767
2001-05-07,10935.169921875,5498.52001953125,5870.2998046875,6122.6201171875,8022.60009765625,13600.7802734375,2173.570068359375,14529.41015625,190710000.0,0.0,1302944000.0,33984300.0,80007800.0,0.0,1749600000.0,0.0,1266.6099853515625,1263.510009765625,949000000.0,40.9300537109375,7.14,4.53,5.28,7.21,3.78,381000.0,3.9,4.23,-0.35877,6.733,4.91,8.0,3836.013,28.36,5.71,10.558,5.83,6.66,7.5,2732000.0,1088.2936
2001-05-14,10877.330078125,5487.72021484375,5690.5,6064.68017578125,8010.0,13259.169921875,2081.919921875,13873.01953125,151230000.0,0.0,970099000.0,41927000.0,71948700.0,0.0,1338540000.0,0.0,1245.6700439453125,1248.9200439453125,858200000.0,38.0,7.1,4.43,5.29,7.25,3.65,390000.0,3.76,4.16,-0.38406,5.053,4.78,8.03,3837.8993,28.12,5.74,5.261,5.85,6.61,7.5,2800000.0,1088.0637
2001-05-21,11337.919921875,5652.0400390625,5941.60009765625,6249.8701171875,8270.599609375,13721.26953125,2305.590087890625,14176.830078125,227630000.0,0.0,912076000.0,48251500.0,108873000.0,0.0,2311480000.0,0.0,1291.9599609375,1312.8299560546875,1174900000.0,72.159912109375,7.14,4.37,5.46,7.34,3.54,402000.0,3.76,4.3,-0.40265,5.169,4.96,8.11,3864.2554,29.08,5.83,9.052,5.98,6.67,7.43,2819000.0,1084.3725
2001-05-28,11005.3701171875,5606.31982421875,5889.7998046875,6216.830078125,8291.099609375,13739.0703125,2251.030029296875,13737.76953125,146210000.0,0.0,901015000.0,24122200.0,650500.0,0.0,1385410000.0,0.0,1293.1700439453125,1277.8900146484375,828100000.0,39.510009765625,7.2,3.98,5.46,7.32,3.58,405000.0,3.78,4.33,-0.41713,4.993,5.01,8.1,3887.9006,28.92,5.81,6.054,5.98,6.76,7.0,2926000.0,1083.2947
2001-06-04,11061.51953125,5432.7099609375,5856.5,6177.740234375,8301.2001953125,13207.490234375,2155.929931640625,13312.349609375,150960000.0,0.0,1083733000.0,18741900.0,108126000.0,0.0,1320350000.0,0.0,1260.6700439453125,1267.1099853515625,836500000.0,39.510009765625,7.24,3.98,5.48,7.31,3.59,406000.0,3.7,4.28,-0.42781,5.148,5.0,8.11,3889.8769,28.44,5.8,10.239,5.98,6.78,7.0,2919000.0,1080.1692
2001-06-11,10922.08984375,5418.47021484375,5860.5,6162.740234375,8091.7998046875,13675.490234375,2170.780029296875,13226.48046875,162750000.0,0.0,1048606000.0,42163600.0,76163100.0,0.0,1418630000.0,0.0,1264.9599609375,1254.3900146484375,870100000.0,39.739990234375,7.2,4.08,5.32,7.2,3.56,411000.0,3.64,4.15,-0.43614,4.796,4.88,7.99,3878.0745,27.98,5.69,7.829,5.87,6.74,7.0,2948000.0,1077.6483
2001-06-18,10645.3798828125,5160.27978515625,5671.60009765625,5869.0400390625,7707.10009765625,12948.7802734375,1988.6300048828125,12697.7900390625,196230000.0,0.0,1069945000.0,49771700.0,88175900.0,0.0,1567770000.0,0.0,1214.3599853515625,1208.4300537109375,1111600000.0,74.0799560546875,7.14,4.0,5.28,7.17,3.48,394000.0,3.59,4.07,-0.44352,4.878,4.8,7.96,3884.2439,28.9,5.67,5.651,5.82,6.7,7.0,2939000.0,1073.935
2001-06-25,10504.2197265625,5213.4599609375,5661.89990234375,5902.31982421875,7697.7001953125,13174.01953125,2050.8701171875,12896.4697265625,228190000.0,0.0,1004434000.0,46575800.0,72692800.0,0.0,1481730000.0,0.0,1225.3499755859375,1218.5999755859375,1050100000.0,37.2099609375,7.11,3.95,5.23,7.17,3.42,381000.0,3.46,3.97,-0.45029,5.194,4.7,7.96,3875.1204,27.09,5.66,8.265,5.79,6.65,7.0,2972000.0,1071.1092
2001-07-02,10593.7197265625,5296.509765625,5716.7001953125,6109.5,7736.39990234375,13042.5302734375,2148.719970703125,12751.1796875,215830000.0,0.0,1198422000.0,53290700.0,99216500.0,0.0,1513420000.0,0.0,1224.4200439453125,1236.719970703125,1128300000.0,35.1400146484375,7.11,3.91,5.29,7.17,3.47,394000.0,3.6,4.1,-0.45731,6.748,4.82,7.98,3880.9834,26.37,5.66,5.761,5.81,6.63,7.0,2959000.0,1070.0253
2001-07-09,10299.400390625,5027.3701171875,5468.89990234375,5869.85986328125,7640.7001953125,12690.6796875,2026.7099609375,12239.6796875,216290000.0,0.0,1231941000.0,52347100.0,66552800.0,257038800.0,1399630000.0,0.0,1190.5899658203125,1198.780029296875,1045700000.0,35.1400146484375,7.19,3.89,5.41,7.24,3.57,401000.0,3.7,4.21,-0.46594,6.444,4.91,8.08,3912.1048,26.87,5.74,9.534,5.91,6.74,6.75,3063000.0,1063.0404
2001-07-16,10472.1201171875,5022.759765625,5517.10009765625,5853.759765625,7643.7001953125,12624.5302734375,2029.1199951171875,12343.3701171875,220170000.0,0.0,719890000.0,47110800.0,70277400.0,113928800.0,1489350000.0,0.0,1215.6800537109375,1202.449951171875,1039800000.0,51.1700439453125,7.21,3.67,5.31,7.19,3.54,405000.0,3.62,4.1,-0.47642,4.796,4.83,8.03,3885.7232,27.07,5.67,5.203,5.83,6.76,6.75,3029000.0,1063.914
2001-07-23,10424.419921875,4911.919921875,5405.2998046875,5791.72998046875,7627.2001953125,12236.4501953125,1988.56005859375,11609.6298828125,185500000.0,0.0,1097461000.0,48707800.0,69584700.0,166057200.0,1356540000.0,0.0,1210.8499755859375,1191.030029296875,986900000.0,34.5400390625,7.08,3.76,5.17,7.09,3.49,398000.0,3.6,4.02,-0.48861,4.937,4.72,7.93,3874.8677,25.26,5.55,6.148,5.69,6.65,6.75,2975000.0,1064.9107
2001-07-30,10401.7197265625,5033.7099609375,5446.7001953125,5792.18994140625,7641.2998046875,12086.66015625,2017.8399658203125,11579.26953125,155870000.0,0.0,895832000.0,42211000.0,76634700.0,153086200.0,1338230000.0,0.0,1205.8199462890625,1204.52001953125,909100000.0,50.14990234375,7.03,3.81,5.16,7.08,3.48,388000.0,3.59,3.95,-0.50246,4.923,4.69,7.91,3903.08,26.5,5.55,9.737,5.67,6.58,6.75,3056000.0,1064.7651
2001-08-06,10401.3095703125,5066.25,5526.39990234375,5746.0400390625,7744.2001953125,12148.8095703125,2034.260009765625,12243.900390625,163160000.0,0.0,769706000.0,37154000.0,59735200.0,141753200.0,1106550000.0,0.0,1214.3499755859375,1200.47998046875,811700000.0,30.280029296875,7.0,3.79,5.13,7.07,3.46,401000.0,3.56,3.86,-0.51335,5.231,4.65,7.88,3929.1802,27.1,5.55,8.601,5.65,6.54,6.75,3079000.0,1061.954
2001-08-13,10415.91015625,4920.35009765625,5431.10009765625,5453.77001953125,7632.7001953125,11694.2900390625,1982.25,11477.5595703125,141380000.0,0.0,830399000.0,59085300.0,54828400.0,137231600.0,1147040000.0,0.0,1190.1600341796875,1191.2900390625,837600000.0,51.199951171875,7.0,3.7,5.08,7.08,3.41,394000.0,3.5,3.81,-0.51405,4.673,4.66,7.9,3899.4301,27.87,5.55,6.735,5.65,6.54,6.75,3125000.0,1057.0203
2001-08-20,10320.0703125,4791.43017578125,5357.5,5207.830078125,7525.2001953125,11458.7001953125,1881.3499755859375,11257.9404296875,180510000.0,0.0,826138000.0,66667900.0,67604800.0,256960200.0,1165790000.0,0.0,1161.969970703125,1171.4100341796875,897100000.0,42.7200927734375,6.92,3.75,4.95,7.03,3.34,402000.0,3.44,3.73,-0.50172,5.073,4.57,7.85,3906.4279,27.52,5.49,6.354,5.58,6.48,6.75,3113000.0,1057.846
2001-08-27,10382.349609375,4905.7900390625,5471.89990234375,5406.47021484375,7662.2001953125,11234.7197265625,1912.4100341796875,11275.009765625,136800000.0,0.0,1047954000.0,36510400.0,66766700.0,145020400.0,1195290000.0,0.0,1184.9300537109375,1179.2099609375,842600000.0,33.510009765625,6.91,3.63,4.9,6.99,3.33,395000.0,3.45,3.73,-0.474,5.313,4.53,7.84,3908.186,27.25,5.44,7.73,5.53,6.47,6.71,3163000.0,1053.9799
2001-09-03,9949.75,4629.7998046875,5312.10009765625,5094.10009765625,7399.2001953125,10902.6396484375,1805.4300537109375,10409.6796875,176270000.0,0.0,870028000.0,47952900.0,62316500.0,185143200.0,1232880000.0,0.0,1129.030029296875,1133.5799560546875,920100000.0,61.97998046875,6.92,3.52,4.84,6.95,3.33,402000.0,3.44,3.68,-0.43529,5.001,4.47,7.78,3897.7686,26.84,5.4,6.699,5.48,6.47,6.5,3213000.0,1053.4952
2001-09-10,9605.509765625,4383.740234375,5033.7001953125,4670.1298828125,7344.7001953125,10366.3203125,1695.3800048828125,10195.6904296875,280040000.0,0.0,1407758000.0,85870100.0,80354500.0,367156400.0,1612970000.0,0.0,1085.780029296875,1092.5400390625,1276600000.0,61.97998046875,6.89,3.63,4.91,6.99,3.29,408000.0,3.43,3.7,-0.39254,5.252,4.53,7.83,3963.5038,27.38,5.45,9.919,5.53,6.44,6.5,3197000.0,1053.5915
2001-09-17,8920.7001953125,4015.4599609375,4898.89990234375,4234.5498046875,6908.0,9319.349609375,1579.550048828125,9504.41015625,565600000.0,0.0,1465162000.0,114005900.0,132926800.0,0.0,2254620000.0,0.0,1092.5400390625,1038.77001953125,2330830000.0,61.97998046875,6.86,3.49,4.68,7.0,2.82,395000.0,2.95,3.13,-0.35438,5.35,4.12,7.85,4206.6403,28.22,5.39,22.273,5.43,6.39,6.5,3214000.0,1070.6193
2001-09-24,8603.8603515625,3861.18994140625,4613.89990234375,4038.68994140625,6662.0,9284.5,1499.4000244140625,9554.990234375,403530000.0,0.0,1530732000.0,86597600.0,119968800.0,442181500.0,2052290000.0,0.0,965.7999877929688,1003.4500122070312,1746600000.0,61.97998046875,6.8,2.47,4.7,7.34,2.3,453000.0,2.6,2.91,-0.33014,6.291,3.96,8.2,4023.1731,27.09,5.55,66.683,5.58,6.3,6.36,3302000.0,1059.2639
2001-10-01,8836.830078125,4004.570068359375,4785.60009765625,4239.97021484375,6799.0,9950.7001953125,1480.4599609375,9972.2802734375,247430000.0,0.0,1075373000.0,62164800.0,80093300.0,320775600.0,1505140000.0,0.0,1040.93994140625,1038.550048828125,1175600000.0,96.18994140625,6.72,2.99,4.66,7.27,2.34,517000.0,2.49,2.86,-0.32595,8.462,3.94,8.12,3970.3209,22.35,5.51,7.95,5.53,6.23,6.0,3385000.0,1054.4233
2001-10-08,9067.9404296875,4172.2099609375,5032.7001953125,4495.14990234375,6894.2001953125,9967.830078125,1605.949951171875,10205.8701171875,193330000.0,0.0,1073658000.0,58985200.0,83569700.0,511535600.0,1417520000.0,0.0,1071.3699951171875,1062.43994140625,979000000.0,65.510009765625,6.64,2.71,4.53,7.06,2.21,476000.0,2.4,2.76,-0.33375,7.728,3.88,7.94,3987.3007,22.6,5.33,11.082,5.35,6.11,5.93,3432000.0,1053.0881
2001-10-15,9347.6201171875,4213.91015625,5067.2998046875,4548.47998046875,6955.60009765625,10130.58984375,1696.31005859375,10452.5400390625,199960000.0,0.0,844370000.0,51965200.0,77646600.0,275161200.0,1586210000.0,0.0,1091.6500244140625,1089.97998046875,1024700000.0,46.4000244140625,6.58,2.44,4.65,7.1,2.2,482000.0,2.39,2.8,-0.35152,5.076,3.99,7.98,3986.5034,22.66,5.4,12.612,5.43,6.06,5.5,3521000.0,1049.6586
2001-10-22,9377.0302734375,4341.2900390625,5070.39990234375,4619.31982421875,6905.2001953125,9797.5400390625,1708.0799560546875,10565.41015625,222210000.0,0.0,939318000.0,49633000.0,87588000.0,236566000.0,1530830000.0,0.0,1073.47998046875,1089.9000244140625,1105700000.0,49.8800048828125,6.61,2.44,4.6,7.04,2.17,482000.0,2.37,2.78,-0.37274,4.722,3.94,7.92,3969.0123,21.92,5.35,14.556,5.37,6.09,5.5,3557000.0,1046.2586
2001-10-29,9269.5,4383.240234375,5085.89990234375,4660.35009765625,6896.2998046875,10178.08984375,1699.52001953125,10612.3095703125,203990000.0,0.0,909862000.0,47836100.0,80278700.0,294616600.0,1659170000.0,0.0,1104.6099853515625,1078.300048828125,1106100000.0,53.3699951171875,6.64,2.49,4.6,7.01,2.13,483000.0,2.31,2.72,-0.39273,5.321,3.94,7.89,3993.603,21.78,5.32,2.965,5.33,6.13,5.5,3600000.0,1040.5035
2001-11-05,9441.0302734375,4485.33984375,5209.10009765625,4755.10986328125,7079.2998046875,10430.7197265625,1793.6500244140625,10447.5400390625,210700000.0,0.0,1018726000.0,58321500.0,86029000.0,244442600.0,1734250000.0,0.0,1087.199951171875,1102.8399658203125,1267700000.0,57.0,6.56,2.55,4.37,6.86,2.01,440000.0,2.11,2.49,-0.40566,5.121,3.73,7.73,4016.2564,21.17,5.02,19.256,5.13,6.04,5.5,3616000.0,1037.2641
2001-11-12,9554.3701171875,4376.580078125,5146.2001953125,4820.3701171875,7223.89990234375,10592.4501953125,1840.1300048828125,10081.5595703125,196140000.0,0.0,964517000.0,77913300.0,78952900.0,239130600.0,1594470000.0,0.0,1120.31005859375,1118.3299560546875,991600000.0,60.1700439453125,6.45,2.36,4.3,6.75,1.83,428000.0,1.99,2.4,-0.41024,4.987,3.58,7.62,3991.6698,20.7,4.85,6.275,5.03,5.94,5.43,3627000.0,1037.1767
2001-11-19,9976.4599609375,4660.490234375,5338.0,5185.10009765625,7422.7998046875,11360.259765625,1934.4200439453125,10727.9404296875,210100000.0,0.0,1599203000.0,65504000.0,151087400.0,288361400.0,1924900000.0,0.0,1138.6500244140625,1151.06005859375,1316800000.0,52.7401123046875,6.51,2.03,4.66,6.97,1.86,431000.0,2.24,2.83,-0.40613,4.69,3.97,7.81,4062.9296,19.61,5.12,9.78,5.31,5.98,5.0,3790000.0,1037.6731
2001-11-26,9982.75,4564.3798828125,5302.5,5114.1201171875,7466.39990234375,11391.9599609375,1941.22998046875,11064.2998046875,191870000.0,0.0,1238333000.0,65210300.0,100825400.0,337983000.0,1734130000.0,0.0,1150.3399658203125,1157.4200439453125,1129800000.0,34.1199951171875,6.75,2.01,4.93,7.16,1.91,491000.0,2.35,3.05,-0.39099,5.603,4.25,7.96,4031.9944,18.28,5.32,9.814,5.54,6.24,5.0,3593000.0,1034.0711
2001-12-03,9763.9599609375,4463.83984375,5164.60009765625,4988.43994140625,7374.7998046875,11155.150390625,1904.9000244140625,10370.6201171875,223660000.0,0.0,1034111000.0,59562500.0,90114600.0,357658600.0,1496760000.0,0.0,1139.449951171875,1129.9000244140625,1202900000.0,37.8699951171875,7.02,1.95,4.92,7.1,1.84,465000.0,2.23,3.03,-0.36988,5.074,4.25,7.95,4010.6196,19.13,5.33,9.463,5.6,6.53,5.0,3619000.0,1027.9304
2001-12-10,9921.4501953125,4556.2900390625,5185.0,5124.68017578125,7559.7998046875,11784.919921875,1992.1199951171875,10571.009765625,193100000.0,0.0,1006896000.0,49486500.0,103229100.0,237999600.0,1679480000.0,0.0,1158.31005859375,1139.9300537109375,1218700000.0,47.8399658203125,6.84,2.02,4.92,7.04,1.72,393000.0,2.21,3.02,-0.34864,5.5,4.23,7.99,4068.5058,19.47,5.38,10.53,5.63,6.3,5.0,3626000.0,1027.805
2001-12-17,9891.9697265625,4485.169921875,5136.2998046875,5067.990234375,7515.39990234375,11465.7802734375,1987.449951171875,10323.349609375,220780000.0,0.0,1019517000.0,62575900.0,103265700.0,175376000.0,1840920000.0,0.0,1123.0899658203125,1134.3599853515625,1260400000.0,52.5699462890625,7.09,1.88,5.14,6.73,1.66,389000.0,2.17,3.08,-0.3355,5.008,4.41,8.13,4082.5868,18.45,5.54,6.599,5.83,6.57,4.96,3637000.0,1026.8722
2001-12-24,10035.33984375,4502.10009765625,5177.39990234375,5019.009765625,7552.60009765625,11209.7802734375,1944.47998046875,10335.4501953125,63010000.0,0.0,117580000.0,102207400.0,32667500.0,79446000.0,564380000.0,0.0,1144.8900146484375,1144.6500244140625,439670000.0,37.909912109375,7.17,1.84,5.14,6.65,1.68,416000.0,2.23,3.15,-0.33543,5.864,4.45,8.07,4070.0639,19.2,5.49,8.182,5.79,6.65,4.75,3591000.0,1021.1379
2001-12-31,10021.5703125,4624.580078125,5217.39990234375,5160.10009765625,7688.39990234375,11397.2099609375,1950.4000244140625,10542.6201171875,146900000.0,0.0,91481000.0,22827000.0,45591500.0,64712600.0,1414840000.0,0.0,1161.02001953125,1148.0799560546875,943600000.0,37.909912109375,7.16,1.77,5.17,6.66,1.7,421000.0,2.28,3.21,-0.35201,4.645,4.49,8.02,4087.5432,20.94,5.51,10.231,5.81,6.65,4.75,3474000.0,1018.2645
2002-01-07,10197.0498046875,4615.5400390625,5293.60009765625,5232.22021484375,7870.2998046875,11892.6396484375,2037.0999755859375,10942.3603515625,225880000.0,0.0,900070000.0,86129600.0,105592900.0,442387000.0,2121110000.0,0.0,1172.510009765625,1164.8900146484375,1308300000.0,40.739990234375,7.14,1.63,5.15,6.67,1.7,397000.0,2.24,3.17,-0.37991,5.982,4.47,7.97,4084.5852,20.8,5.54,12.555,5.83,6.62,4.75,3587000.0,1013.8431
2002-01-14,9891.419921875,4453.97021484375,5113.5,5065.83984375,7623.2998046875,11209.4296875,1990.739990234375,10441.58984375,229950000.0,0.0,992953000.0,73033400.0,99078600.0,210140000.0,1801650000.0,0.0,1145.5999755859375,1138.4100341796875,1286400000.0,38.8199462890625,7.06,1.64,5.04,6.56,1.63,418000.0,2.13,2.98,-0.41455,5.053,4.31,7.85,4092.6088,20.54,5.46,6.948,5.71,6.55,4.75,3500000.0,1017.2431
2002-01-21,9771.849609375,4423.7998046875,5138.5,5069.740234375,7582.89990234375,11000.25,1930.3399658203125,10280.25,253830000.0,0.0,768790000.0,47206900.0,794100.0,213151400.0,1693010000.0,0.0,1138.8800048828125,1127.5799560546875,1333300000.0,35.4801025390625,6.83,1.74,4.92,6.47,1.58,405000.0,2.03,2.86,-0.44689,5.712,4.19,7.78,4066.2976,18.61,5.37,9.614,5.6,6.31,4.75,3557000.0,1014.0993
2002-01-28,9865.75,4533.1298828125,5223.60009765625,5159.02001953125,7643.7001953125,10767.4599609375,1943.9100341796875,10220.849609375,169030000.0,0.0,1162073000.0,59518600.0,100350800.0,257612600.0,1482080000.0,0.0,1133.280029296875,1133.06005859375,1186800000.0,35.4801025390625,6.96,1.74,5.05,6.54,1.68,414000.0,2.18,3.09,-0.47055,7.099,4.37,7.89,4113.6843,19.21,5.45,11.619,5.7,6.44,4.75,3558000.0,1010.5441
2002-02-04,9687.08984375,4397.5400390625,5167.2998046875,4984.47998046875,7591.10009765625,10721.3203125,1855.530029296875,9631.9296875,249680000.0,0.0,1129378000.0,64756000.0,104054900.0,267871800.0,1779030000.0,0.0,1122.199951171875,1094.43994140625,1437600000.0,56.969970703125,7.02,1.78,5.05,6.52,1.71,404000.0,2.25,3.11,-0.48432,9.17,4.4,7.89,4100.6045,19.71,5.42,7.333,5.66,6.51,4.75,3537000.0,1008.5529
2002-02-11,9884.7802734375,4353.2099609375,5161.7998046875,4940.0,7604.5,10832.740234375,1846.6600341796875,9686.0595703125,189050000.0,0.0,1126447000.0,66121900.0,89225700.0,184738200.0,1564830000.0,0.0,1096.219970703125,1111.93994140625,1159400000.0,52.419921875,6.88,1.74,4.92,6.49,1.72,397000.0,2.19,2.98,-0.49027,6.196,4.3,7.92,4119.0102,19.97,5.38,10.996,5.6,6.36,4.75,3562000.0,1015.2354
2002-02-18,9903.0400390625,4347.0498046875,5154.2998046875,4871.759765625,7558.60009765625,11002.8095703125,1805.199951171875,10093.25,246600000.0,0.0,802308000.0,41433900.0,792200.0,181042600.0,1624720000.0,0.0,1116.47998046875,1104.1800537109375,1359200000.0,46.280029296875,6.86,1.72,4.94,6.54,1.72,397000.0,2.24,3.02,-0.49213,4.976,4.33,7.91,4122.2314,21.18,5.42,6.525,5.65,6.35,4.75,3580000.0,1014.6496
2002-02-25,10145.7099609375,4305.43994140625,5100.7001953125,4863.5400390625,7512.5,10496.01953125,1769.8800048828125,10296.4697265625,256580000.0,0.0,1219187000.0,59788400.0,94046200.0,191984600.0,1666850000.0,0.0,1089.8399658203125,1109.4300537109375,1367400000.0,46.280029296875,6.81,1.75,4.87,6.5,1.73,398000.0,2.24,2.99,-0.49187,4.892,4.27,7.86,4134.6043,20.7,5.52,11.39,5.59,6.28,4.75,3538000.0,1020.0414
2002-03-04,10586.8203125,4607.43994140625,5242.0,5245.83984375,7861.7998046875,10704.1201171875,1859.3199462890625,11450.2197265625,298820000.0,0.0,1491304000.0,90965800.0,123893200.0,279649600.0,2297630000.0,0.0,1131.780029296875,1153.8399658203125,1594300000.0,79.449951171875,6.8,1.75,4.9,6.53,1.74,392000.0,2.28,3.08,-0.49291,4.696,4.3,7.88,4119.3007,21.43,5.54,8.512,5.61,6.28,4.75,3567000.0,1017.7946
2002-03-11,10611.240234375,4586.75,5258.89990234375,5340.669921875,7908.2001953125,11318.8701171875,1929.489990234375,11919.2998046875,214210000.0,0.0,887625000.0,74929600.0,88433100.0,264341400.0,1763950000.0,0.0,1164.31005859375,1168.260009765625,1210200000.0,66.300048828125,6.87,1.74,5.13,6.69,1.76,399000.0,2.41,3.34,-0.49405,5.473,4.55,8.0,4125.1061,23.31,5.69,11.159,5.8,6.37,4.75,3567000.0,1013.9127
2002-03-18,10577.75,4625.81005859375,5299.89990234375,5426.0400390625,7917.7001953125,11230.6396484375,1877.06005859375,11498.3798828125,182800000.0,0.0,1151283000.0,65725800.0,104875700.0,240821200.0,1547190000.0,0.0,1166.1600341796875,1165.550048828125,1169500000.0,22.02001953125,7.08,1.71,5.34,6.85,1.81,392000.0,2.58,3.58,-0.49568,4.801,4.77,8.13,4129.625,24.4,5.85,7.781,5.98,6.59,4.75,3598000.0,1009.7594
2002-03-25,10281.669921875,4588.35986328125,5203.60009765625,5317.3798828125,7751.2998046875,10836.6396484375,1812.489990234375,11261.08984375,218840000.0,0.0,1321371000.0,45299000.0,110013300.0,201915500.0,1429310000.0,0.0,1148.699951171875,1131.8699951171875,1057900000.0,42.0699462890625,7.14,1.76,5.37,6.88,1.81,415000.0,2.66,3.7,-0.49902,6.511,4.84,8.17,4134.9966,25.25,5.87,9.319,6.0,6.65,4.75,3599000.0,1014.5801
2002-04-01,10362.7001953125,4688.02001953125,5271.7998046875,5397.2900390625,7888.5,11032.919921875,1862.6199951171875,11028.7001953125,173820000.0,0.0,1175056000.0,43888300.0,81272600.0,214855400.0,1554790000.0,0.0,1147.3900146484375,1146.5400390625,1050900000.0,38.6800537109375,7.18,1.7,5.38,6.87,1.78,479000.0,2.7,3.71,-0.5053,5.198,4.88,8.16,4169.0162,25.86,5.88,7.423,6.0,6.69,4.75,3723000.0,1012.3886
2002-04-08,10249.080078125,4431.8798828125,5178.60009765625,5180.330078125,7747.60009765625,10723.6796875,1785.8699951171875,11352.8896484375,220420000.0,0.0,1354333000.0,64010300.0,114038300.0,227928200.0,1599200000.0,0.0,1122.72998046875,1125.2900390625,1095300000.0,38.6800537109375,7.13,1.77,5.32,6.83,1.75,445000.0,2.64,3.6,-0.51706,5.395,4.79,8.14,4148.3287,26.99,5.84,11.407,5.93,6.64,4.75,3732000.0,1010.4189
2002-04-15,10093.669921875,4502.490234375,5201.39990234375,5244.2001953125,7761.2998046875,10727.98046875,1753.780029296875,11137.2998046875,231610000.0,0.0,1207913000.0,48871900.0,72338400.0,139528400.0,1327230000.0,0.0,1111.010009765625,1102.550048828125,1120400000.0,33.9000244140625,6.99,1.71,5.22,6.75,1.69,442000.0,2.53,3.47,-0.53561,5.008,4.66,8.07,4150.1028,25.24,5.79,7.279,5.85,6.49,4.75,3650000.0,1005.4987
2002-04-22,10136.4296875,4559.4599609375,5221.5,5205.47998046875,7814.2998046875,11139.419921875,1758.6800537109375,11721.6396484375,207120000.0,0.0,1403822000.0,55419700.0,80037500.0,271805600.0,1703120000.0,0.0,1125.1700439453125,1107.8299560546875,1181800000.0,33.5899658203125,6.94,1.78,5.21,6.74,1.7,416000.0,2.42,3.39,-0.55924,5.957,4.62,8.02,4140.7322,25.54,5.81,11.325,5.85,6.42,4.75,3675000.0,1000.5955
2002-04-29,9819.8701171875,4430.3798828125,5153.89990234375,5008.0400390625,7582.5,11361.490234375,1656.9300537109375,11541.3896484375,211930000.0,0.0,1088950000.0,59234300.0,83334500.0,204981200.0,1842550000.0,0.0,1076.3199462890625,1065.449951171875,1314700000.0,65.199951171875,6.88,1.7,5.13,6.74,1.7,414000.0,2.36,3.3,-0.58482,6.994,4.56,7.94,4134.0018,26.46,5.75,7.348,5.79,6.35,4.75,3700000.0,998.1167
2002-05-06,9808.0400390625,4367.259765625,5203.10009765625,4880.669921875,7581.10009765625,11736.2001953125,1578.47998046875,11551.009765625,213910000.0,0.0,2132293000.0,44999300.0,96113500.0,247907400.0,1776080000.0,0.0,1073.4300537109375,1052.6700439453125,1122600000.0,44.1199951171875,6.78,1.81,5.11,6.71,1.74,409000.0,2.33,3.23,-0.60946,6.946,4.52,7.96,4165.302,26.88,5.71,13.096,5.73,6.26,4.75,3712000.0,991.9723
2002-05-13,10109.66015625,4375.39013671875,5204.7998046875,4975.47998046875,7661.39990234375,11733.4296875,1652.5400390625,11336.9501953125,201420000.0,0.0,1267997000.0,61108800.0,145798800.0,199682000.0,1648780000.0,0.0,1054.989990234375,1074.56005859375,1088600000.0,39.9600830078125,6.79,1.74,5.16,6.71,1.73,413000.0,2.31,3.22,-0.62643,5.145,4.5,8.04,4158.5887,27.27,5.72,7.11,5.77,6.27,4.75,3729000.0,989.9112
2002-05-20,10229.5,4400.75,5208.10009765625,4998.990234375,7727.0,11974.6103515625,1701.5899658203125,11856.5400390625,167470000.0,0.0,826481000.0,28653600.0,98926900.0,321247200.0,1429300000.0,0.0,1106.5899658203125,1091.8800048828125,989800000.0,52.68994140625,6.89,1.75,5.26,6.82,1.73,411000.0,2.4,3.35,-0.63535,5.134,4.58,8.18,4185.1918,28.43,5.82,9.876,5.91,6.37,4.75,3695000.0,990.1955
2002-05-27,10104.259765625,4360.7099609375,5136.2998046875,4961.5400390625,7667.0,11564.73046875,1661.489990234375,11976.349609375,143810000.0,0.0,1187779000.0,40874600.0,980400.0,188013200.0,1210890000.0,0.0,1097.0799560546875,1083.8199462890625,885400000.0,30.949951171875,6.81,1.71,5.17,6.77,1.71,403000.0,2.38,3.28,-0.63415,4.914,4.48,8.13,4173.0468,27.18,5.78,7.001,5.84,6.28,4.75,3712000.0,992.0851
2002-06-03,9709.7900390625,4227.14990234375,5085.10009765625,4747.9501953125,7599.5,11359.7998046875,1562.56005859375,11901.3896484375,221400000.0,0.0,1882118000.0,43593300.0,96740600.0,176358600.0,1623120000.0,0.0,1067.1400146484375,1040.6800537109375,1324300000.0,30.949951171875,6.76,1.78,5.1,6.74,1.72,378000.0,2.35,3.23,-0.62518,5.012,4.4,8.08,4158.3783,25.22,5.76,12.982,5.78,6.22,4.75,3664000.0,991.3998
2002-06-10,9645.400390625,4024.93994140625,4928.2001953125,4589.259765625,7460.7001953125,11288.83984375,1530.68994140625,11370.2099609375,226060000.0,0.0,1268007000.0,52906600.0,165912600.0,148036000.0,1518260000.0,37900000.0,1027.530029296875,1030.739990234375,1226200000.0,67.4400634765625,6.71,1.78,5.06,6.74,1.72,388000.0,2.32,3.15,-0.60951,5.338,4.34,8.05,4158.6375,25.01,5.78,8.5,5.77,6.18,4.75,3681000.0,989.7591
2002-06-17,9687.419921875,4010.360107421875,4756.7998046875,4475.10009765625,7357.39990234375,10832.259765625,1553.2900390625,10664.1103515625,247560000.0,0.0,1528700000.0,73492700.0,104989800.0,192975200.0,1591840000.0,56400000.0,1007.27001953125,1036.1700439453125,1236600000.0,57.4100341796875,6.71,1.74,4.97,6.65,1.7,396000.0,2.24,3.04,-0.58978,5.289,4.23,7.95,4161.8463,24.94,5.68,7.232,5.67,6.17,4.75,3604000.0,987.1924
2002-06-24,9281.8203125,3669.239990234375,4541.89990234375,4127.2099609375,7129.89990234375,10657.33984375,1460.3399658203125,10471.3203125,341190000.0,0.0,1392884000.0,115012200.0,121139600.0,190405200.0,2050610000.0,52600000.0,989.1400146484375,992.719970703125,1552600000.0,69.97998046875,6.63,1.75,4.83,6.55,1.69,388000.0,2.13,2.9,-0.56693,5.894,4.09,7.86,4167.359,25.61,5.61,6.383,5.57,6.08,4.75,3639000.0,982.5173
2002-07-01,9109.7900390625,3897.3701171875,4685.7998046875,4366.81005859375,7145.60009765625,10598.5498046875,1403.800048828125,10595.4404296875,258620000.0,0.0,1440558000.0,83944700.0,161794300.0,221668200.0,2320650000.0,43900000.0,989.8200073242188,968.6500244140625,1425500000.0,53.3699951171875,6.55,1.75,4.84,6.58,1.68,386000.0,2.1,2.87,-0.54158,6.963,4.08,7.93,4206.0643,26.52,5.65,9.556,5.61,5.99,4.75,3588000.0,980.7181
2002-07-08,9274.900390625,3858.35009765625,4601.2998046875,4442.330078125,7092.0,10803.4501953125,1405.6099853515625,10769.2001953125,244270000.0,0.0,1273599000.0,76744100.0,82161300.0,153657600.0,1708150000.0,55900000.0,989.030029296875,976.97998046875,1184400000.0,71.010009765625,6.57,1.75,4.83,6.58,1.69,391000.0,2.06,2.84,-0.5148,6.148,4.05,7.99,4195.0786,26.81,5.66,9.904,5.61,6.03,4.75,3554000.0,979.7798
2002-07-15,8639.1904296875,3323.739990234375,3994.5,3912.510009765625,6677.7998046875,10581.66015625,1382.6199951171875,10375.150390625,379100000.0,0.0,1967103000.0,99061200.0,113376300.0,126480400.0,2117700000.0,37400000.0,921.3900146484375,917.9299926757812,2574800000.0,117.0999755859375,6.54,1.73,4.71,6.53,1.69,384000.0,2.0,2.67,-0.48717,4.985,3.92,7.92,4189.9173,26.7,5.58,5.832,5.52,6.0,4.75,3495000.0,977.4007
2002-07-22,7784.580078125,3149.68994140625,3895.5,3691.429931640625,6366.7001953125,10110.25,1282.6500244140625,10189.009765625,477860000.0,0.0,1653423000.0,105387300.0,139991000.0,225025400.0,2014410000.0,44700000.0,847.760009765625,819.8499755859375,2248060000.0,121.04998779296875,6.49,1.74,4.68,6.54,1.69,379000.0,1.97,2.57,-0.46253,5.495,3.85,7.94,4214.9073,27.62,5.6,6.323,5.52,5.93,4.75,3473000.0,977.0982
2002-07-29,8711.8798828125,3395.830078125,4202.7001953125,3859.780029296875,6483.10009765625,9975.990234375,1335.25,9666.669921875,328750000.0,0.0,1810431000.0,86852100.0,129364800.0,170356400.0,1944170000.0,49900000.0,852.8400268554688,898.9600219726562,1778650000.0,123.280029296875,6.34,1.72,4.47,6.46,1.67,390000.0,1.88,2.32,-0.44219,5.311,3.56,7.8,4228.872,26.64,5.52,10.066,5.4,5.76,4.75,3495000.0,975.9503
2002-08-05,8043.6298828125,3115.3798828125,3996.39990234375,3332.64990234375,6536.5,9862.330078125,1206.010009765625,9704.9296875,281930000.0,0.0,1246155000.0,81125300.0,78877500.0,187999200.0,1336720000.0,55800000.0,864.239990234375,834.5999755859375,1425500000.0,78.20001220703125,6.43,1.72,4.52,6.54,1.66,388000.0,1.82,2.24,-0.42951,5.779,3.53,7.78,4229.896,26.87,5.53,7.288,5.44,5.84,4.75,3498000.0,974.1038
2002-08-12,8688.8896484375,3364.43994140625,4221.60009765625,3647.1298828125,6571.39990234375,9959.919921875,1306.8399658203125,9747.8203125,194200000.0,0.0,872799000.0,48798800.0,72087300.0,135721200.0,1054220000.0,34600000.0,908.6400146484375,903.7999877929688,1036500000.0,80.510009765625,6.31,1.74,4.35,6.45,1.59,389000.0,1.67,2.04,-0.42118,5.025,3.29,7.69,4228.8396,26.77,5.42,8.63,5.3,5.69,4.75,3485000.0,974.0673
2002-08-19,8990.7900390625,3493.010009765625,4426.89990234375,3837.669921875,6658.10009765625,10246.9599609375,1394.5400390625,9599.099609375,250510000.0,0.0,1272622000.0,72332400.0,91232300.0,126512200.0,1489490000.0,38300000.0,928.77001953125,950.7000122070312,1299800000.0,74.969970703125,6.22,1.72,4.18,6.31,1.61,399000.0,1.76,2.14,-0.4176,4.896,3.25,7.53,4254.5479,28.52,5.2,4.728,5.13,5.63,4.75,3531000.0,972.2509
2002-08-26,8919.009765625,3471.280029296875,4389.7998046875,3783.840087890625,6697.89990234375,10226.330078125,1391.739990234375,10067.740234375,187120000.0,0.0,962748000.0,42885100.0,79577400.0,106866600.0,1261360000.0,51200000.0,940.8599853515625,947.9500122070312,1016900000.0,48.78997802734375,6.27,1.73,4.24,6.33,1.61,398000.0,1.81,2.18,-0.4125,4.387,3.32,7.55,4249.0215,30.09,5.21,10.503,5.17,5.71,4.75,3521000.0,971.9114
2002-09-02,8663.5,3272.760009765625,4180.89990234375,3609.409912109375,6612.0,9896.98046875,1314.8499755859375,9521.6298828125,177100000.0,0.0,663090000.0,38914500.0,80217400.0,172456200.0,1089820000.0,32700000.0,917.7999877929688,916.0700073242188,929900000.0,61.66998291015625,6.22,1.76,4.21,6.33,1.65,394000.0,1.8,2.19,-0.40505,6.013,3.29,7.51,4254.1873,28.84,5.19,6.936,5.12,5.64,4.75,3549000.0,970.967
2002-09-09,8519.3798828125,3199.820068359375,4062.39990234375,3429.219970703125,6522.2001953125,9723.669921875,1304.5999755859375,9306.259765625,230080000.0,0.0,1008748000.0,50640400.0,109076900.0,165390800.0,1247540000.0,41700000.0,893.9199829101562,902.9600219726562,1130600000.0,61.66998291015625,6.15,1.81,3.98,6.21,1.61,416000.0,1.7,2.02,-0.39315,4.795,3.03,7.39,4293.9856,28.65,5.01,13.059,4.93,5.56,4.75,3532000.0,972.1968
2002-09-16,8380.1796875,3141.949951171875,4044.300048828125,3319.050048828125,6500.60009765625,9505.1298828125,1275.8800048828125,9241.9296875,189900000.0,0.0,902449000.0,54050800.0,79485000.0,322838600.0,1097330000.0,111800000.0,889.8099975585938,891.0999755859375,1001400000.0,46.97003173828125,6.18,1.73,4.0,6.21,1.66,412000.0,1.78,2.12,-0.37989,5.009,3.08,7.43,4258.7111,29.59,5.03,6.731,4.95,5.59,4.75,3554000.0,966.7382
2002-09-23,7872.14990234375,2794.31005859375,3739.39990234375,2914.25,6080.10009765625,9314.8701171875,1184.9300537109375,9481.080078125,268190000.0,0.0,1271055000.0,87544600.0,110584900.0,141863400.0,1443330000.0,47900000.0,845.3900146484375,833.7000122070312,1381100000.0,76.91998291015625,6.05,1.73,3.84,6.12,1.65,401000.0,1.73,2.01,-0.36746,5.773,2.93,7.37,4266.8252,29.39,4.94,8.454,4.83,5.47,4.75,3579000.0,964.7887
2002-09-30,7591.93017578125,2777.449951171875,3721.800048828125,2769.030029296875,6180.39990234375,9072.2099609375,1172.06005859375,9383.2900390625,373450000.0,0.0,2298956000.0,105816300.0,139104400.0,221724000.0,1682900000.0,40800000.0,827.3699951171875,815.280029296875,1721870000.0,56.39996337890625,5.99,1.72,3.73,6.1,1.62,409000.0,1.68,1.93,-0.35952,6.832,2.79,7.39,4265.2626,30.63,4.89,6.464,4.79,5.41,4.75,3555000.0,966.1723
2002-10-07,7422.83984375,2733.56005859375,3780.89990234375,2667.389892578125,5841.0,8931.400390625,1119.4000244140625,8688.0,300960000.0,0.0,1365343000.0,87430000.0,104805400.0,240968000.0,1409850000.0,60900000.0,800.5800170898438,785.280029296875,1576500000.0,71.989990234375,6.01,1.8,3.69,6.13,1.55,404000.0,1.55,1.76,-0.35767,6.182,2.72,7.44,4324.4244,30.25,4.97,12.465,4.78,5.4,4.75,3619000.0,962.079
2002-10-14,7877.39990234375,2885.27001953125,3931.60009765625,2850.110107421875,5978.7001953125,8965.73046875,1220.530029296875,8529.6103515625,228340000.0,0.0,1191616000.0,79204400.0,116710400.0,221067800.0,1204240000.0,56500000.0,835.3200073242188,841.4400024414062,1200300000.0,75.760009765625,5.98,1.73,3.68,6.15,1.56,405000.0,1.59,1.78,-0.36321,5.106,2.71,7.57,4298.607,29.37,4.99,5.775,4.78,5.34,4.75,3529000.0,962.1664
2002-10-21,8538.240234375,3156.929931640625,4133.7998046875,3282.669921875,6362.2998046875,9570.3603515625,1309.6700439453125,8978.41015625,311250000.0,0.0,1120832000.0,69383300.0,149157700.0,186206800.0,1572970000.0,36100000.0,884.3900146484375,899.719970703125,1447000000.0,96.77001953125,6.15,1.75,4.11,6.41,1.64,412000.0,1.77,2.07,-0.37665,4.327,3.15,7.86,4346.9369,29.65,5.27,9.907,5.14,5.56,4.75,3518000.0,964.9364
2002-10-28,8368.0400390625,3120.85009765625,4090.5,3198.9599609375,6419.39990234375,9853.740234375,1315.8299560546875,8757.509765625,290400000.0,0.0,1108894000.0,79952400.0,161115500.0,208841600.0,1636190000.0,36600000.0,897.6500244140625,890.22998046875,1382600000.0,40.8599853515625,6.31,1.72,4.21,6.5,1.64,409000.0,1.79,2.14,-0.39357,5.064,3.22,7.95,4342.3237,27.88,5.35,6.699,5.22,5.7,4.75,3557000.0,962.5636
2002-11-04,8571.599609375,3218.669921875,4141.5,3327.93994140625,6432.7001953125,9720.830078125,1396.5400390625,8685.7197265625,336230000.0,0.0,1719876000.0,89082800.0,157125700.0,213267400.0,2372480000.0,41600000.0,900.9600219726562,908.3499755859375,1645900000.0,56.6700439453125,6.13,1.79,4.0,6.39,1.47,405000.0,1.51,1.77,-0.41377,4.799,2.9,7.81,4345.681,27.03,5.3,12.514,5.07,5.51,4.75,3557000.0,961.2848
2002-11-11,8358.9501953125,3053.699951171875,4015.60009765625,3042.06005859375,6293.89990234375,9580.8798828125,1319.18994140625,8460.3701171875,213540000.0,0.0,1376824000.0,69092700.0,89562400.0,264728400.0,1267420000.0,46000000.0,894.739990234375,876.1900024414062,1113000000.0,51.02996826171875,6.11,1.7,4.0,6.32,1.28,400000.0,1.46,1.84,-0.43324,5.338,2.95,7.71,4345.3987,25.97,5.24,7.912,5.03,5.48,4.75,3539000.0,961.5501
2002-11-18,8486.5703125,3208.469970703125,4116.0,3218.360107421875,6485.0,9920.08984375,1393.68994140625,8346.009765625,232900000.0,0.0,1548176000.0,70292100.0,110344800.0,250304400.0,1766300000.0,55000000.0,909.8300170898438,900.3599853515625,1282600000.0,43.8599853515625,5.94,1.21,3.94,6.22,1.2,389000.0,1.46,1.84,-0.44942,5.013,2.93,7.56,4367.8648,25.68,5.09,9.939,4.94,5.32,4.25,3438000.0,957.9476
2002-11-25,8849.400390625,3295.679931640625,4122.2001953125,3299.239990234375,6578.2001953125,10100.76953125,1481.9000244140625,8944.4404296875,228250000.0,0.0,1573716000.0,66461600.0,151813600.0,246009200.0,1952400000.0,65600000.0,930.5499877929688,932.8699951171875,1574000000.0,44.19000244140625,6.03,1.28,4.08,6.3,1.2,390000.0,1.51,1.99,-0.45873,4.868,3.13,7.56,4337.0277,26.98,5.14,10.089,5.04,5.44,4.25,3474000.0,959.3436
2002-12-02,8862.5703125,3298.760009765625,4154.2998046875,3380.199951171875,6665.2998046875,10205.16015625,1484.780029296875,9174.4697265625,282090000.0,0.0,1529519000.0,116800000.0,199833000.0,320709200.0,1925550000.0,47800000.0,936.3099975585938,934.530029296875,1612000000.0,47.3199462890625,6.13,1.27,4.19,6.37,1.21,377000.0,1.55,2.07,-0.46154,5.016,3.26,7.6,4387.8805,26.83,5.22,11.027,5.14,5.57,4.25,3404000.0,962.2816
2002-12-09,8473.41015625,3115.6298828125,3933.89990234375,3065.570068359375,6504.10009765625,9868.48046875,1367.1400146484375,8828.0498046875,227690000.0,0.0,1272599000.0,71056500.0,170466300.0,528145400.0,1496820000.0,44000000.0,912.22998046875,892.0,1320800000.0,62.31005859375,6.19,1.24,4.17,6.33,1.2,425000.0,1.53,2.01,-0.45929,4.664,3.24,7.55,4359.8976,27.14,5.19,10.201,5.13,5.6,4.25,3537000.0,960.9576
2002-12-16,8627.400390625,3173.85009765625,3984.0,3205.2900390625,6724.39990234375,9656.4599609375,1400.3299560546875,8450.9404296875,207040000.0,0.0,1469197000.0,77975500.0,140458900.0,150167600.0,1406210000.0,44500000.0,889.47998046875,910.4000244140625,1271600000.0,27.0,6.04,1.23,4.04,6.2,1.19,429000.0,1.47,1.87,-0.4583,4.107,3.06,7.45,4351.7811,27.82,5.09,9.027,5.01,5.46,4.25,3497000.0,958.3061
2002-12-23,8493.2900390625,3087.6201171875,3936.89990234375,3000.840087890625,6628.2998046875,9570.9296875,1381.68994140625,8406.8798828125,184910000.0,0.0,584866000.0,41508500.0,67292100.0,226114000.0,1193060000.0,49300000.0,895.739990234375,897.3800048828125,1112100000.0,30.89996337890625,6.03,1.27,4.05,6.23,1.2,394000.0,1.43,1.83,-0.46032,5.959,3.02,7.45,4337.6886,30.35,5.18,9.028,5.04,5.42,4.25,3435000.0,956.6869
2002-12-30,8332.849609375,3025.139892578125,3900.60009765625,2892.6298828125,6617.60009765625,9272.330078125,1339.5400390625,8578.9501953125,200850000.0,0.0,433616000.0,29283900.0,75099600.0,220730400.0,1076580000.0,16800000.0,875.4000244140625,879.3900146484375,1057800000.0,30.89996337890625,5.93,1.23,3.92,6.14,1.16,409000.0,1.41,1.71,-0.46897,4.678,2.89,7.38,4376.981,32.38,5.1,11.876,4.91,5.32,4.25,3462000.0,959.7374
2003-01-06,8773.5703125,3210.27001953125,4001.39990234375,3157.25,6837.2998046875,9665.9599609375,1421.3199462890625,8713.330078125,258040000.0,0.0,1123294000.0,81943500.0,142266300.0,234912800.0,1567690000.0,23300000.0,908.5900268554688,929.010009765625,1435900000.0,62.32000732421875,5.85,1.2,3.94,6.16,1.2,393000.0,1.38,1.7,-0.48438,5.016,2.91,7.37,4332.1996,31.96,5.1,10.667,4.93,5.24,4.25,3438000.0,953.5346
2003-01-13,8785.98046875,3169.820068359375,3948.300048828125,3060.64990234375,6809.89990234375,9834.080078125,1446.0400390625,8470.4501953125,231990000.0,0.0,1611201000.0,89340500.0,144533100.0,197967600.0,1376040000.0,49500000.0,927.5700073242188,926.260009765625,1396300000.0,31.97998046875,5.95,1.2,4.1,6.24,1.18,378000.0,1.41,1.8,-0.50309,4.829,3.12,7.44,4343.284,31.54,5.2,7.859,5.08,5.33,4.25,3388000.0,955.0674
2003-01-20,8586.740234375,3020.070068359375,3778.60009765625,2893.550048828125,6740.39990234375,9552.01953125,1376.18994140625,8558.8203125,293830000.0,0.0,1494782000.0,63749500.0,1168700.0,176223000.0,1433840000.0,64600000.0,914.5999755859375,901.780029296875,1358200000.0,36.02996826171875,5.97,1.26,4.1,6.22,1.17,402000.0,1.38,1.75,-0.51953,5.244,3.11,7.39,4381.2013,33.04,5.18,9.606,5.07,5.36,4.25,3357000.0,952.9438
2003-01-27,7989.56005859375,2795.780029296875,3480.800048828125,2643.800048828125,6556.5,9298.669921875,1325.27001953125,8609.4697265625,272190000.0,0.0,2324958000.0,127433000.0,130209700.0,192059400.0,1440300000.0,50500000.0,861.4000244140625,847.47998046875,1435900000.0,36.02996826171875,5.91,1.23,3.97,6.11,1.15,407000.0,1.32,1.67,-0.53042,6.133,2.96,7.29,4392.723,34.46,5.08,12.337,4.96,5.31,4.25,3475000.0,950.6696
2003-02-03,8109.81982421875,2957.7900390625,3689.39990234375,2751.989990234375,6593.7001953125,9258.9501953125,1323.7900390625,8500.7900390625,221770000.0,0.0,1772630000.0,73695500.0,81387600.0,151874200.0,1256550000.0,50700000.0,855.7000122070312,860.3200073242188,1258500000.0,47.0,5.9,1.24,4.01,6.09,1.16,413000.0,1.32,1.72,-0.5365,7.162,3.01,7.21,4390.0231,33.19,5.06,7.139,4.96,5.28,4.25,3368000.0,947.7474
2003-02-10,7920.10986328125,2772.260009765625,3579.10009765625,2586.090087890625,6444.10009765625,9232.1396484375,1296.6800537109375,8484.9296875,224630000.0,0.0,1312852000.0,83134900.0,82414400.0,145628000.0,1216440000.0,37700000.0,829.6900024414062,835.969970703125,1238200000.0,41.1099853515625,5.88,1.29,3.98,5.99,1.15,390000.0,1.32,1.69,-0.53806,5.392,3.02,7.1,4428.51,33.95,5.0,11.65,4.92,5.27,4.25,3457000.0,942.3292
2003-02-17,7908.7998046875,2882.1201171875,3692.39990234375,2708.969970703125,6564.10009765625,9383.6796875,1310.1700439453125,8771.8896484375,237900000.0,0.0,1185132000.0,59239000.0,1043200.0,193064000.0,1315410000.0,62900000.0,817.3699951171875,834.8900146484375,1404600000.0,39.44000244140625,5.86,1.22,3.95,5.97,1.16,420000.0,1.3,1.63,-0.53864,4.681,2.94,7.09,4417.8865,35.79,5.06,6.254,4.91,5.26,4.25,3423000.0,942.9911
2003-02-24,7858.240234375,2785.610107421875,3701.800048828125,2571.35009765625,6502.2998046875,9239.4697265625,1322.3800048828125,8564.9501953125,229020000.0,0.0,1221485000.0,73568800.0,90325000.0,119645600.0,1222480000.0,37500000.0,848.1699829101562,832.5800170898438,1229200000.0,39.44000244140625,5.84,1.3,3.89,5.96,1.17,421000.0,1.3,1.62,-0.54021,5.048,2.87,7.06,4415.6512,36.78,5.07,12.588,4.88,5.21,4.25,3500000.0,941.9246
2003-03-03,7837.85986328125,2762.25,3684.699951171875,2549.64990234375,6472.5,9268.76953125,1320.2900390625,8490.400390625,216370000.0,0.0,1383022000.0,73924000.0,84635800.0,213816000.0,1253490000.0,46500000.0,841.1500244140625,834.8099975585938,1208900000.0,33.800048828125,5.79,1.24,3.78,5.89,1.19,436000.0,1.27,1.57,-0.54441,5.249,2.76,6.97,4403.9272,36.98,4.98,8.084,4.78,5.14,4.25,3496000.0,939.9795
2003-03-10,7568.18017578125,2513.610107421875,3436.10009765625,2329.0400390625,6277.7001953125,8861.8701171875,1278.3699951171875,8042.259765625,215960000.0,0.0,1444877000.0,101649300.0,82316000.0,205221000.0,1119970000.0,54000000.0,828.8900146484375,807.47998046875,1255000000.0,45.77001953125,5.67,1.29,3.65,5.82,1.15,424000.0,1.22,1.47,-0.5512,4.909,2.61,6.9,4447.6963,36.98,4.91,13.468,4.68,5.01,4.25,3559000.0,939.6076
2003-03-17,8141.919921875,2831.72998046875,3722.300048828125,2487.1201171875,6406.60009765625,8804.16015625,1392.27001953125,7871.64013671875,356750000.0,0.0,1479570000.0,136862800.0,105540000.0,143293200.0,1886510000.0,41300000.0,833.27001953125,862.7899780273438,1700420000.0,73.88995361328125,5.61,1.21,3.65,5.82,1.09,430000.0,1.16,1.47,-0.56078,5.196,2.62,6.9,4441.6959,36.66,4.91,5.511,4.68,4.93,4.25,3528000.0,939.535
2003-03-24,8214.6796875,2726.85009765625,3743.300048828125,2548.3701171875,6364.0,9108.4501953125,1369.780029296875,8435.0703125,259460000.0,0.0,1199205000.0,106067200.0,94148900.0,248268800.0,1317380000.0,58000000.0,895.7899780273438,864.22998046875,1293000000.0,68.73004150390625,5.79,1.27,3.97,5.99,1.14,411000.0,1.32,1.72,-0.57449,4.979,2.97,7.04,4437.4206,30.46,5.12,13.478,4.94,5.11,4.25,3585000.0,936.401
2003-03-31,7992.1298828125,2618.4599609375,3613.300048828125,2423.8701171875,6343.2998046875,8634.4501953125,1341.1700439453125,7972.7099609375,301270000.0,0.0,1399643000.0,97038600.0,113120300.0,324820000.0,1596280000.0,45600000.0,863.5,848.1799926757812,1495500000.0,52.22003173828125,5.91,1.22,3.96,5.94,1.15,436000.0,1.27,1.65,-0.59371,5.916,2.93,6.97,4434.6463,30.43,5.16,6.341,4.96,5.21,4.25,3536000.0,936.3115
2003-04-07,8300.41015625,2935.679931640625,3935.800048828125,2808.93994140625,6434.2998046875,8962.2099609375,1389.510009765625,8249.98046875,285610000.0,0.0,1699069000.0,132642300.0,113013300.0,221557200.0,1516080000.0,51000000.0,878.8499755859375,879.9299926757812,1494000000.0,61.21002197265625,5.79,1.28,3.9,5.81,1.1,417000.0,1.19,1.54,-0.61813,5.654,2.84,6.91,4449.7639,29.33,5.13,13.314,4.91,5.06,4.25,3583000.0,938.179
2003-04-14,8351.099609375,2874.97998046875,3849.39990234375,2776.780029296875,6462.39990234375,8533.5498046875,1384.949951171875,7752.10009765625,199690000.0,0.0,1049779000.0,80766500.0,115078800.0,190938000.0,1173640000.0,64600000.0,868.2999877929688,885.22998046875,1131000000.0,42.1300048828125,5.85,1.23,3.97,5.81,1.13,434000.0,1.25,1.61,-0.64643,6.528,2.92,6.93,4411.6357,28.03,5.18,5.725,4.95,5.17,4.25,3586000.0,937.4047
2003-04-21,8328.900390625,2898.610107421875,3889.199951171875,2899.780029296875,6570.7998046875,8579.1396484375,1424.3699951171875,7969.080078125,175900000.0,0.0,1048616000.0,94659800.0,82061100.0,188226400.0,1271170000.0,49500000.0,893.5800170898438,892.010009765625,1118700000.0,34.010009765625,5.82,1.27,3.99,5.8,1.16,450000.0,1.33,1.7,-0.67491,6.47,2.98,6.89,4435.116,29.28,5.16,13.164,4.94,5.12,4.25,3674000.0,938.476
2003-04-28,8471.6103515625,2949.570068359375,3940.300048828125,2953.919921875,6548.7001953125,8435.0400390625,1462.239990234375,7607.8798828125,214870000.0,0.0,1208580000.0,87581800.0,69033900.0,237547000.0,1477750000.0,46100000.0,898.8099975585938,914.8400268554688,1273000000.0,34.010009765625,5.79,1.26,3.97,5.68,1.14,444000.0,1.31,1.66,-0.70021,8.927,2.97,6.79,4456.2459,28.43,5.09,8.29,4.89,5.12,4.25,3676000.0,933.278
2003-05-05,8531.5703125,2996.219970703125,3952.60009765625,3013.0400390625,6659.7001953125,8916.490234375,1504.0400390625,7907.18994140625,200340000.0,0.0,1443053000.0,88134300.0,132098300.0,203148800.0,1932030000.0,53400000.0,930.0800170898438,926.5499877929688,1446300000.0,36.3599853515625,5.7,1.28,3.92,5.56,1.11,428000.0,1.25,1.56,-0.71889,8.763,2.88,6.68,4513.7047,25.69,5.03,15.422,4.82,5.03,4.25,3730000.0,931.3162
2003-05-12,8726.73046875,2962.6298828125,3987.39990234375,2937.260009765625,6717.5,9155.5703125,1541.4000244140625,8221.1201171875,224780000.0,0.0,1056404000.0,79839500.0,117994700.0,286413600.0,1796940000.0,58700000.0,933.4099731445312,945.1099853515625,1378800000.0,34.49005126953125,5.62,1.26,3.77,5.42,1.09,417000.0,1.23,1.48,-0.72898,7.113,2.7,6.52,4473.6277,26.58,4.98,6.756,4.7,4.97,4.25,3704000.0,928.6156
2003-05-19,8493.3896484375,2867.2900390625,3941.300048828125,2850.679931640625,6742.0,9087.3701171875,1492.77001953125,8039.1298828125,220770000.0,0.0,1335744000.0,102016600.0,83878700.0,143171000.0,1684210000.0,63700000.0,944.2999877929688,920.77001953125,1375700000.0,28.4200439453125,5.45,1.25,3.56,5.23,1.05,425000.0,1.2,1.44,-0.73209,7.139,2.52,6.39,4509.901,28.54,4.79,12.795,4.51,4.84,4.25,3716000.0,926.978
2003-05-26,8601.3798828125,2885.52001953125,3979.800048828125,2828.280029296875,6784.89990234375,9492.7099609375,1510.0899658203125,8227.3203125,197850000.0,0.0,1633115000.0,33294900.0,940800.0,327703800.0,1448770000.0,47600000.0,931.8699951171875,933.219970703125,1201000000.0,36.60003662109375,5.34,1.27,3.38,5.01,1.04,419000.0,1.13,1.36,-0.73032,6.899,2.35,6.23,4487.0761,29.29,4.55,10.464,4.34,4.73,4.25,3672000.0,922.7751
2003-06-02,8897.8095703125,3048.320068359375,4129.2998046875,3064.56005859375,6940.2001953125,9637.5302734375,1590.75,8547.169921875,261750000.0,0.0,1350023000.0,106530900.0,150776900.0,257552600.0,2517530000.0,77100000.0,963.5900268554688,967.0,1662500000.0,36.60003662109375,5.31,1.24,3.39,5.05,1.09,431000.0,1.13,1.33,-0.72692,5.543,2.32,6.23,4509.7536,29.1,4.59,15.77,4.38,4.73,4.25,3774000.0,920.9686
2003-06-09,8980.0,3055.22998046875,4129.10009765625,3094.760009765625,6972.39990234375,9733.509765625,1603.969970703125,8822.73046875,210890000.0,0.0,1246896000.0,48271200.0,101847000.0,253544200.0,1856700000.0,94000000.0,987.760009765625,975.9299926757812,1307000000.0,58.04998779296875,5.26,1.26,3.36,5.0,1.05,429000.0,1.08,1.25,-0.72391,6.487,2.27,6.22,4515.2727,30.68,4.62,11.994,4.37,4.66,4.25,3682000.0,916.1309
2003-06-16,9318.9599609375,3174.489990234375,4152.89990234375,3264.5,7099.2998046875,9862.2802734375,1666.5799560546875,8839.830078125,209150000.0,0.0,1390218000.0,97142500.0,106619400.0,225146200.0,1912560000.0,53300000.0,988.6099853515625,1010.739990234375,1345900000.0,38.26995849609375,5.21,1.24,3.2,4.84,0.92,421000.0,0.97,1.14,-0.72311,6.515,2.13,6.08,4532.393,31.46,4.5,10.099,4.21,4.6,4.25,3695000.0,915.946
2003-06-23,9072.9501953125,3119.239990234375,4087.89990234375,3186.389892578125,7014.7001953125,9734.2900390625,1610.75,9137.1396484375,197010000.0,0.0,1330486000.0,91831900.0,101906200.0,234125800.0,1694940000.0,95200000.0,995.6900024414062,981.6400146484375,1398100000.0,37.92999267578125,5.21,1.25,3.31,4.93,0.84,408000.0,0.95,1.22,-0.72526,7.147,2.27,6.17,4531.0515,30.6,4.6,10.204,4.31,4.62,4.25,3692000.0,914.4199
2003-06-30,8985.4404296875,3084.10009765625,4031.199951171875,3220.580078125,6983.10009765625,9577.1201171875,1622.800048828125,9083.1103515625,223930000.0,0.0,1432136000.0,89154500.0,125949500.0,189464000.0,1792820000.0,97400000.0,976.219970703125,974.5,1587200000.0,28.49005126953125,5.24,1.21,3.42,5.06,0.86,429000.0,1.02,1.28,-0.72885,7.199,2.36,6.26,4562.7719,30.01,4.71,13.382,4.43,4.63,4.25,3737000.0,915.9005
2003-07-07,9216.7900390625,3182.18994140625,4074.800048828125,3332.8701171875,7068.39990234375,9892.400390625,1720.7099609375,9795.16015625,235220000.0,0.0,1378312600.0,118920800.0,115835700.0,267968200.0,1836380000.0,97200000.0,985.7000122070312,1004.4199829101562,1429100000.0,32.9000244140625,5.4,1.13,3.58,5.2,0.87,433000.0,1.07,1.31,-0.73206,6.087,2.49,6.35,4570.367,30.31,4.86,12.845,4.56,4.75,4.04,3627000.0,926.1613
2003-07-14,9177.150390625,3190.22998046875,4127.60009765625,3396.070068359375,7116.0,10122.400390625,1754.8199462890625,9755.6298828125,250150000.0,0.0,1323850900.0,84633500.0,98976200.0,225176000.0,1973180000.0,64700000.0,998.1400146484375,1003.8599853515625,1448900000.0,32.9000244140625,5.52,0.96,3.72,5.3,0.88,412000.0,1.08,1.35,-0.73293,6.218,2.6,6.42,4560.8636,30.73,4.95,10.082,4.68,4.85,4.0,3599000.0,924.1637
2003-07-21,9096.6904296875,3081.06005859375,4044.300048828125,3287.0,7136.0,10102.8603515625,1681.4100341796875,9527.73046875,204350000.0,0.0,1242849700.0,86690100.0,108470500.0,245555000.0,1459310000.0,66900000.0,993.3200073242188,978.7999877929688,1254200000.0,39.77996826171875,5.67,1.02,3.93,5.45,0.89,403000.0,1.1,1.45,-0.72946,6.479,2.82,6.57,4587.4999,31.48,5.07,11.134,4.88,5.0,4.0,3592000.0,922.284
2003-07-28,9266.509765625,3164.929931640625,4148.7998046875,3417.77001953125,7284.5,10134.8798828125,1735.3599853515625,9839.91015625,205610000.0,0.0,1306518600.0,70777700.0,133801200.0,242282600.0,1535820000.0,67500000.0,998.6799926757812,996.52001953125,1328600000.0,25.04998779296875,5.94,1.01,4.18,5.62,0.91,398000.0,1.13,1.56,-0.72149,6.067,3.08,6.75,4599.0743,30.61,5.25,14.21,5.09,5.27,4.0,3647000.0,921.179
2003-08-04,9186.0400390625,3142.0,4100.10009765625,3405.31005859375,7218.60009765625,10183.1396484375,1714.06005859375,9452.7900390625,195740000.0,0.0,1317699300.0,82228400.0,79131100.0,207461400.0,1573410000.0,60900000.0,980.1500244140625,982.8200073242188,1318700000.0,37.800048828125,6.14,1.04,4.4,5.84,0.95,401000.0,1.22,1.71,-0.70787,6.205,3.31,6.97,4592.3292,30.73,5.46,10.751,5.34,5.44,4.0,3601000.0,917.2991
2003-08-11,9217.349609375,3188.320068359375,4176.7001953125,3339.580078125,7317.7998046875,10093.5400390625,1661.510009765625,9487.7998046875,145460000.0,0.0,1255757900.0,60826100.0,95590400.0,154525400.0,1203780000.0,50100000.0,977.5900268554688,980.5900268554688,1022200000.0,29.469970703125,6.34,0.97,4.34,5.83,0.94,404000.0,1.26,1.77,-0.69345,5.639,3.24,6.98,4623.436,32.11,5.44,13.477,5.34,5.66,4.0,3596000.0,912.8239
2003-08-18,9412.4501953125,3301.080078125,4272.10009765625,3507.22998046875,7411.2998046875,10525.0400390625,1739.489990234375,10032.9697265625,185580000.0,0.0,1093759700.0,63854400.0,100687900.0,345808600.0,1476310000.0,85100000.0,990.6699829101562,999.739990234375,1127600000.0,26.51995849609375,6.24,0.98,4.49,5.93,0.94,398000.0,1.29,1.82,-0.67985,5.611,3.35,7.07,4637.2479,31.31,5.54,8.007,5.45,5.58,4.0,3603000.0,910.0886
2003-08-25,9317.6396484375,3291.360107421875,4225.89990234375,3500.090087890625,7441.2001953125,10764.2197265625,1764.31005859375,10276.6396484375,148680000.0,0.0,1415583000.0,52185800.0,85324300.0,364139000.0,1117840000.0,62400000.0,993.0599975585938,993.7100219726562,971700000.0,23.9100341796875,6.28,1.18,4.47,5.89,0.95,391000.0,1.33,1.89,-0.66967,5.644,3.39,7.02,4612.3789,31.19,5.43,21.955,5.39,5.6,4.0,3574000.0,908.3411
2003-09-01,9415.8203125,3358.52001953125,4204.39990234375,3571.219970703125,7510.2998046875,10903.400390625,1810.449951171875,10670.1796875,150050000.0,0.0,1428093400.0,60269700.0,115493600.0,298936400.0,1206180000.0,100400000.0,1002.8400268554688,1008.010009765625,945100000.0,27.44000244140625,6.32,1.0,4.49,5.87,0.98,407000.0,1.35,1.98,-0.66424,5.974,3.49,6.97,4605.0324,31.56,5.37,12.019,5.38,5.66,4.0,3608000.0,908.7268
2003-09-08,9586.2900390625,3409.719970703125,4292.10009765625,3641.530029296875,7636.0,11165.2802734375,1888.6199951171875,10683.759765625,174430000.0,0.0,1569109000.0,76615200.0,164914800.0,331087200.0,2032940000.0,61800000.0,1021.3900146484375,1031.6400146484375,1299300000.0,27.44000244140625,6.44,1.01,4.52,5.9,0.95,422000.0,1.33,1.92,-0.66382,4.843,3.51,6.96,4638.7754,29.2,5.38,16.316,5.42,5.77,4.0,3598000.0,907.1492
2003-09-15,9448.8095703125,3338.360107421875,4260.89990234375,3516.31005859375,7575.2998046875,10992.73046875,1845.699951171875,10712.8095703125,171610000.0,0.0,1616116600.0,56197600.0,128131200.0,259582600.0,1463950000.0,126200000.0,1018.6300048828125,1014.8099975585938,1151300000.0,24.70001220703125,6.16,0.96,4.34,5.78,0.94,394000.0,1.22,1.69,-0.66782,4.745,3.23,6.86,4587.3482,28.92,5.34,8.538,5.27,5.46,4.0,3559000.0,902.899
2003-09-22,9535.41015625,3282.949951171875,4228.2001953125,3456.27001953125,7566.5,10873.26953125,1874.6199951171875,10475.099609375,191540000.0,0.0,1654632100.0,115889600.0,128535000.0,275224000.0,1720080000.0,121400000.0,1036.300048828125,1022.8200073242188,1278800000.0,32.58001708984375,6.01,1.02,4.23,5.72,0.93,379000.0,1.21,1.65,-0.6748,6.084,3.1,6.77,4604.4964,27.39,5.28,14.516,5.18,5.3,4.0,3588000.0,900.751
2003-09-29,9380.240234375,3188.7099609375,4142.7001953125,3323.3798828125,7445.60009765625,11141.2802734375,1824.56005859375,10229.5703125,204810000.0,0.0,1710707900.0,79451100.0,125554400.0,398325800.0,1666930000.0,59600000.0,996.8499755859375,1006.5800170898438,1366500000.0,44.98004150390625,5.98,1.0,4.16,5.59,0.93,387000.0,1.22,1.66,-0.68276,7.54,3.07,6.68,4604.3714,27.73,5.19,9.141,5.09,5.3,4.0,3558000.0,897.6893
2003-10-06,9594.98046875,3281.360107421875,4270.10009765625,3404.909912109375,7562.89990234375,11734.48046875,1893.4599609375,10740.1396484375,130430000.0,0.0,1321029100.0,75971200.0,99168400.0,455872800.0,1375810000.0,106500000.0,1029.8499755859375,1034.3499755859375,1025800000.0,48.9500732421875,5.77,1.07,4.05,5.51,0.93,386000.0,1.17,1.54,-0.69078,6.922,2.94,6.6,4623.9203,29.43,5.12,17.128,5.0,5.1,4.0,3570000.0,893.6111
2003-10-13,9764.3798828125,3360.340087890625,4362.2998046875,3538.389892578125,7633.60009765625,11961.9697265625,1933.530029296875,10786.0400390625,166220000.0,0.0,1437187600.0,79663900.0,89772000.0,261776800.0,1498730000.0,104100000.0,1038.06005859375,1045.3499755859375,1040500000.0,28.6600341796875,5.95,0.99,4.26,5.7,0.9,376000.0,1.2,1.65,-0.69909,5.185,3.13,6.76,4558.7605,30.69,5.3,7.138,5.21,5.26,4.0,3468000.0,889.341
2003-10-20,9777.9404296875,3358.800048828125,4347.60009765625,3559.330078125,7719.89990234375,12147.8896484375,1925.1400146484375,11161.7099609375,173840000.0,0.0,1383834500.0,77850100.0,86303400.0,405878200.0,1537390000.0,109400000.0,1039.3199462890625,1044.6800537109375,1172600000.0,18.050048828125,6.05,1.03,4.42,5.82,0.91,387000.0,1.29,1.85,-0.7069,3.745,3.32,6.84,4600.2254,31.49,5.4,12.588,5.35,5.36,4.0,3466000.0,889.7111
2003-10-27,9608.16015625,3306.590087890625,4251.2998046875,3517.10009765625,7664.2001953125,11749.7197265625,1882.9100341796875,10454.1201171875,193710000.0,0.0,1305951700.0,56174800.0,112558000.0,215722000.0,1518680000.0,59100000.0,1028.9100341796875,1031.1300048828125,1371800000.0,33.57000732421875,6.05,1.0,4.33,5.72,0.93,379000.0,1.3,1.83,-0.71269,5.403,3.24,6.73,4581.3386,30.17,5.32,10.373,5.23,5.39,4.0,3441000.0,884.836
2003-11-03,9858.4599609375,3439.070068359375,4332.60009765625,3744.5,7843.5,12386.8095703125,1967.699951171875,10559.58984375,190630000.0,0.0,1402839400.0,97782900.0,124035900.0,309036400.0,2089430000.0,64300000.0,1050.7099609375,1059.02001953125,1378200000.0,43.11993408203125,5.94,1.0,4.31,5.69,0.94,363000.0,1.3,1.81,-0.71778,5.125,3.22,6.69,4559.9096,29.28,5.3,16.292,5.2,5.26,4.0,3427000.0,883.8941
2003-11-10,9756.5302734375,3425.18994140625,4341.7998046875,3746.239990234375,7815.5,12156.6796875,1941.6400146484375,10504.5400390625,172460000.0,0.0,1269205300.0,88689100.0,86681000.0,196562200.0,1750150000.0,63800000.0,1053.2099609375,1047.1099853515625,1243600000.0,17.510009765625,5.98,1.01,4.41,5.74,0.94,371000.0,1.35,1.95,-0.72089,5.68,3.37,6.75,4592.9209,29.79,5.33,12.259,5.27,5.31,4.0,3441000.0,881.8053
2003-11-17,9710.830078125,3359.300048828125,4338.89990234375,3674.5400390625,7766.10009765625,11997.01953125,1909.6099853515625,9786.830078125,204910000.0,0.0,1660488900.0,97573600.0,116587700.0,238924600.0,1861100000.0,75900000.0,1050.3499755859375,1043.6300048828125,1374300000.0,28.3699951171875,6.03,0.99,4.36,5.7,0.93,370000.0,1.36,1.97,-0.7216,4.876,3.36,6.71,4628.2104,31.56,5.3,9.419,5.22,5.39,4.0,3331000.0,883.7842
2003-11-24,9747.7900390625,3412.050048828125,4382.39990234375,3737.090087890625,7850.2001953125,11848.5595703125,1947.1400146484375,9852.830078125,192330000.0,0.0,1838710300.0,89160200.0,101188500.0,130638800.0,1791020000.0,68600000.0,1035.280029296875,1052.0799560546875,1302800000.0,32.4500732421875,5.83,0.99,4.18,5.56,0.93,354000.0,1.3,1.84,-0.72031,4.651,3.16,6.57,4571.2291,32.58,5.17,12.226,5.07,5.17,4.0,3337000.0,879.583
2003-12-01,9899.0498046875,3490.260009765625,4410.0,3821.199951171875,7924.60009765625,12456.990234375,1989.8199462890625,10403.26953125,227650000.0,0.0,1574257800.0,95140000.0,132550100.0,304013400.0,1840020000.0,66700000.0,1058.199951171875,1070.1199951171875,1375000000.0,27.25,5.89,0.99,4.25,5.6,0.93,357000.0,1.35,1.97,-0.7179,5.223,3.27,6.61,4629.0002,30.11,5.2,12.03,5.13,5.22,4.0,3331000.0,882.916
2003-12-08,9965.26953125,3434.909912109375,4359.7998046875,3806.5400390625,7990.7998046875,12177.4404296875,1948.8499755859375,10045.33984375,192730000.0,0.0,1274517800.0,65895300.0,122528500.0,149159200.0,1583730000.0,60200000.0,1061.5,1069.300048828125,1218900000.0,17.530029296875,6.02,1.0,4.36,5.67,0.92,367000.0,1.37,2.04,-0.71455,5.437,3.4,6.66,4597.704,30.63,5.26,12.668,5.2,5.36,4.0,3318000.0,878.9501
2003-12-15,10022.8203125,3490.419921875,4348.0,3875.469970703125,7932.10009765625,12520.169921875,1918.260009765625,10490.76953125,247020000.0,0.0,1464465600.0,96054400.0,118392000.0,258624400.0,1815500000.0,76000000.0,1074.1400146484375,1068.0400390625,1520800000.0,29.3800048828125,5.88,0.98,4.29,5.67,0.9,363000.0,1.31,1.9,-0.71401,4.974,3.27,6.63,4625.5454,32.16,5.26,10.144,5.15,5.24,4.0,3251000.0,880.3759
2003-12-22,10338.0,3496.06005859375,4424.0,3876.93994140625,8135.39990234375,12487.990234375,1955.800048828125,10372.509765625,165730000.0,0.0,1015013700.0,62035700.0,95948100.0,202399400.0,1283590000.0,54000000.0,1088.6600341796875,1092.93994140625,1251700000.0,25.2999267578125,5.82,1.0,4.2,5.57,0.88,354000.0,1.27,1.84,-0.71691,5.622,3.2,6.54,4620.1011,33.2,5.17,9.675,5.05,5.14,4.0,3254000.0,893.6669
2003-12-29,10450.0,3520.7900390625,4457.5,3952.719970703125,8260.5,12464.2900390625,2006.47998046875,10500.6201171875,156400000.0,0.0,522401100.0,36488800.0,61969100.0,153216400.0,1413210000.0,52400000.0,1095.8900146484375,1109.47998046875,1058800000.0,28.909912109375,5.81,0.99,4.21,5.55,0.88,349000.0,1.28,1.86,-0.72387,4.701,3.22,6.54,4649.0195,32.24,5.16,11.893,5.03,5.13,4.0,3258000.0,881.5319
2004-01-05,10544.0703125,3608.2900390625,4513.2998046875,4035.89990234375,8381.7001953125,13005.330078125,2047.3599853515625,10825.169921875,221290000.0,0.0,1405558400.0,85539100.0,133797400.0,362998400.0,2362910000.0,44000000.0,1108.47998046875,1122.219970703125,1578200000.0,28.909912109375,5.85,0.96,4.3,5.65,0.91,356000.0,1.29,1.88,-0.73537,5.85,3.28,6.63,4629.482,32.68,5.24,10.686,5.13,5.15,4.0,3188000.0,880.3434
2004-01-12,10485.1796875,3560.10009765625,4449.60009765625,3995.909912109375,8380.400390625,13352.2197265625,2111.780029296875,10965.0498046875,197960000.0,0.0,1758017200.0,135461600.0,140994100.0,391788200.0,2284010000.0,95100000.0,1121.8599853515625,1127.22998046875,1510200000.0,26.840087890625,5.87,0.97,4.27,5.62,0.88,354000.0,1.29,1.83,-0.75007,5.319,3.24,6.56,4645.9866,33.89,5.22,9.839,5.11,5.17,4.0,3154000.0,879.1001
2004-01-19,10600.509765625,3689.969970703125,4518.10009765625,4139.919921875,8580.400390625,13253.3095703125,2140.4599609375,11036.330078125,254170000.0,0.0,1412471000.0,90095200.0,0.0,223116000.0,2614390000.0,90500000.0,1132.050048828125,1139.8299560546875,1721100000.0,24.6400146484375,5.66,0.99,4.04,5.46,0.87,362000.0,1.19,1.67,-0.76499,4.886,3.0,6.37,4658.7841,34.51,5.07,7.855,4.92,4.97,4.0,3139000.0,876.2888
2004-01-26,10702.509765625,3675.719970703125,4445.5,4128.68017578125,8594.900390625,13727.26953125,2153.830078125,10972.599609375,186170000.0,0.0,1708534500.0,87832200.0,122311100.0,349394400.0,1946050000.0,74900000.0,1141.550048828125,1155.3699951171875,1480600000.0,24.6400146484375,5.64,1.0,4.05,5.46,0.87,353000.0,1.2,1.69,-0.7789,7.374,3.02,6.37,4658.7091,35.45,5.06,16.761,4.92,4.95,4.0,3142000.0,876.9461
2004-02-02,10499.1796875,3665.02001953125,4381.39990234375,4071.60009765625,8639.900390625,12999.98046875,2063.14990234375,10776.73046875,224800000.0,0.0,2081688400.0,76610000.0,147713500.0,321621200.0,1915680000.0,67900000.0,1131.1300048828125,1135.260009765625,1599200000.0,33.0,5.68,1.02,4.17,5.55,0.9,376000.0,1.25,1.81,-0.79157,5.153,3.16,6.4,4670.224,33.61,5.12,9.687,5.02,4.97,4.0,3118000.0,876.2391
2004-02-09,10579.0302734375,3663.72998046875,4434.39990234375,4098.97021484375,8695.2001953125,13576.6796875,2060.570068359375,10402.6103515625,160720000.0,0.0,1955365800.0,92299400.0,119751900.0,356736200.0,1745350000.0,67300000.0,1142.760009765625,1139.81005859375,1303500000.0,20.02001953125,5.72,1.01,4.16,5.53,0.92,380000.0,1.28,1.81,-0.80181,4.901,3.16,6.32,4689.9456,33.41,5.11,13.274,4.99,5.03,4.0,3179000.0,875.238
2004-02-16,10627.849609375,3678.070068359375,4408.10009765625,4070.4599609375,8747.5,13831.5302734375,2053.56005859375,10548.7197265625,244990000.0,0.0,1449314900.0,48044100.0,1533800.0,301144600.0,1818020000.0,66100000.0,1152.1099853515625,1145.81005859375,1329200000.0,34.4500732421875,5.66,1.0,4.08,5.5,0.92,356000.0,1.24,1.75,-0.81083,5.352,3.06,6.26,4700.7324,33.88,5.08,7.469,4.93,4.96,4.0,3131000.0,876.2156
2004-02-23,10609.6201171875,3731.14990234375,4524.2998046875,4068.7099609375,8609.599609375,13765.0703125,2007.52001953125,10868.9599609375,229950000.0,0.0,2124223300.0,70533800.0,101213100.0,249659000.0,1953330000.0,65000000.0,1144.1099853515625,1140.989990234375,1380400000.0,34.4500732421875,5.58,1.01,4.06,5.5,0.92,359000.0,1.23,1.72,-0.8177,4.984,3.04,6.25,4724.5885,35.54,5.07,11.844,4.92,4.87,4.0,3092000.0,876.1832
2004-03-01,10678.1396484375,3748.8701171875,4537.0,4054.429931640625,8874.7001953125,13918.650390625,2057.800048828125,11271.1201171875,185030000.0,0.0,1736490400.0,76724700.0,130094000.0,273032200.0,1697920000.0,106900000.0,1144.93994140625,1155.969970703125,1497100000.0,23.0198974609375,5.58,1.0,4.03,5.47,0.94,348000.0,1.22,1.68,-0.82195,5.147,3.01,6.23,4710.0862,36.08,5.05,9.502,4.9,4.89,4.0,3057000.0,872.17
2004-03-08,10529.48046875,3781.3798828125,4553.7998046875,4145.990234375,8801.2001953125,13573.5400390625,2008.780029296875,11502.8603515625,199300000.0,0.0,1561223500.0,51878100.0,117551200.0,372530200.0,2044260000.0,129000000.0,1156.8599853515625,1147.199951171875,1254400000.0,21.429931640625,5.59,1.03,4.0,5.43,0.94,344000.0,1.23,1.69,-0.82335,5.618,2.98,6.2,4749.5255,36.67,4.99,15.018,4.86,4.88,4.0,3072000.0,872.3554
2004-03-15,10102.8896484375,3573.840087890625,4412.89990234375,3810.760009765625,8434.400390625,12919.41015625,1939.199951171875,11317.900390625,219150000.0,0.0,1680363000.0,115597900.0,192798600.0,274434000.0,1723290000.0,97900000.0,1120.5699462890625,1104.489990234375,1600600000.0,59.8699951171875,5.41,1.0,3.75,5.27,0.94,338000.0,1.16,1.53,-0.82241,5.527,2.72,6.06,4748.0253,36.44,4.86,9.365,4.66,4.69,4.0,3040000.0,872.4243
2004-03-22,10064.75,3539.219970703125,4333.7998046875,3729.22998046875,8478.5,12550.91015625,1909.9000244140625,11318.509765625,248930000.0,0.0,2030007900.0,128150900.0,119247900.0,300501600.0,1982240000.0,74900000.0,1109.780029296875,1095.4000244140625,1452300000.0,36.219970703125,5.38,1.0,3.75,5.28,0.93,346000.0,1.18,1.54,-0.81847,5.737,2.7,6.07,4764.9137,37.78,4.86,14.588,4.65,4.69,4.0,3066000.0,869.0951
2004-03-29,10329.6298828125,3634.179931640625,4406.7001953125,3881.25,8555.2001953125,12427.33984375,1992.5699462890625,11718.240234375,197150000.0,0.0,1302568200.0,73542500.0,104624900.0,247520800.0,1706000000.0,82300000.0,1108.06005859375,1122.469970703125,1405500000.0,37.2099609375,5.4,0.99,3.76,5.28,0.93,340000.0,1.17,1.53,-0.81234,5.371,2.71,6.09,4798.3843,36.65,4.85,9.339,4.65,4.7,4.0,3007000.0,870.0085
2004-04-05,10558.3701171875,3781.199951171875,4480.7001953125,4048.60009765625,8858.5,12731.759765625,2079.1201171875,11958.3203125,182130000.0,0.0,1556481700.0,95483800.0,154806000.0,328993200.0,1736300000.0,104300000.0,1141.81005859375,1150.5699462890625,1413700000.0,44.43994140625,5.52,1.01,3.95,5.43,0.93,335000.0,1.23,1.67,-0.80416,5.246,2.91,6.21,4794.0861,35.23,5.0,14.803,4.82,4.84,4.0,2990000.0,865.6448
2004-04-12,10515.5595703125,3740.110107421875,4489.7001953125,4013.530029296875,8898.7998046875,12909.3701171875,2065.47998046875,12042.7001953125,142190000.0,0.0,1474149500.0,76289200.0,68673800.0,223539800.0,1501360000.0,83900000.0,1139.3199462890625,1145.199951171875,1102400000.0,29.1099853515625,5.79,1.01,4.21,5.61,0.93,355000.0,1.32,1.88,-0.79275,5.01,3.21,6.35,4799.3969,35.7,5.18,9.757,5.03,5.12,4.0,3022000.0,865.8518
2004-04-19,10437.849609375,3743.429931640625,4546.2001953125,4025.070068359375,8702.7998046875,12450.0,2020.4300537109375,11764.2099609375,173340000.0,0.0,1533641400.0,61363200.0,95277900.0,282117800.0,1672830000.0,113800000.0,1134.56005859375,1135.8199462890625,1194900000.0,29.1099853515625,5.89,1.01,4.36,5.74,0.93,364000.0,1.41,2.04,-0.77809,5.158,3.38,6.46,4821.3823,37.39,5.27,14.601,5.18,5.23,4.0,3031000.0,866.0227
2004-04-26,10444.73046875,3785.550048828125,4571.89990234375,4125.830078125,8616.2001953125,12132.6796875,2036.77001953125,12163.8896484375,183040000.0,0.0,1276895600.0,81247300.0,116470200.0,346230000.0,1727680000.0,107300000.0,1140.5999755859375,1135.530029296875,1290600000.0,29.0499267578125,5.94,1.0,4.43,5.81,0.96,339000.0,1.5,2.17,-0.76033,6.63,3.49,6.53,4825.4535,37.32,5.35,14.021,5.24,5.25,4.0,2960000.0,862.4136
2004-05-03,10314.0,3705.47998046875,4489.7001953125,4007.64990234375,8257.599609375,11950.6201171875,1938.719970703125,11761.7900390625,198830000.0,0.0,1612271000.0,59570300.0,133995700.0,176565200.0,1932490000.0,115200000.0,1107.300048828125,1117.489990234375,1571600000.0,39.330078125,6.01,1.0,4.49,5.84,0.96,324000.0,1.55,2.29,-0.74156,7.444,3.6,6.56,4832.8402,37.31,5.38,18.223,5.28,5.35,4.0,2998000.0,865.6481
2004-05-10,9990.01953125,3553.35009765625,4395.2001953125,3784.610107421875,8129.5,11485.5,1896.0699462890625,10884.7001953125,272130000.0,0.0,1956649500.0,125329700.0,131037000.0,454126600.0,1895630000.0,126400000.0,1098.699951171875,1087.1199951171875,1918400000.0,48.1099853515625,6.12,1.02,4.62,5.95,1.0,329000.0,1.63,2.41,-0.7232,6.025,3.74,6.66,4890.2575,39.24,5.46,13.025,5.39,5.47,4.0,2978000.0,861.5339
2004-05-17,9906.91015625,3553.02001953125,4403.0,3754.3701171875,8123.5,10967.650390625,1876.6400146484375,10505.0498046875,199660000.0,0.0,1260561700.0,112621900.0,116971000.0,424576800.0,1528890000.0,102200000.0,1095.699951171875,1084.0999755859375,1430100000.0,40.9801025390625,6.34,0.99,4.81,6.13,1.02,349000.0,1.83,2.62,-0.70821,5.435,3.96,6.82,4905.0782,40.37,5.57,13.493,5.56,5.72,4.0,2976000.0,860.9814
2004-05-24,9958.4296875,3628.820068359375,4428.89990234375,3867.840087890625,8210.5,11662.9697265625,1922.97998046875,11101.6396484375,187000000.0,0.0,1187636600.0,71603900.0,84680700.0,221375200.0,1422080000.0,83600000.0,1093.56005859375,1095.4100341796875,1227500000.0,26.570068359375,6.3,1.02,4.74,6.08,1.03,342000.0,1.83,2.57,-0.69731,5.333,3.88,6.79,4907.5086,40.84,5.54,14.219,5.49,5.67,4.0,3010000.0,862.0211
2004-05-31,10188.4501953125,3669.6298828125,4430.7001953125,3921.409912109375,8417.2998046875,12198.240234375,1986.739990234375,11236.3701171875,159560000.0,0.0,1807368100.0,12774700.0,840700.0,231366200.0,1233190000.0,76100000.0,1121.280029296875,1120.6800537109375,1172600000.0,38.5198974609375,6.32,0.99,4.68,6.0,1.06,337000.0,1.82,2.54,-0.69057,5.212,3.83,6.72,4913.4318,40.65,5.47,15.726,5.41,5.69,4.0,2916000.0,864.9832
2004-06-07,10391.080078125,3722.22998046875,4491.60009765625,4017.81005859375,8412.7998046875,12326.849609375,2020.6199951171875,11439.919921875,172490000.0,0.0,1202833100.0,78392500.0,118435200.0,346232600.0,1485300000.0,80000000.0,1122.5,1140.4200439453125,1211800000.0,38.5198974609375,6.28,1.01,4.74,6.04,1.16,355000.0,1.92,2.65,-0.68698,4.092,3.91,6.8,4916.5378,40.01,5.5,15.312,5.47,5.63,4.0,2923000.0,864.7102
2004-06-14,10334.73046875,3647.10009765625,4433.2001953125,3948.64990234375,8292.2998046875,12076.5703125,1969.989990234375,11491.66015625,166530000.0,0.0,1022294300.0,82030000.0,81587400.0,349841200.0,1402630000.0,68300000.0,1136.469970703125,1125.2900390625,1179400000.0,25.610107421875,6.3,0.99,4.8,6.08,1.25,339000.0,2.07,2.75,-0.68506,4.698,3.98,6.83,4939.4914,37.99,5.52,11.799,5.52,5.67,4.0,2990000.0,866.394
2004-06-21,10371.4697265625,3740.280029296875,4502.2001953125,3989.31005859375,8472.2001953125,11845.58984375,1974.3800048828125,11600.16015625,175300000.0,0.0,1378675800.0,76960600.0,89650000.0,227272200.0,1363000000.0,68500000.0,1135.02001953125,1130.300048828125,1123900000.0,25.610107421875,6.32,1.01,4.75,6.01,1.3,354000.0,2.22,2.84,-0.68349,6.195,3.97,6.78,4930.2305,37.86,5.47,12.032,5.46,5.7,4.0,2973000.0,868.8554
2004-06-28,10357.08984375,3771.580078125,4518.7001953125,4069.35009765625,8468.900390625,12194.599609375,2019.8199462890625,11884.0595703125,231100000.0,0.0,1565679200.0,83355300.0,80061200.0,178159200.0,1611080000.0,67900000.0,1134.4300537109375,1133.3499755859375,1354600000.0,21.969970703125,6.25,1.0,4.69,5.97,1.29,348000.0,2.16,2.77,-0.68315,7.034,3.89,6.75,4962.1044,37.7,5.44,14.372,5.4,5.64,4.0,2917000.0,870.511
2004-07-05,10282.830078125,3688.179931640625,4403.2998046875,3995.72998046875,8486.0,12252.1103515625,2006.6600341796875,11541.7099609375,146600000.0,0.0,921459200.0,34546500.0,904900.0,140232600.0,1200230000.0,52500000.0,1128.93994140625,1125.3800048828125,1085000000.0,23.2799072265625,6.21,1.11,4.63,5.92,1.3,326000.0,2.14,2.71,-0.68336,5.961,3.81,6.71,4937.8997,37.14,5.4,14.753,5.35,5.62,4.04,2948000.0,871.9696
2004-07-12,10238.2197265625,3651.6298828125,4360.0,3893.239990234375,8422.2001953125,12191.009765625,1936.9200439453125,11582.2802734375,155520000.0,0.0,1229330700.0,67352400.0,81672000.0,174971800.0,1504000000.0,62600000.0,1112.81005859375,1114.3499755859375,1114600000.0,23.2799072265625,6.01,1.28,4.49,5.83,1.28,345000.0,2.04,2.56,-0.6844,4.541,3.65,6.63,4977.5738,39.73,5.32,10.724,5.24,5.42,4.25,2852000.0,876.2397
2004-07-19,10094.0595703125,3592.6298828125,4321.10009765625,3812.6298828125,8414.7998046875,12166.9501953125,1883.8299560546875,11436.0,198380000.0,0.0,1064002900.0,76994600.0,96231700.0,190229000.0,1774620000.0,79200000.0,1101.3900146484375,1100.9000244140625,1319900000.0,23.0499267578125,6.0,1.25,4.47,5.81,1.32,355000.0,2.07,2.58,-0.68586,4.834,3.64,6.6,4991.8673,40.33,5.27,11.664,5.22,5.4,4.25,2956000.0,876.6686
2004-07-26,9961.919921875,3532.610107421875,4287.0,3752.590087890625,8314.599609375,12319.830078125,1839.02001953125,11159.5498046875,221240000.0,0.0,1238917800.0,70843900.0,91235900.0,149541600.0,1667060000.0,52500000.0,1086.199951171875,1084.0699462890625,1413400000.0,37.489990234375,5.98,1.25,4.46,5.78,1.34,348000.0,2.12,2.66,-0.68811,5.509,3.67,6.58,4995.2612,41.27,5.27,14.245,5.2,5.39,4.25,2935000.0,878.957
2004-08-02,10179.16015625,3623.7900390625,4415.7001953125,3862.7099609375,8458.099609375,12201.3896484375,1892.0899658203125,11222.240234375,177330000.0,0.0,1514345600.0,68612100.0,73724400.0,178931200.0,1533970000.0,64700000.0,1101.719970703125,1106.6199951171875,1276000000.0,29.8199462890625,6.08,1.26,4.56,5.87,1.43,341000.0,2.16,2.76,-0.69065,4.956,3.78,6.66,4993.9572,42.5,5.36,12.113,5.3,5.49,4.25,2894000.0,878.6679
2004-08-09,9814.66015625,3497.300048828125,4314.39990234375,3690.330078125,8183.39990234375,12467.41015625,1774.6400146484375,10908.7001953125,148320000.0,0.0,1497376300.0,87685700.0,82249600.0,161457800.0,1263490000.0,70300000.0,1063.969970703125,1065.219970703125,1086000000.0,46.3699951171875,5.99,1.27,4.41,5.74,1.45,336000.0,2.07,2.6,-0.69264,4.701,3.61,6.56,5002.4186,43.81,5.22,16.333,5.17,5.4,4.25,2920000.0,879.9694
2004-08-16,9954.5498046875,3516.679931640625,4350.2001953125,3699.110107421875,8241.5,12219.75,1782.8399658203125,10687.8095703125,176390000.0,0.0,1132853000.0,86591000.0,98643400.0,257946200.0,1289730000.0,59900000.0,1064.800048828125,1079.3399658203125,1206200000.0,19.97998046875,5.85,1.36,4.28,5.65,1.44,332000.0,1.99,2.51,-0.69573,5.064,3.47,6.46,5005.3432,45.24,5.15,11.19,5.06,5.24,4.32,2889000.0,881.6488
2004-08-23,10073.0498046875,3589.68994140625,4405.2998046875,3772.139892578125,8315.5,12431.76953125,1838.699951171875,10960.9697265625,144500000.0,0.0,1270311700.0,69503700.0,75719200.0,220490800.0,1224660000.0,61600000.0,1098.3499755859375,1095.6800537109375,1021900000.0,40.6800537109375,5.81,1.42,4.23,5.61,1.46,343000.0,1.98,2.46,-0.6988,4.456,3.41,6.43,4982.1935,47.28,5.13,9.619,5.04,5.19,4.5,2877000.0,880.6647
2004-08-30,10122.51953125,3636.7099609375,4490.10009765625,3838.85009765625,8309.0,12877.7802734375,1836.489990234375,11184.5302734375,114850000.0,0.0,1196499500.0,42760300.0,69351400.0,230490800.0,1007640000.0,61000000.0,1107.77001953125,1099.1500244140625,843100000.0,20.110107421875,5.82,1.51,4.25,5.63,1.52,352000.0,2.03,2.49,-0.70224,4.789,3.45,6.44,5022.4681,44.34,5.13,10.916,5.05,5.21,4.5,2880000.0,885.2024
2004-09-06,10260.2001953125,3673.030029296875,4563.7998046875,3887.580078125,8344.400390625,13104.33984375,1844.47998046875,11244.3701171875,215670000.0,0.0,859906100.0,49763100.0,87986800.0,335562000.0,1244610000.0,94300000.0,1118.31005859375,1113.6300048828125,924170000.0,26.080078125,5.77,1.53,4.19,5.55,1.58,326000.0,2.03,2.47,-0.70469,5.297,3.39,6.37,5035.0394,43.28,5.06,16.991,4.98,5.15,4.5,2872000.0,886.2663
2004-09-13,10314.759765625,3725.39990234375,4558.5,3953.31005859375,8513.400390625,13139.5703125,1910.3800048828125,11253.1103515625,203200000.0,0.0,1404130700.0,85922100.0,122597900.0,267778200.0,1741080000.0,86200000.0,1123.9200439453125,1125.8199462890625,1299800000.0,26.080078125,5.83,1.5,4.21,5.54,1.63,331000.0,2.1,2.52,-0.70664,4.91,3.42,6.36,5031.1687,43.33,5.07,10.128,4.99,5.22,4.5,2875000.0,886.3392
2004-09-20,10204.8896484375,3703.68994140625,4579.5,3977.679931640625,8539.7998046875,13221.330078125,1908.0699462890625,11082.490234375,222360000.0,0.0,1498590600.0,68196100.0,111027300.0,464480800.0,1565540000.0,75700000.0,1128.550048828125,1122.199951171875,1197600000.0,15.75,5.75,1.49,4.14,5.48,1.65,341000.0,2.09,2.49,-0.7075,5.261,3.35,6.29,5059.0307,44.39,5.0,13.7,4.92,5.13,4.5,2865000.0,888.7991
2004-09-27,9988.5400390625,3656.929931640625,4541.2001953125,3874.3701171875,8498.0,13021.900390625,1859.8800048828125,10859.3203125,198710000.0,0.0,1310686900.0,60750800.0,107329000.0,318864400.0,1316790000.0,56300000.0,1110.1099853515625,1103.52001953125,1263500000.0,28.300048828125,5.7,1.64,4.04,5.37,1.69,351000.0,2.14,2.53,-0.7073,6.979,3.29,6.17,5052.651,47.82,4.9,13.386,4.8,5.1,4.57,2839000.0,885.7522
2004-10-04,10216.5400390625,3767.06005859375,4681.7998046875,4033.280029296875,8812.900390625,13359.25,1952.4000244140625,11279.6298828125,253190000.0,0.0,1513476200.0,102621700.0,119382600.0,546654200.0,1854970000.0,94300000.0,1131.5,1135.1700439453125,1534000000.0,38.8399658203125,5.72,1.76,4.1,5.42,1.69,335000.0,2.2,2.6,-0.70597,5.118,3.35,6.21,5026.4779,49.71,4.95,14.99,4.84,5.12,4.75,2799000.0,886.5982
2004-10-11,10081.9697265625,3727.639892578125,4685.5,4017.820068359375,8814.900390625,13305.1298828125,1928.760009765625,11349.349609375,157180000.0,70503600.0,1277699800.0,91761400.0,131458700.0,276751600.0,1173820000.0,80200000.0,1122.1400146484375,1124.3900146484375,943800000.0,27.4700927734375,5.82,1.82,4.2,5.54,1.68,338000.0,2.24,2.67,-0.70491,5.334,3.46,6.3,5048.1283,51.77,5.04,10.631,4.95,5.24,4.75,2773000.0,883.368
2004-10-18,9956.3203125,3659.81005859375,4626.60009765625,3915.169921875,8788.900390625,13034.740234375,1936.52001953125,10965.6201171875,227840000.0,75542000.0,1035468400.0,77391800.0,133895700.0,158319600.0,1505000000.0,59700000.0,1108.199951171875,1114.02001953125,1373300000.0,30.8599853515625,5.74,1.73,4.08,5.46,1.7,327000.0,2.18,2.53,-0.7048,4.682,3.31,6.2,5065.8519,54.12,4.95,11.175,4.85,5.14,4.75,2781000.0,885.6806
2004-10-25,9749.990234375,3609.06005859375,4564.60009765625,3854.409912109375,8749.2001953125,12818.099609375,1914.0400390625,10659.150390625,233370000.0,96339600.0,1962821600.0,97964900.0,114574600.0,434971800.0,1603830000.0,72600000.0,1095.739990234375,1094.800048828125,1380500000.0,27.669921875,5.69,1.76,4.03,5.43,1.8,338000.0,2.22,2.55,-0.70662,5.232,3.29,6.15,5073.1715,54.43,4.88,12.733,4.79,5.07,4.75,2774000.0,889.3519
2004-11-01,10054.3896484375,3734.070068359375,4673.7998046875,4012.639892578125,8858.2001953125,13094.25,1979.8699951171875,10734.7099609375,267040000.0,52807000.0,944047300.0,65754300.0,91283800.0,198432400.0,1522820000.0,60400000.0,1130.199951171875,1130.510009765625,1395900000.0,43.1199951171875,5.64,1.74,4.05,5.42,1.87,332000.0,2.27,2.57,-0.70919,4.948,3.3,6.15,5085.6465,53.43,4.89,12.863,4.79,5.01,4.75,2763000.0,894.8646
2004-11-08,10391.3095703125,3776.989990234375,4716.60009765625,4068.969970703125,8825.7001953125,13561.490234375,2039.25,10983.830078125,258040000.0,68879000.0,1539529600.0,95723500.0,104833200.0,258320800.0,1609270000.0,59700000.0,1166.1700439453125,1164.8900146484375,1358700000.0,46.25,5.7,1.78,4.12,5.5,1.95,330000.0,2.35,2.65,-0.7129,5.275,3.39,6.19,5095.2459,49.81,4.92,12.995,4.85,5.08,4.75,2765000.0,894.1316
2004-11-15,10550.240234375,3820.969970703125,4803.10009765625,4134.33984375,8937.2001953125,13932.2197265625,2094.090087890625,11227.5703125,266460000.0,80823200.0,1208942900.0,78308100.0,149185800.0,458188400.0,1888260000.0,87600000.0,1184.1700439453125,1183.81005859375,1453300000.0,23.8199462890625,5.76,1.79,4.22,5.59,2.04,337000.0,2.47,2.82,-0.71742,5.012,3.53,6.25,5102.2214,48.0,5.0,11.377,4.95,5.16,4.79,2707000.0,898.3961
2004-11-22,10489.419921875,3774.25,4733.10009765625,4123.97998046875,8991.5,13800.599609375,2085.18994140625,10849.3896484375,240410000.0,89247000.0,1423778400.0,75104900.0,99422300.0,296837200.0,1897960000.0,67000000.0,1170.3399658203125,1177.239990234375,1392700000.0,20.5699462890625,5.74,2.0,4.17,5.48,2.09,313000.0,2.53,2.89,-0.72009,4.824,3.52,6.18,5105.7937,47.02,4.92,12.278,4.88,5.15,5.0,2705000.0,896.2946
2004-11-29,10475.900390625,3780.610107421875,4749.7998046875,4146.97998046875,9056.400390625,14066.91015625,2106.8701171875,10977.8896484375,247670000.0,88352800.0,1394255600.0,100286400.0,103870300.0,314580200.0,1844330000.0,73900000.0,1182.6500244140625,1178.5699462890625,1378500000.0,20.5699462890625,5.72,2.0,4.2,5.46,2.15,335000.0,2.6,2.99,-0.72105,4.419,3.6,6.16,5158.672,48.79,4.9,11.686,4.86,5.15,5.0,2761000.0,898.1109
2004-12-06,10547.0595703125,3767.389892578125,4722.7998046875,4193.91015625,9060.7001953125,14256.8603515625,2151.25,10981.9599609375,218660000.0,59357600.0,1166017600.0,57723800.0,146611300.0,308151000.0,2150250000.0,74300000.0,1191.1700439453125,1190.25,1354400000.0,25.0899658203125,5.81,2.02,4.35,5.6,2.18,343000.0,2.62,3.02,-0.71936,5.217,3.7,6.3,5162.2767,46.06,5.06,11.754,5.02,5.23,5.0,2725000.0,898.8429
2004-12-13,10638.3203125,3805.93994140625,4736.7998046875,4219.240234375,9032.7998046875,13886.16015625,2148.5,10789.25,257530000.0,109091200.0,1498436600.0,78817600.0,174662600.0,315237000.0,2070980000.0,61900000.0,1188.0,1198.6800537109375,1436100000.0,24.949951171875,5.71,2.0,4.19,5.44,2.21,316000.0,2.6,2.93,-0.71596,4.986,3.56,6.14,5145.835,41.91,4.9,12.606,4.86,5.14,5.0,2692000.0,901.6288
2004-12-20,10661.599609375,3764.0400390625,4731.10009765625,4211.5498046875,9122.599609375,14214.0400390625,2127.85009765625,11103.419921875,298650000.0,77909000.0,1248274800.0,79254300.0,2229800.0,318387000.0,1991460000.0,59200000.0,1194.199951171875,1194.6500244140625,1422800000.0,22.72998046875,5.68,2.15,4.16,5.4,2.18,322000.0,2.66,3.0,-0.71066,5.047,3.54,6.08,5168.757,43.5,4.84,12.689,4.8,5.11,5.07,2688000.0,903.7812
2004-12-27,10776.1298828125,3817.68994140625,4798.10009765625,4235.35986328125,9287.400390625,14194.900390625,2154.219970703125,11362.349609375,170140000.0,40370400.0,385339400.0,32619600.0,542300.0,102238400.0,1478700000.0,46400000.0,1210.1300048828125,1204.9200439453125,922000000.0,20.300048828125,5.75,2.24,4.21,5.44,2.17,320000.0,2.71,3.04,-0.70453,5.133,3.58,6.12,5170.7445,44.39,4.87,10.747,4.84,5.18,5.25,2771000.0,903.5242
2005-01-03,10729.4296875,3855.679931640625,4814.2998046875,4291.52978515625,9246.7001953125,14237.419921875,2152.14990234375,11488.759765625,270620000.0,66550800.0,155243900.0,75848400.0,35518600.0,145563000.0,2193130000.0,29800000.0,1211.9200439453125,1202.0799560546875,1510800000.0,20.300048828125,5.81,2.27,4.29,5.51,2.2,356000.0,2.77,3.09,-0.69947,4.631,3.65,6.18,5130.3198,42.52,4.94,9.35,4.92,5.23,5.25,2672000.0,914.375
2005-01-10,10621.0302734375,3877.820068359375,4840.7001953125,4307.3701171875,9026.7998046875,13531.3896484375,2097.0400390625,11433.240234375,279500000.0,88395400.0,1187808600.0,88288800.0,130343900.0,317377800.0,2098270000.0,72300000.0,1186.18994140625,1190.25,1490400000.0,35.6400146484375,5.77,2.14,4.28,5.47,2.29,369000.0,2.82,3.18,-0.69675,5.65,3.71,6.12,5174.8671,44.07,4.88,15.515,4.88,5.21,5.25,2720000.0,916.9947
2005-01-17,10558.0,3881.43994140625,4846.7001953125,4245.509765625,9063.7998046875,13621.650390625,2087.909912109375,11487.099609375,223070000.0,57362200.0,1377856800.0,67385300.0,1537300.0,261016000.0,2084860000.0,100500000.0,1177.449951171875,1184.52001953125,1335400000.0,19.1400146484375,5.74,2.25,4.25,5.4,2.31,332000.0,2.85,3.23,-0.69713,5.145,3.72,6.05,5191.9417,46.79,4.81,7.18,4.8,5.19,5.25,2790000.0,919.2791
2005-01-24,10368.6103515625,3848.7099609375,4812.5,4201.89013671875,9078.2001953125,13386.990234375,2008.699951171875,11289.490234375,259170000.0,97262200.0,1311479400.0,118396800.0,89638500.0,450783600.0,2134680000.0,75500000.0,1167.8699951171875,1163.75,1494600000.0,19.1400146484375,5.67,2.28,4.19,5.3,2.33,329000.0,2.87,3.22,-0.70028,4.781,3.7,5.96,5204.0158,47.85,4.71,17.473,4.71,5.15,5.25,2706000.0,921.7079
2005-01-31,10489.9404296875,3913.68994140625,4852.2998046875,4254.85009765625,9204.099609375,13721.6904296875,2062.409912109375,11387.58984375,298060000.0,86741600.0,1316421800.0,114619100.0,119852100.0,352642200.0,1823800000.0,88200000.0,1171.3599853515625,1181.27001953125,1679800000.0,18.3199462890625,5.66,2.27,4.19,5.28,2.38,331000.0,2.89,3.25,-0.70654,5.252,3.71,5.95,5193.0558,48.56,4.68,12.624,4.7,5.14,5.25,2731000.0,923.355
2005-02-07,10715.759765625,3981.89990234375,4979.7998046875,4366.35009765625,9371.900390625,13795.0,2082.030029296875,11499.8603515625,218040000.0,98357800.0,1563820500.0,90195200.0,99220000.0,383247000.0,1698460000.0,72700000.0,1203.030029296875,1201.719970703125,1347270000.0,37.9000244140625,5.63,2.43,4.14,5.2,2.46,307000.0,2.95,3.31,-0.71446,5.07,3.72,5.86,5207.1513,46.97,4.58,20.963,4.62,5.14,5.29,2710000.0,928.8494
2005-02-14,10791.1298828125,4012.110107421875,5041.7998046875,4386.39990234375,9585.2001953125,14017.23046875,2082.909912109375,11632.2001953125,215370000.0,65811000.0,1161455700.0,85523900.0,101758800.0,425991600.0,1639640000.0,110400000.0,1205.300048828125,1206.1400146484375,1290180000.0,18.7099609375,5.57,2.5,4.06,5.09,2.48,308000.0,2.96,3.3,-0.72098,4.913,3.66,5.71,5206.521,46.08,4.45,7.518,4.49,5.1,5.5,2666000.0,930.0067
2005-02-21,10785.2197265625,4022.6201171875,5060.7998046875,4353.33984375,9682.2998046875,14111.650390625,2058.6201171875,11651.01953125,335660000.0,43957000.0,1124769100.0,88462800.0,0.0,282806200.0,1614160000.0,70200000.0,1200.75,1201.5899658203125,1551200000.0,20.89990234375,5.62,2.5,4.16,5.2,2.54,318000.0,3.05,3.4,-0.72363,4.924,3.77,5.79,5199.1834,47.82,4.54,12.913,4.61,5.14,5.5,2667000.0,931.7523
2005-02-28,10766.23046875,4027.159912109375,4968.5,4350.490234375,9668.2998046875,14195.349609375,2051.719970703125,11740.599609375,288160000.0,95381800.0,1811915100.0,110897300.0,136731900.0,398278800.0,2130140000.0,93200000.0,1211.3699951171875,1203.5999755859375,1795480000.0,20.89990234375,5.69,2.52,4.28,5.3,2.65,314000.0,3.13,3.5,-0.72163,5.25,3.89,5.91,5259.5001,51.75,4.67,11.391,4.74,5.22,5.5,2703000.0,933.0411
2005-03-07,10936.8603515625,4108.0,5027.2001953125,4428.08984375,9886.099609375,13771.9501953125,2090.2099609375,11925.3603515625,229120000.0,82058800.0,1149090500.0,81185200.0,111108800.0,250703400.0,1949190000.0,103800000.0,1222.1199951171875,1225.31005859375,1488830000.0,30.97998046875,5.79,2.51,4.37,5.34,2.7,333000.0,3.2,3.58,-0.71384,5.199,4.0,5.95,5237.8857,52.74,4.7,16.224,4.79,5.33,5.5,2658000.0,934.2322
2005-03-14,10804.509765625,4048.550048828125,4975.0,4367.2998046875,9715.400390625,13906.849609375,2051.0400390625,11850.25,237050000.0,68102600.0,1336157900.0,69258200.0,89598200.0,286057800.0,1707720000.0,84500000.0,1200.0799560546875,1206.8299560546875,1437430000.0,30.9599609375,5.85,2.5,4.45,5.35,2.7,324000.0,3.24,3.66,-0.70165,4.304,4.11,5.97,5226.4795,54.22,4.74,8.034,4.84,5.38,5.5,2681000.0,942.1013
2005-03-21,10565.3896484375,4033.0,4933.5,4296.35986328125,9693.599609375,13834.349609375,2007.510009765625,11879.8095703125,254560000.0,37594600.0,1564295100.0,89885900.0,105275700.0,170979400.0,1611000000.0,80000000.0,1189.6500244140625,1183.780029296875,1819440000.0,34.2200927734375,5.95,2.55,4.51,5.4,2.74,329000.0,3.31,3.73,-0.68633,5.118,4.18,6.05,5255.4461,55.93,4.78,14.101,4.91,5.47,5.5,2616000.0,946.5462
2005-03-28,10485.650390625,4078.31005859375,4922.5,4343.60009765625,9482.400390625,13597.099609375,1992.52001953125,11792.2998046875,213820000.0,81262600.0,1824076600.0,84682600.0,78945800.0,300039600.0,1487620000.0,57400000.0,1171.4200439453125,1174.280029296875,1746220000.0,29.050048828125,6.01,2.71,4.59,5.47,2.8,342000.0,3.38,3.83,-0.67067,4.968,4.27,6.17,5263.9317,52.95,4.86,13.006,4.98,5.56,5.57,2683000.0,947.9396
2005-04-04,10421.1396484375,4052.320068359375,4896.7001953125,4341.39013671875,9630.900390625,13513.41015625,1991.0699462890625,11667.5400390625,293800000.0,80235200.0,1293784900.0,81129800.0,101736400.0,287550800.0,1589310000.0,79600000.0,1172.7900390625,1176.1199951171875,2079770000.0,29.050048828125,6.04,2.77,4.55,5.44,2.76,335000.0,3.38,3.84,-0.6563,4.592,4.24,6.17,5254.572,54.97,4.8,12.615,4.93,5.58,5.75,2653000.0,949.3091
2005-04-11,10448.5595703125,4117.6201171875,4973.2998046875,4396.08984375,9643.7001953125,13659.9296875,1992.1199951171875,11745.6396484375,192720000.0,83466000.0,1155338300.0,63100700.0,84074100.0,242422400.0,1382490000.0,65600000.0,1181.199951171875,1181.2099609375,1525310000.0,24.1600341796875,5.93,2.81,4.48,5.43,2.73,323000.0,3.33,3.74,-0.64379,5.296,4.13,6.13,5277.5971,55.24,4.75,12.369,4.87,5.48,5.75,2626000.0,954.5851
2005-04-18,10071.25,3949.590087890625,4827.10009765625,4202.2001953125,9331.0,13355.23046875,1912.9200439453125,10938.4404296875,301220000.0,158371400.0,1851228300.0,174369400.0,104960000.0,502135000.0,1840360000.0,130800000.0,1142.6199951171875,1145.97998046875,2180670000.0,51.949951171875,5.91,2.76,4.37,5.36,2.72,307000.0,3.32,3.65,-0.63312,5.175,4.02,6.08,5297.7629,51.44,4.69,9.731,4.79,5.46,5.75,2559000.0,959.1977
2005-04-25,10242.4697265625,3993.070068359375,4864.89990234375,4246.9599609375,9416.099609375,13750.23046875,1950.780029296875,11073.76953125,231210000.0,73739400.0,1118656600.0,73287900.0,78980000.0,255959400.0,1442420000.0,58100000.0,1152.1199951171875,1162.0999755859375,1795030000.0,27.9000244140625,5.8,2.78,4.26,5.27,2.84,317000.0,3.28,3.57,-0.62442,5.201,3.9,6.01,5292.8479,52.39,4.59,15.408,4.68,5.36,5.75,2588000.0,958.3668
2005-05-02,10251.7001953125,3938.77001953125,4801.7001953125,4224.02001953125,9430.2001953125,13908.9697265625,1928.6500244140625,11002.1103515625,239610000.0,50948600.0,1597028200.0,56288300.0,106986600.0,309020000.0,1547750000.0,59600000.0,1156.8499755859375,1162.1600341796875,1980040000.0,25.610107421875,5.78,2.74,4.24,5.23,2.85,334000.0,3.33,3.64,-0.6176,5.586,3.91,5.97,5285.956,52.0,4.55,14.57,4.64,5.33,5.75,2596000.0,962.1622
2005-05-09,10384.33984375,4020.18994140625,4910.2998046875,4292.41015625,9561.2001953125,14085.08984375,1979.6700439453125,11171.3203125,204600000.0,73316000.0,1338782400.0,74161500.0,96554100.0,283408200.0,1441010000.0,81300000.0,1171.3499755859375,1178.8399658203125,1857020000.0,39.6800537109375,5.75,2.96,4.22,5.25,2.82,327000.0,3.33,3.65,-0.61241,4.863,3.88,6.02,5284.5214,50.64,4.57,12.956,4.64,5.31,5.82,2605000.0,959.2627
2005-05-16,10252.2900390625,4010.97998046875,4884.2001953125,4262.18017578125,9323.2998046875,13866.8095703125,1994.4300537109375,10947.2197265625,217230000.0,68528800.0,1103191100.0,49739900.0,107715300.0,223792600.0,1390290000.0,68500000.0,1154.050048828125,1165.68994140625,1856860000.0,32.68994140625,5.77,2.99,4.21,5.2,2.82,321000.0,3.35,3.68,-0.60912,4.993,3.91,6.03,5302.3936,50.33,4.56,9.499,4.62,5.33,6.0,2568000.0,963.8548
2005-05-23,10523.5595703125,4118.3701171875,4989.7998046875,4406.9501953125,9452.2001953125,13699.1298828125,2056.64990234375,11158.650390625,225290000.0,71638200.0,1148623400.0,108138600.0,72035800.0,163988800.0,1620130000.0,66500000.0,1189.280029296875,1193.8599853515625,1681170000.0,51.2598876953125,5.71,3.01,4.11,5.1,2.82,320000.0,3.32,3.62,-0.60831,5.209,3.83,6.02,5286.6374,47.77,4.45,11.848,4.53,5.27,6.0,2595000.0,966.9246
2005-05-30,10542.5498046875,4134.8701171875,4986.2998046875,4480.43017578125,9673.2001953125,13845.099609375,2075.72998046875,11266.330078125,168060000.0,41857400.0,1327595300.0,55961800.0,0.0,255851000.0,1237350000.0,78500000.0,1197.6199951171875,1198.780029296875,1381430000.0,15.070068359375,5.65,3.01,4.07,5.08,2.89,340000.0,3.32,3.63,-0.60979,4.936,3.81,5.98,5331.4826,50.15,4.41,13.263,4.47,5.21,6.0,2577000.0,975.4077
2005-06-06,10467.0302734375,4146.47021484375,4980.39990234375,4497.259765625,9654.0,13860.5498046875,2075.760009765625,11270.6201171875,170200000.0,93296200.0,1029262100.0,95086500.0,91710800.0,265783800.0,1477150000.0,60700000.0,1196.02001953125,1197.510009765625,1547120000.0,15.070068359375,5.62,3.02,3.95,4.95,2.92,338000.0,3.28,3.55,-0.61138,4.927,3.69,5.83,5355.5224,53.76,4.27,12.84,4.33,5.2,6.0,2630000.0,974.6273
2005-06-13,10522.5595703125,4203.490234375,5050.39990234375,4599.2099609375,9839.900390625,13952.01953125,2068.9599609375,11311.509765625,205630000.0,76748400.0,1245385600.0,130155400.0,123631400.0,209902000.0,1432130000.0,65300000.0,1198.1099853515625,1200.8199462890625,1661350000.0,17.760009765625,5.56,2.98,3.97,4.92,2.95,333000.0,3.3,3.62,-0.61321,4.778,3.75,5.8,5362.6379,53.74,4.24,10.552,4.31,5.14,6.0,2599000.0,972.5511
2005-06-20,10609.1103515625,4193.39990234375,5072.0,4586.85986328125,9998.099609375,13945.76953125,2088.1298828125,11483.349609375,173110000.0,97438600.0,1148475000.0,77367400.0,105418500.0,246064200.0,1408110000.0,80200000.0,1216.9599609375,1216.0999755859375,1714530000.0,26.9100341796875,5.63,3.02,4.1,5.06,2.94,321000.0,3.39,3.71,-0.61425,5.534,3.88,5.96,5378.4648,56.18,4.39,10.24,4.46,5.22,6.0,2602000.0,975.7699
2005-06-27,10290.7802734375,4157.68017578125,5043.5,4523.81982421875,9998.099609375,14176.0400390625,2045.199951171875,11414.2802734375,220510000.0,84544400.0,1506224900.0,92864900.0,105109400.0,319765800.0,1448300000.0,57900000.0,1191.5699462890625,1190.68994140625,1738620000.0,31.2899169921875,5.57,2.98,4.0,4.96,2.98,311000.0,3.4,3.65,-0.61544,4.982,3.77,5.87,5390.154,59.04,4.28,11.521,4.35,5.16,6.0,2569000.0,975.0401
2005-07-04,10303.4404296875,4264.60009765625,5184.2998046875,4623.41015625,9941.7998046875,14177.8701171875,2057.3701171875,11651.5498046875,231380000.0,50538200.0,1097189000.0,61914800.0,0.0,362865800.0,1176200000.0,61200000.0,1191.3299560546875,1194.43994140625,1593820000.0,28.14990234375,5.53,3.11,3.97,4.93,3.08,327000.0,3.46,3.66,-0.61717,4.726,3.76,5.84,5353.0062,58.21,4.24,10.799,4.31,5.12,6.0,2612000.0,975.8309
2005-07-11,10519.7197265625,4321.56005859375,5242.39990234375,4663.3798828125,10217.7001953125,14157.240234375,2135.429931640625,11674.7900390625,225470000.0,92375400.0,1395623900.0,105261500.0,92890200.0,338976200.0,1770800000.0,64200000.0,1211.8599853515625,1219.43994140625,1846300000.0,28.14990234375,5.62,3.29,4.09,5.03,3.11,338000.0,3.52,3.76,-0.61918,3.84,3.87,5.93,5386.3342,60.36,4.32,11.413,4.41,5.2,6.25,2583000.0,983.2127
2005-07-18,10574.990234375,4363.47021484375,5214.2001953125,4719.56982421875,10163.0,14567.0,2144.8701171875,11758.6796875,206290000.0,67006800.0,2032949400.0,69075000.0,105147600.0,325610600.0,1307270000.0,71000000.0,1227.9200439453125,1221.1300048828125,1582100000.0,35.9600830078125,5.66,3.22,4.16,5.04,3.15,323000.0,3.59,3.84,-0.62285,4.843,3.95,5.95,5381.7547,59.18,4.37,7.415,4.46,5.25,6.25,2619000.0,985.8879
2005-07-25,10596.48046875,4422.1201171875,5270.7001953125,4842.7001953125,10362.599609375,14794.0302734375,2166.739990234375,11762.650390625,190250000.0,69305600.0,1317798300.0,78569400.0,90104400.0,388280000.0,1523020000.0,68100000.0,1233.6800537109375,1229.030029296875,1717580000.0,17.22998046875,5.73,3.26,4.22,5.09,3.25,318000.0,3.68,3.91,-0.62556,5.423,4.02,5.99,5412.5126,57.3,4.42,12.934,4.52,5.32,6.25,2592000.0,990.6812
2005-08-01,10623.150390625,4456.8701171875,5290.89990234375,4890.85009765625,10422.900390625,14978.8798828125,2195.3798828125,11946.919921875,192790000.0,65496000.0,1083613000.0,76690500.0,90109100.0,331918200.0,1492680000.0,96200000.0,1234.1800537109375,1235.3499755859375,1716870000.0,19.0,5.77,3.26,4.25,5.08,3.35,316000.0,3.77,3.97,-0.62688,4.878,4.07,5.95,5416.1594,59.39,4.42,10.617,4.53,5.34,6.25,2570000.0,993.3519
2005-08-08,10536.9296875,4441.009765625,5344.2998046875,4837.85986328125,10614.400390625,15108.9404296875,2164.389892578125,11778.98046875,185880000.0,55411000.0,1018078500.0,73422200.0,146490900.0,226935800.0,1431010000.0,83800000.0,1226.4200439453125,1223.1300048828125,1804140000.0,23.18994140625,5.82,3.29,4.34,5.16,3.41,311000.0,3.84,4.05,-0.62533,5.012,4.17,6.02,5427.1115,61.64,4.5,16.201,4.61,5.38,6.25,2584000.0,995.2789
2005-08-15,10634.3798828125,4466.580078125,5344.2001953125,4922.33984375,10650.7001953125,15466.0595703125,2167.0400390625,12256.5498046875,173340000.0,33175200.0,1164129400.0,47682100.0,105240500.0,282287200.0,1380460000.0,103600000.0,1230.4000244140625,1233.8699951171875,1562880000.0,20.0198974609375,5.89,3.48,4.36,5.17,3.44,319000.0,3.9,4.11,-0.62203,4.989,4.21,6.04,5434.2232,64.85,4.53,9.125,4.62,5.47,6.32,2573000.0,993.0937
2005-08-22,10569.8896484375,4485.93994140625,5318.39990234375,4941.68994140625,10525.5,15218.6298828125,2141.409912109375,12452.509765625,215570000.0,48707000.0,998728300.0,69407900.0,97576500.0,277348200.0,1351650000.0,116200000.0,1219.7099609375,1221.72998046875,1621330000.0,21.8800048828125,5.8,3.54,4.24,5.09,3.45,315000.0,3.89,4.04,-0.61616,4.805,4.11,5.96,5465.4464,64.92,4.43,9.469,4.5,5.4,6.5,2598000.0,997.1788
2005-08-29,10463.0498046875,4361.27001953125,5228.10009765625,4812.240234375,10558.400390625,14836.9697265625,2137.64990234375,12309.830078125,202970000.0,51477200.0,928137300.0,64935500.0,90159200.0,317385200.0,1268560000.0,86400000.0,1205.0999755859375,1212.280029296875,1599450000.0,27.429931640625,5.77,3.52,4.2,5.04,3.46,318000.0,3.88,4.02,-0.60878,5.181,4.07,5.91,5498.6551,66.34,4.38,9.474,4.46,5.35,6.5,2568000.0,997.1399
2005-09-05,10447.3701171875,4430.08984375,5337.7998046875,4909.89013671875,10771.900390625,15227.830078125,2141.070068359375,12634.8798828125,204490000.0,57403000.0,1065216900.0,58985900.0,97234500.0,159710400.0,1130450000.0,98900000.0,1221.5899658203125,1218.02001953125,1640160000.0,26.2200927734375,5.71,3.55,4.09,4.95,3.43,326000.0,3.77,3.87,-0.60006,4.909,3.94,5.84,5496.1834,68.47,4.3,15.024,4.36,5.32,6.5,2575000.0,995.8848
2005-09-12,10682.9404296875,4491.81982421875,5375.10009765625,4989.97998046875,10885.2001953125,15199.7900390625,2182.830078125,12896.4296875,201190000.0,97723200.0,1160583600.0,95616200.0,102815400.0,183454000.0,1723540000.0,126200000.0,1241.47998046875,1240.56005859375,1938050000.0,26.2200927734375,5.71,3.51,4.13,5.05,3.42,422000.0,3.76,3.86,-0.59087,4.786,3.93,5.96,5504.2481,64.81,4.4,9.646,4.44,5.3,6.5,2651000.0,994.3332
2005-09-19,10557.6298828125,4505.68017578125,5429.7001953125,4926.1298828125,11024.7001953125,14983.2001953125,2145.260009765625,12958.6796875,233530000.0,82714600.0,1259576700.0,138665900.0,137002300.0,281685400.0,1604140000.0,155100000.0,1237.9100341796875,1231.02001953125,2076540000.0,18.280029296875,5.74,3.49,4.19,5.13,3.4,424000.0,3.82,3.91,-0.58122,4.973,3.98,6.03,5518.3485,63.84,4.46,10.8,4.53,5.32,6.5,2787000.0,997.4791
2005-09-26,10443.6298828125,4566.919921875,5453.10009765625,4998.16015625,11005.5,15274.3095703125,2121.4599609375,13392.6298828125,234320000.0,127857200.0,1477216300.0,123080900.0,135991000.0,293050400.0,1502410000.0,195100000.0,1215.2900390625,1215.6300048828125,2022220000.0,32.5999755859375,5.8,3.65,4.23,5.17,3.44,359000.0,3.88,3.97,-0.573,6.319,4.03,6.06,5499.8803,66.43,4.49,12.817,4.56,5.37,6.57,2853000.0,1001.2252
2005-10-03,10535.48046875,4622.5400390625,5501.60009765625,5082.06982421875,11081.2001953125,15394.3896484375,2155.429931640625,13525.2802734375,239190000.0,83428000.0,1376837700.0,70712700.0,107120000.0,270527400.0,1794420000.0,203400000.0,1228.81005859375,1226.699951171875,2097490000.0,23.5399169921875,5.91,3.77,4.3,5.21,3.44,384000.0,3.97,4.11,-0.56773,5.366,4.13,6.12,5500.4131,66.06,4.52,14.074,4.59,5.48,6.75,2841000.0,1007.439
2005-10-10,10238.759765625,4536.22021484375,5374.60009765625,5022.7900390625,10612.2001953125,14898.76953125,2078.919921875,13227.740234375,236540000.0,76356600.0,1465743600.0,81062100.0,124502700.0,280169400.0,1379210000.0,163000000.0,1195.9000244140625,1187.3299560546875,2195990000.0,51.419921875,5.98,3.85,4.37,5.25,3.53,383000.0,4.08,4.2,-0.56758,4.857,4.24,6.19,5517.9021,63.06,4.56,11.3,4.64,5.54,6.75,2831000.0,1012.0179
2005-10-17,10348.099609375,4489.2099609375,5286.5,4978.830078125,10553.400390625,14541.349609375,2070.300048828125,13400.2900390625,242880000.0,76914400.0,1270118200.0,84710300.0,164138300.0,310244800.0,1266030000.0,119400000.0,1186.5699462890625,1190.0999755859375,2054570000.0,31.510009765625,6.03,3.68,4.45,5.35,3.66,348000.0,4.14,4.24,-0.57253,4.787,4.31,6.29,5543.3622,62.87,4.63,8.504,4.72,5.62,6.75,2821000.0,1012.8052
2005-10-24,10385.0,4421.97021484375,5207.60009765625,4901.7900390625,10360.7998046875,14402.349609375,2115.830078125,13106.1796875,263690000.0,77048400.0,1194962600.0,86105100.0,123778100.0,290231200.0,1551470000.0,115700000.0,1179.5899658203125,1199.3800048828125,2197790000.0,28.8399658203125,6.1,3.76,4.46,5.35,3.77,324000.0,4.19,4.26,-0.58034,4.555,4.32,6.31,5525.4716,62.28,4.64,11.06,4.75,5.65,6.75,2772000.0,1014.596
2005-10-31,10440.0703125,4436.4501953125,5317.2998046875,4929.06982421875,10383.2998046875,14386.3701171875,2120.300048828125,13606.5,320080000.0,102236200.0,2127466700.0,123183800.0,159256200.0,268522400.0,1869760000.0,178900000.0,1198.4100341796875,1207.010009765625,2567470000.0,36.510009765625,6.15,3.76,4.55,5.41,3.82,322000.0,4.26,4.35,-0.58898,5.149,4.42,6.38,5541.9806,61.33,4.72,10.202,4.82,5.69,6.75,2752000.0,1015.7284
2005-11-07,10586.23046875,4503.64990234375,5460.7998046875,5024.2001953125,10681.2001953125,14365.7900390625,2178.239990234375,14061.599609375,241260000.0,75922200.0,1522020100.0,84897100.0,134788900.0,310755600.0,1621120000.0,213900000.0,1220.1400146484375,1222.81005859375,1987580000.0,45.7999267578125,6.31,3.94,4.61,5.48,3.87,325000.0,4.32,4.44,-0.59484,4.981,4.51,6.44,5542.7574,60.34,4.77,12.248,4.89,5.85,6.82,2746000.0,1017.0947
2005-11-14,10697.169921875,4548.4501953125,5470.0,5092.43017578125,10684.7001953125,14629.490234375,2200.949951171875,14116.0400390625,211290000.0,78207800.0,1351877000.0,72672800.0,111135800.0,273048000.0,1385360000.0,153600000.0,1234.719970703125,1233.760009765625,1899780000.0,22.75,6.36,4.0,4.6,5.47,3.88,309000.0,4.35,4.46,-0.59681,5.002,4.52,6.43,5530.9749,58.8,4.77,7.813,4.89,5.89,7.0,2760000.0,1018.8942
2005-11-21,10820.2802734375,4586.3798828125,5497.89990234375,5170.60986328125,10817.2998046875,14885.5703125,2241.669921875,14680.4296875,250280000.0,94556400.0,1906248600.0,90179300.0,139530600.0,242625000.0,1661890000.0,171000000.0,1248.27001953125,1254.8499755859375,2117350000.0,29.47998046875,6.37,3.98,4.52,5.39,3.92,324000.0,4.36,4.43,-0.5934,4.522,4.46,6.37,5552.6521,57.0,4.67,11.885,4.81,5.9,7.0,2712000.0,1022.8261
2005-11-28,10890.7197265625,4575.31005859375,5477.39990234375,5176.58984375,10939.2001953125,15100.0,2239.3701171875,14986.9404296875,259360000.0,131945600.0,1409592300.0,99500900.0,134907800.0,183583400.0,1559380000.0,121300000.0,1268.25,1257.4599609375,2016900000.0,44.22998046875,6.28,4.0,4.45,5.35,3.87,311000.0,4.3,4.35,-0.58699,5.107,4.36,6.35,5583.2319,58.13,4.66,8.337,4.77,5.81,7.0,2587000.0,1025.7346
2005-12-05,10835.009765625,4650.5400390625,5510.39990234375,5266.85986328125,11008.7998046875,15158.8203125,2257.639892578125,15551.3095703125,237340000.0,88238600.0,1788173700.0,100323500.0,127375500.0,222779400.0,1659920000.0,244600000.0,1265.0799560546875,1262.0899658203125,2325840000.0,19.3900146484375,6.26,4.02,4.48,5.4,3.88,321000.0,4.34,4.41,-0.57905,5.09,4.41,6.36,5565.1768,57.78,4.65,10.027,4.79,5.81,7.0,2589000.0,1024.1705
2005-12-12,10767.76953125,4673.1298828125,5501.5,5301.2099609375,11099.2998046875,14984.400390625,2260.949951171875,15738.7001953125,254130000.0,105881200.0,1221761300.0,79446100.0,146740600.0,199318800.0,1679280000.0,185600000.0,1259.3699951171875,1260.4300537109375,1876550000.0,21.97998046875,6.32,4.0,4.52,5.44,3.91,327000.0,4.35,4.42,-0.57199,4.932,4.43,6.39,5575.4368,59.83,4.68,10.698,4.8,5.87,7.0,2620000.0,1029.4137
2005-12-19,10836.5302734375,4694.85986328125,5539.7998046875,5350.18017578125,11154.2998046875,15182.8896484375,2222.739990234375,15391.48046875,331170000.0,88295600.0,1225682300.0,96131900.0,142275700.0,310365600.0,1745530000.0,98200000.0,1267.3199462890625,1259.9200439453125,2208810000.0,21.56005859375,6.3,4.19,4.49,5.41,3.83,312000.0,4.34,4.4,-0.56747,5.396,4.4,6.36,5580.337,60.32,4.65,9.663,4.77,5.85,7.07,2660000.0,1031.7092
2005-12-26,10883.26953125,4757.740234375,5595.5,5419.0498046875,11245.400390625,15183.580078125,2249.419921875,16107.669921875,126720000.0,47427000.0,307762200.0,47192500.0,92686000.0,164157400.0,978370000.0,101800000.0,1268.1199951171875,1268.6600341796875,1285810000.0,18.030029296875,6.26,4.24,4.45,5.34,3.89,320000.0,4.37,4.4,-0.56747,5.402,4.38,6.28,5602.2433,57.97,4.6,9.007,4.71,5.79,7.25,2668000.0,1036.414
2006-01-02,10717.5,4754.919921875,5618.7998046875,5449.97998046875,11272.2998046875,14876.4296875,2205.320068359375,16111.4296875,191020000.0,35923200.0,329951900.0,36148300.0,63650300.0,448872000.0,1284050000.0,55500000.0,1254.4200439453125,1248.2900390625,1443500000.0,18.030029296875,6.22,4.22,4.37,5.24,3.92,302000.0,4.36,4.38,-0.57136,4.853,4.33,6.19,5607.2128,59.82,4.5,9.052,4.6,5.76,7.25,2660000.0,1043.3038
2006-01-09,11011.900390625,4875.08984375,5731.5,5537.10986328125,11565.2001953125,15547.4296875,2318.68994140625,16428.2109375,248240000.0,116841600.0,1690826300.0,96620300.0,196623900.0,581542400.0,1949140000.0,170400000.0,1285.449951171875,1290.1500244140625,2301490000.0,18.030029296875,6.21,4.16,4.37,5.26,4.1,326000.0,4.37,4.33,-0.5805,4.734,4.3,6.21,5654.7556,63.39,4.53,12.589,4.62,5.76,7.25,2561000.0,1044.3953
2006-01-16,10959.8701171875,4856.08984375,5740.2001953125,5514.64013671875,11721.0,15777.7197265625,2317.0400390625,16268.0302734375,209940000.0,71310200.0,1259420800.0,61050900.0,94804300.0,393659200.0,1784410000.0,109900000.0,1286.06005859375,1287.6099853515625,2206510000.0,24.5999755859375,6.15,4.23,4.41,5.29,4.2,285000.0,4.41,4.39,-0.59348,4.795,4.34,6.24,5621.2588,63.74,4.56,7.466,4.65,5.71,7.25,2586000.0,1044.5943
2006-01-23,10688.76953125,4751.990234375,5660.89990234375,5348.72021484375,11733.400390625,15464.76953125,2248.469970703125,15360.650390625,366090000.0,114812800.0,1658293500.0,108795300.0,196537100.0,512870000.0,1902480000.0,108400000.0,1261.489990234375,1263.8199462890625,2256070000.0,24.5999755859375,6.1,4.29,4.36,5.24,4.26,290000.0,4.43,4.35,-0.60741,4.81,4.29,6.18,5628.5631,66.79,4.53,10.521,4.59,5.67,7.25,2516000.0,1046.5875
2006-01-30,10899.919921875,4936.7900390625,5779.7998046875,5660.02978515625,11947.5,15753.1396484375,2306.780029296875,16551.23046875,323690000.0,117194200.0,1414552500.0,94694900.0,159973100.0,900109200.0,1900730000.0,203400000.0,1283.719970703125,1285.18994140625,2282730000.0,28.5198974609375,6.12,4.26,4.46,5.33,4.32,282000.0,4.5,4.44,-0.6226,5.314,4.38,6.26,5646.3927,66.82,4.61,9.765,4.69,5.7,7.25,2565000.0,1053.5953
2006-02-06,10798.26953125,4934.58984375,5772.39990234375,5666.77978515625,12080.5,15548.0595703125,2258.800048828125,16747.759765625,263190000.0,108205800.0,1681635300.0,93396800.0,156121500.0,473072800.0,1769530000.0,120200000.0,1264.030029296875,1265.02001953125,2132360000.0,26.919921875,6.23,4.44,4.55,5.39,4.37,289000.0,4.6,4.57,-0.6352,5.117,4.49,6.31,5664.5297,66.59,4.67,13.196,4.75,5.81,7.32,2520000.0,1055.3572
2006-02-13,10892.3203125,4957.35986328125,5793.5,5756.330078125,11519.5,15312.08984375,2239.81005859375,15877.66015625,244330000.0,104654800.0,1369455700.0,103099200.0,181036200.0,406328000.0,1662000000.0,143800000.0,1266.989990234375,1262.8599853515625,1850080000.0,20.9500732421875,6.24,4.5,4.56,5.34,4.4,298000.0,4.67,4.64,-0.64435,5.36,4.54,6.28,5646.2829,63.06,4.6,5.749,4.73,5.83,7.5,2517000.0,1054.1471
2006-02-20,11115.3203125,4979.93994140625,5863.0,5793.9501953125,11865.7998046875,15598.669921875,2282.360107421875,15437.9296875,329160000.0,60892200.0,1094531500.0,68231800.0,93259500.0,326216800.0,1948640000.0,128800000.0,1289.3800048828125,1287.239990234375,2128260000.0,34.489990234375,6.28,4.49,4.59,5.37,4.44,283000.0,4.7,4.69,-0.64989,5.224,4.59,6.3,5680.3689,59.37,4.56,11.26,4.76,5.91,7.5,2488000.0,1057.8492
2006-02-27,11097.5498046875,5080.52001953125,5875.89990234375,5915.14990234375,11706.5,15949.8896484375,2307.179931640625,16192.9501953125,268610000.0,140426000.0,2036067300.0,81833900.0,132761700.0,417455600.0,1714420000.0,152600000.0,1289.4300537109375,1294.1199951171875,1975320000.0,34.489990234375,6.26,4.49,4.56,5.32,4.47,293000.0,4.72,4.71,-0.6519,5.005,4.61,6.23,5681.0712,59.93,4.51,7.66,4.7,5.89,7.5,2504000.0,1059.9236
2006-03-06,10958.58984375,5010.72021484375,5897.7998046875,5754.06005859375,11883.2998046875,15811.830078125,2286.030029296875,15901.16015625,292510000.0,129514800.0,2147444000.0,136912000.0,166341600.0,280681600.0,2112280000.0,99900000.0,1287.22998046875,1278.260009765625,2280190000.0,21.89990234375,6.24,4.5,4.61,5.38,4.5,302000.0,4.74,4.72,-0.65041,5.08,4.66,6.27,5711.6112,62.27,4.58,12.791,4.76,5.89,7.5,2453000.0,1063.5107
2006-03-13,11076.01953125,5107.47021484375,5952.7998046875,5855.16015625,11906.7001953125,15542.0703125,2267.030029296875,16361.509765625,251020000.0,99056200.0,2085598400.0,104874800.0,131931000.0,213722400.0,1649550000.0,94700000.0,1281.5799560546875,1284.1300048828125,2070330000.0,28.909912109375,6.37,4.51,4.74,5.53,4.49,307000.0,4.77,4.74,-0.64722,5.028,4.76,6.41,5674.1912,60.89,4.72,2.795,4.91,6.0,7.5,2474000.0,1061.5457
2006-03-20,11274.5302734375,5138.509765625,5991.7001953125,5902.7900390625,11929.2998046875,15929.9501953125,2314.110107421875,16624.80078125,247410000.0,96421400.0,1881072000.0,83363200.0,140240600.0,428078000.0,1943820000.0,102200000.0,1307.25,1305.0799560546875,1976830000.0,39.3399658203125,6.34,4.51,4.71,5.53,4.5,303000.0,4.76,4.67,-0.64324,4.479,4.67,6.41,5726.0718,62.64,4.73,15.167,4.9,5.98,7.5,2456000.0,1069.83
2006-03-27,11250.1103515625,5162.43994140625,5972.2001953125,5912.259765625,12078.5,15815.8701171875,2315.580078125,16650.099609375,226240000.0,93518000.0,1526643600.0,102626800.0,185124800.0,416034600.0,1850220000.0,92600000.0,1302.949951171875,1301.6099853515625,2029700000.0,15.0699462890625,6.32,4.57,4.69,5.51,4.56,295000.0,4.77,4.72,-0.63958,5.142,4.67,6.39,5719.2717,61.36,4.72,7.114,4.9,5.97,7.5,2439000.0,1067.5003
2006-04-03,11144.9404296875,5255.259765625,6024.2998046875,6024.0498046875,12210.900390625,16063.75,2336.739990234375,17333.310546875,278440000.0,124339800.0,1488772300.0,85183000.0,184885900.0,340218000.0,1952960000.0,129600000.0,1302.8800048828125,1297.81005859375,2494080000.0,18.31005859375,6.35,4.7,4.8,5.61,4.51,291000.0,4.82,4.8,-0.63595,5.4,4.78,6.5,5711.9749,65.67,4.83,11.285,5.01,6.0,7.57,2405000.0,1072.9483
2006-04-10,11141.330078125,5190.27001953125,6067.0,6003.39990234375,12289.7001953125,16521.58984375,2333.27001953125,17456.580078125,207380000.0,84382800.0,1716789500.0,78738900.0,153001700.0,335448400.0,1840950000.0,103900000.0,1295.510009765625,1296.6199951171875,1898320000.0,20.89990234375,6.43,4.88,4.89,5.72,4.56,299000.0,4.85,4.85,-0.63407,5.228,4.84,6.59,5746.8063,66.56,4.94,10.331,5.11,6.1,7.75,2411000.0,1081.6187
2006-04-17,11073.7802734375,5102.6201171875,6029.39990234375,5918.56982421875,12309.0,16429.44921875,2311.159912109375,17000.359375,239730000.0,82467200.0,1300431500.0,89156700.0,128165500.0,337570600.0,1776170000.0,78300000.0,1289.1199951171875,1285.3299560546875,1794650000.0,31.1099853515625,6.49,4.76,4.98,5.83,4.58,299000.0,4.91,4.91,-0.63305,5.126,4.91,6.69,5775.5831,68.85,5.05,8.196,5.22,6.14,7.75,2408000.0,1074.7682
2006-04-24,11336.3203125,5221.43994140625,6098.7001953125,6079.08984375,12342.2001953125,16705.669921875,2333.3798828125,16914.400390625,232000000.0,87307000.0,1338013400.0,171732100.0,145236100.0,479641800.0,2008130000.0,110600000.0,1311.280029296875,1308.1099853515625,2117330000.0,31.1099853515625,6.53,4.77,5.02,5.88,4.61,308000.0,4.9,4.88,-0.63367,4.999,4.91,6.72,5772.0926,71.87,5.1,12.054,5.26,6.17,7.75,2424000.0,1084.1031
2006-05-01,11343.2900390625,5188.39990234375,6023.10009765625,6009.89013671875,12234.599609375,16661.30078125,2304.7900390625,16925.7109375,365970000.0,116765400.0,1644294900.0,138317700.0,139837700.0,362459600.0,2076120000.0,79600000.0,1310.6099853515625,1305.18994140625,2437040000.0,22.10009765625,6.58,4.74,5.07,5.93,4.66,321000.0,4.94,4.92,-0.63414,4.953,4.95,6.73,5786.5233,70.38,5.15,9.965,5.3,6.21,7.75,2357000.0,1090.8043
2006-05-08,11584.5400390625,5282.39990234375,6067.10009765625,6127.97998046875,12294.2001953125,17301.7890625,2344.989990234375,17291.669921875,309920000.0,85185000.0,1607859400.0,107181300.0,217378400.0,552253400.0,1726260000.0,121000000.0,1325.760009765625,1324.6600341796875,2151300000.0,23.239990234375,6.59,4.83,5.14,5.99,4.69,347000.0,4.98,4.94,-0.6319,5.366,5.0,6.75,5786.2424,72.14,5.22,11.932,5.37,6.22,7.75,2372000.0,1099.594
2006-05-15,11428.76953125,5064.85009765625,5841.2998046875,5857.02978515625,11831.7001953125,16494.83984375,2238.52001953125,16486.91015625,300550000.0,187040400.0,1991604000.0,176633900.0,209824900.0,469529000.0,2006700000.0,118700000.0,1291.18994140625,1294.5,2505660000.0,42.18994140625,6.58,4.84,5.14,5.97,4.74,335000.0,5.01,4.99,-0.62734,5.151,5.03,6.74,5774.4121,71.5,5.22,9.977,5.37,6.17,7.79,2383000.0,1100.6325
2006-05-22,11125.330078125,4813.5,5532.7001953125,5546.240234375,11545.7998046875,15805.51953125,2172.860107421875,15857.8701171875,340590000.0,183981800.0,2031642400.0,183299200.0,201342000.0,472615200.0,2269960000.0,126400000.0,1267.030029296875,1262.0699462890625,2773010000.0,52.9000244140625,6.6,5.0,5.11,5.96,4.71,319000.0,4.98,4.96,-0.61774,5.192,5.0,6.76,5770.7678,69.07,5.22,11.366,5.36,6.2,8.0,2399000.0,1103.7027
2006-05-29,11278.6103515625,5015.31982421875,5791.0,5755.02001953125,11845.5,15963.76953125,2210.3701171875,15915.6796875,240330000.0,48836600.0,1627196900.0,48289600.0,56503000.0,307278200.0,1540700000.0,96700000.0,1272.7099609375,1280.1600341796875,1814020000.0,35.2000732421875,6.62,4.98,5.05,5.9,4.71,330000.0,4.99,4.96,-0.60455,5.476,4.95,6.72,5799.6833,70.35,5.15,9.997,5.29,6.23,8.0,2381000.0,1103.3707
2006-06-05,11048.7197265625,4916.0400390625,5762.10009765625,5621.18994140625,11699.5,16016.23046875,2169.6201171875,15668.3095703125,254990000.0,73527800.0,1072108200.0,74288100.0,141886400.0,307784200.0,1733250000.0,89700000.0,1288.1600341796875,1265.2900390625,2313470000.0,35.2000732421875,6.67,5.01,5.08,5.91,4.72,307000.0,5.03,5.0,-0.58901,4.87,4.99,6.74,5815.4311,71.53,5.18,9.59,5.32,6.26,8.0,2408000.0,1106.7687
2006-06-12,10792.580078125,4723.18017578125,5620.89990234375,5395.5498046875,11197.599609375,15621.4404296875,2091.320068359375,14833.009765625,272490000.0,99536600.0,1463611100.0,106057700.0,163954800.0,282433200.0,1887720000.0,116000000.0,1252.27001953125,1237.43994140625,2247010000.0,55.5,6.62,4.99,5.01,5.81,4.74,298000.0,5.04,5.0,-0.57309,5.233,4.95,6.67,5799.6099,71.54,5.07,11.328,5.21,6.23,8.0,2412000.0,1120.1918
2006-06-19,10942.1103515625,4729.02001953125,5626.10009765625,5439.22998046875,11007.599609375,15768.8603515625,2110.419921875,14860.349609375,377040000.0,123956200.0,1153580500.0,125593000.0,137601500.0,192452000.0,1681580000.0,86300000.0,1251.5400390625,1240.1300048828125,2517200000.0,43.2899169921875,6.63,5.0,5.05,5.83,4.76,308000.0,5.13,5.09,-0.55811,4.97,5.02,6.71,5820.5254,69.48,5.09,9.766,5.23,6.25,8.0,2395000.0,1120.0843
2006-06-26,11045.2802734375,4801.490234375,5681.2001953125,5514.6298828125,11372.2001953125,15804.8095703125,2133.669921875,15152.400390625,202770000.0,114452400.0,1614543600.0,75734400.0,157419400.0,306761400.0,1392940000.0,93200000.0,1244.5,1250.56005859375,1878580000.0,20.7899169921875,6.71,4.95,5.18,5.94,4.81,309000.0,5.24,5.22,-0.54643,5.007,5.16,6.86,5824.7649,69.94,5.21,9.629,5.35,6.36,8.0,2419000.0,1113.3698
2006-07-03,11228.01953125,4980.6201171875,5884.39990234375,5712.68994140625,11612.900390625,16326.66015625,2190.429931640625,15571.6201171875,134790000.0,102830500.0,1194578600.0,61460500.0,152672900.0,295984400.0,788200000.0,102700000.0,1270.06005859375,1280.18994140625,1114470000.0,42.7900390625,6.78,5.0,5.22,5.98,4.89,316000.0,5.27,5.23,-0.53969,4.924,5.18,6.9,5820.4861,72.65,5.25,8.678,5.38,6.43,8.0,2399000.0,1119.3626
2006-07-10,11103.5498046875,4982.47998046875,5896.89990234375,5706.31982421875,11654.7001953125,16603.810546875,2116.929931640625,15552.8095703125,207740000.0,83373600.0,880029700.0,70780500.0,124501400.0,223312300.0,1561790000.0,111300000.0,1265.4599609375,1267.3399658203125,1854590000.0,42.7900390625,6.79,5.14,5.18,5.94,4.9,343000.0,5.27,5.2,-0.53837,5.334,5.14,6.84,5865.6496,74.65,5.22,11.478,5.34,6.44,8.25,2491000.0,1127.2747
2006-07-17,10747.3603515625,4750.080078125,5701.0,5416.9599609375,11480.599609375,16064.8203125,2037.719970703125,14845.240234375,251640000.0,115001000.0,1366791300.0,113369400.0,126587100.0,231710500.0,1504880000.0,114200000.0,1236.199951171875,1234.489990234375,2146410000.0,46.9300537109375,6.74,5.24,5.1,5.85,4.93,318000.0,5.24,5.14,-0.54312,5.186,5.06,6.76,5863.8771,75.21,5.14,6.678,5.25,6.37,8.25,2475000.0,1124.2491
2006-07-24,11051.0498046875,4914.93017578125,5833.89990234375,5578.0498046875,11625.2001953125,16480.58984375,2061.840087890625,14794.5,269370000.0,87998600.0,1298199500.0,94650500.0,164267900.0,251868300.0,1975870000.0,98400000.0,1240.25,1260.9100341796875,2312720000.0,38.02001953125,6.8,5.25,5.07,5.82,4.97,306000.0,5.22,5.11,-0.55351,4.915,5.03,6.75,5864.7985,73.98,5.11,10.33,5.23,6.41,8.25,2422000.0,1128.9697
2006-07-31,11185.6796875,5009.419921875,5928.2998046875,5681.97021484375,11831.0,16971.33984375,2091.469970703125,15456.8095703125,226190000.0,75857600.0,1272181900.0,89775800.0,150113500.0,263546300.0,1582270000.0,109400000.0,1278.530029296875,1276.6600341796875,2461300000.0,41.7000732421875,6.72,5.24,5.05,5.82,4.97,311000.0,5.17,5.06,-0.56843,5.017,4.98,6.72,5853.0187,73.87,5.1,7.979,5.21,6.34,8.25,2460000.0,1130.1126
2006-08-07,11219.3798828125,4956.33984375,5828.7998046875,5626.669921875,11936.7001953125,16953.55078125,2072.5,15154.0595703125,169710000.0,83503800.0,945153100.0,83324800.0,125532700.0,216714100.0,1428170000.0,90000000.0,1279.31005859375,1275.77001953125,2045660000.0,29.77001953125,6.63,5.27,4.96,5.76,4.97,318000.0,5.1,4.96,-0.58508,4.72,4.89,6.65,5861.8871,75.2,5.05,13.836,5.14,6.27,8.25,2477000.0,1144.1601
2006-08-14,11097.8701171875,5046.93017578125,5870.89990234375,5692.0,11850.2001953125,17290.009765625,2069.0400390625,15857.1103515625,205830000.0,65948600.0,1029687400.0,92932100.0,121294900.0,205380100.0,1480120000.0,82800000.0,1266.6700439453125,1268.2099609375,2118020000.0,31.6199951171875,6.55,5.25,4.94,5.76,4.95,310000.0,5.09,4.93,-0.60112,4.643,4.87,6.65,5835.6289,75.63,5.04,6.255,5.13,6.2,8.25,2467000.0,1148.2653
2006-08-21,11345.0498046875,5104.64990234375,5915.2001953125,5794.830078125,12136.900390625,17007.880859375,2147.75,15969.0400390625,196220000.0,66132800.0,978830000.0,85616500.0,171042200.0,317411200.0,1314000000.0,91900000.0,1302.300048828125,1297.52001953125,1759240000.0,40.2200927734375,6.52,5.23,4.9,5.7,4.97,315000.0,5.1,4.92,-0.6137,4.747,4.85,6.61,5880.5163,71.79,5.03,9.099,5.11,6.2,8.25,2464000.0,1157.1382
2006-08-28,11352.009765625,5148.52001953125,5878.60009765625,5854.990234375,12167.400390625,16922.2890625,2160.699951171875,15762.58984375,180810000.0,49177800.0,1044447700.0,73207100.0,120771900.0,203537200.0,1333860000.0,88000000.0,1295.0899658203125,1301.780029296875,1834920000.0,15.2000732421875,6.48,5.24,4.81,5.62,4.97,314000.0,5.07,4.87,-0.62145,4.997,4.77,6.53,5913.2861,72.12,4.95,7.087,5.03,6.18,8.25,2457000.0,1153.3848
2006-09-04,11464.150390625,5203.240234375,5986.60009765625,5909.72021484375,12145.099609375,17513.880859375,2193.159912109375,16358.0703125,168010000.0,73468400.0,992682900.0,62858100.0,146618500.0,307024000.0,1325540000.0,109100000.0,1303.800048828125,1311.010009765625,1800520000.0,20.6300048828125,6.44,5.25,4.76,5.57,4.93,315000.0,5.03,4.83,-0.62374,5.095,4.73,6.5,5879.7824,70.01,4.91,12.426,4.98,6.14,8.25,2467000.0,1152.2439
2006-09-11,11396.83984375,5058.31005859375,5850.7998046875,5798.4599609375,11656.599609375,16948.58984375,2173.25,15794.3798828125,216000000.0,111996600.0,1089823300.0,112525400.0,263119300.0,822556800.0,1694280000.0,97800000.0,1298.8599853515625,1299.5400390625,2506430000.0,20.6300048828125,6.47,5.25,4.79,5.59,4.84,314000.0,5.02,4.81,-0.62226,4.531,4.73,6.51,5925.1249,67.53,4.94,10.013,5.01,6.16,8.25,2449000.0,1153.4706
2006-09-18,11555.0,5146.9599609375,5890.2998046875,5926.330078125,11763.599609375,17387.2109375,2235.75,15866.9296875,192680000.0,85135800.0,1211359100.0,98772300.0,179898300.0,527369400.0,1914200000.0,85500000.0,1319.8499755859375,1321.1800537109375,2325080000.0,33.93994140625,6.43,5.23,4.79,5.58,4.81,324000.0,5.02,4.83,-0.61911,4.749,4.73,6.49,5922.3496,63.98,4.92,6.616,4.99,6.11,8.25,2438000.0,1149.4719
2006-09-25,11575.8095703125,5146.490234375,5798.2998046875,5901.66015625,11582.7001953125,17546.0390625,2249.070068359375,15633.8095703125,267990000.0,114342200.0,1770395800.0,100513300.0,246463000.0,554085100.0,1833860000.0,98200000.0,1314.780029296875,1326.3699951171875,2710240000.0,18.4100341796875,6.4,5.24,4.71,5.49,4.81,319000.0,4.97,4.77,-0.61706,6.113,4.66,6.4,5907.4665,61.4,4.83,10.818,4.91,6.06,8.25,2440000.0,1154.7811
2006-10-02,11670.349609375,5243.1298828125,5957.7998046875,5999.4599609375,11787.400390625,17543.05078125,2237.60009765625,16254.2900390625,198010000.0,90264000.0,1628546600.0,92792600.0,177637000.0,585264500.0,1769170000.0,102600000.0,1335.8199462890625,1331.3199462890625,2154480000.0,29.340087890625,6.31,5.27,4.6,5.39,4.76,309000.0,4.9,4.67,-0.6177,4.28,4.56,6.32,5905.4196,61.94,4.73,9.399,4.81,5.98,8.25,2437000.0,1145.8668
2006-10-09,11857.8095703125,5284.740234375,6030.89990234375,6084.39990234375,11690.900390625,17675.240234375,2311.77001953125,16436.060546875,177940000.0,87269600.0,1338778200.0,80195900.0,178270600.0,561382500.0,1485280000.0,96800000.0,1349.5799560546875,1350.6600341796875,1935170000.0,26.6900634765625,6.3,5.3,4.62,5.42,4.79,316000.0,4.9,4.66,-0.62212,6.65,4.56,6.36,6028.1233,59.77,4.77,8.373,4.84,5.98,8.25,2449000.0,1155.1723
2006-10-16,11980.599609375,5361.97021484375,6172.39990234375,6186.5400390625,12061.5,18010.19921875,2363.840087890625,16692.759765625,271740000.0,88648000.0,1285792500.0,89796500.0,196978500.0,760911900.0,1823620000.0,90100000.0,1365.6099853515625,1369.06005859375,2305920000.0,26.6300048828125,6.37,5.23,4.78,5.56,4.9,305000.0,5.03,4.85,-0.63017,5.174,4.74,6.5,6030.522,58.58,4.91,8.4,4.99,6.06,8.25,2459000.0,1155.0657
2006-10-23,12116.91015625,5411.81005859375,6166.10009765625,6242.91015625,12119.2001953125,18089.849609375,2355.56005859375,16788.8203125,288780000.0,81489800.0,1061220900.0,89315100.0,226537100.0,620706100.0,1823480000.0,92300000.0,1368.5799560546875,1377.02001953125,2480430000.0,20.530029296875,6.36,5.23,4.78,5.56,4.96,313000.0,5.05,4.85,-0.63924,4.855,4.75,6.49,6003.3129,58.48,4.91,8.14,4.99,6.06,8.25,2428000.0,1157.3601
2006-10-30,12086.5,5362.22998046875,6126.7998046875,6258.18994140625,12274.400390625,18297.55078125,2363.77001953125,16351.849609375,206240000.0,93173800.0,1366361100.0,107378500.0,210582000.0,997605800.0,1724180000.0,119000000.0,1377.300048828125,1377.9300537109375,2770440000.0,27.3499755859375,6.4,5.24,4.77,5.55,4.99,328000.0,5.07,4.85,-0.64802,5.178,4.74,6.42,6023.939,58.88,4.89,7.914,4.97,6.1,8.25,2449000.0,1165.516
2006-11-06,12105.5498046875,5402.35986328125,6224.5,6330.64990234375,12333.2998046875,18936.55078125,2365.949951171875,16364.759765625,211250000.0,99891200.0,1139977900.0,103258400.0,309398200.0,502709900.0,1892250000.0,104200000.0,1364.27001953125,1379.780029296875,2533550000.0,27.9100341796875,6.31,5.25,4.64,5.41,4.95,319000.0,5.0,4.73,-0.65365,4.982,4.6,6.27,6042.7182,58.55,4.74,8.902,4.83,6.02,8.25,2414000.0,1172.3282
2006-11-13,12131.8798828125,5490.56005859375,6194.2001953125,6393.72998046875,12309.400390625,18868.5390625,2406.3798828125,16022.490234375,194050000.0,94417000.0,1466749900.0,130890200.0,187466100.0,1176664500.0,1720810000.0,107600000.0,1380.5799560546875,1384.4200439453125,2386340000.0,27.9400634765625,6.33,5.24,4.64,5.39,4.96,311000.0,5.03,4.76,-0.65579,5.034,4.62,6.25,6029.2475,59.96,4.74,7.885,4.83,6.04,8.25,2467000.0,1169.6374
2006-11-20,12316.5400390625,5454.740234375,6204.5,6452.330078125,12416.599609375,18954.630859375,2452.719970703125,15725.9404296875,228960000.0,87725200.0,1583123300.0,96175500.0,188060800.0,826235900.0,1697480000.0,116300000.0,1401.1700439453125,1400.5,2546710000.0,28.77001953125,6.24,5.25,4.61,5.34,4.96,326000.0,5.03,4.78,-0.65385,4.96,4.61,6.21,6066.0625,57.56,4.7,6.661,4.8,5.94,8.25,2506000.0,1167.688
2006-11-27,12121.7099609375,5308.64990234375,6050.10009765625,6298.169921875,12542.5,19204.009765625,2405.919921875,15885.3798828125,236740000.0,115500800.0,1663486900.0,134957300.0,180347800.0,806258900.0,1950300000.0,94800000.0,1400.949951171875,1381.9599609375,2711210000.0,28.820068359375,6.18,5.24,4.58,5.29,4.93,349000.0,5.01,4.75,-0.64907,4.663,4.58,6.17,6099.2398,57.24,4.66,8.74,4.76,5.91,8.25,2517000.0,1170.0141
2006-12-04,12283.849609375,5296.080078125,6050.39990234375,6295.22998046875,12848.7001953125,18702.73046875,2448.389892578125,16303.58984375,270630000.0,121021300.0,1286179600.0,99631500.0,167445500.0,1166542800.0,1954530000.0,108600000.0,1396.6700439453125,1409.1199951171875,2766320000.0,33.4000244140625,6.14,5.26,4.49,5.23,4.91,327000.0,4.95,4.64,-0.64308,5.03,4.48,6.12,6066.7449,62.02,4.58,8.931,4.69,5.87,8.25,2472000.0,1170.5274
2006-12-11,12328.48046875,5427.56005859375,6159.7998046875,6469.419921875,12878.2001953125,18924.66015625,2442.860107421875,16527.990234375,213850000.0,130505100.0,1405243200.0,100091500.0,160981300.0,991829700.0,1813340000.0,115000000.0,1409.81005859375,1413.0400390625,2289900000.0,32.3399658203125,6.11,5.25,4.48,5.24,4.86,311000.0,4.9,4.58,-0.63876,5.06,4.44,6.13,6095.9613,62.32,4.6,10.118,4.69,5.84,8.25,2517000.0,1179.4448
2006-12-18,12441.26953125,5530.31982421875,6247.39990234375,6597.25,12785.2001953125,19192.91015625,2435.570068359375,16962.109375,237310000.0,107545900.0,1254247400.0,89912700.0,175262600.0,1099128400.0,1936350000.0,107500000.0,1427.0799560546875,1422.47998046875,2568140000.0,28.1400146484375,6.12,5.24,4.56,5.31,4.81,318000.0,4.95,4.69,-0.63808,4.74,4.53,6.21,6098.0895,61.91,4.67,5.752,4.77,5.86,8.25,2513000.0,1176.8535
2006-12-25,12343.2197265625,5453.93994140625,6190.0,6503.1298828125,12718.2001953125,19320.51953125,2401.179931640625,17092.890625,143650000.0,68259600.0,475781200.0,63717800.0,89942300.0,821757200.0,1306530000.0,86900000.0,1418.0999755859375,1410.760009765625,1647590000.0,21.530029296875,6.13,5.25,4.6,5.36,4.84,323000.0,4.96,4.7,-0.64208,6.066,4.56,6.26,6101.4634,62.4,4.73,8.648,4.82,5.89,8.25,2449000.0,1189.3806
2007-01-01,12463.150390625,5541.759765625,6220.7998046875,6596.919921875,12908.400390625,19964.720703125,2415.2900390625,17225.830078125,161560000.0,50608800.0,561961400.0,33156900.0,72090000.0,1390983100.0,1413920000.0,75300000.0,1424.7099609375,1418.300048828125,1678200000.0,21.530029296875,6.18,5.24,4.67,5.42,4.87,341000.0,4.99,4.78,-0.6506,5.24,4.65,6.32,6102.9979,60.66,4.78,6.867,4.88,5.93,8.25,2455000.0,1181.4371
2007-01-08,12423.490234375,5518.58984375,6194.2001953125,6607.58984375,12553.099609375,20029.66015625,2438.199951171875,17091.58984375,223500000.0,115053800.0,1326700900.0,116670200.0,172708200.0,1438589300.0,1905620000.0,158600000.0,1409.260009765625,1412.8399658203125,2763340000.0,21.530029296875,6.18,5.22,4.66,5.31,4.92,330000.0,4.98,4.76,-0.66322,5.027,4.65,6.27,6127.2938,57.76,4.76,12.206,4.84,5.94,8.25,2518000.0,1186.8994
2007-01-15,12556.080078125,5631.080078125,6263.5,6731.740234375,12755.400390625,20068.560546875,2502.820068359375,17209.919921875,256530000.0,96391200.0,1143653000.0,87570000.0,75247400.0,1252411300.0,2175810000.0,124400000.0,1423.8199462890625,1430.72998046875,2686480000.0,27.260009765625,6.21,5.23,4.7,5.34,4.96,296000.0,5.03,4.82,-0.67769,4.797,4.7,6.29,6119.8856,54.11,4.79,5.185,4.88,5.96,8.25,2507000.0,1190.6152
2007-01-22,12477.16015625,5579.77978515625,6218.39990234375,6687.31005859375,12705.7998046875,20772.220703125,2431.070068359375,17424.1796875,293400000.0,127162700.0,1491780900.0,125663200.0,161886800.0,1019021700.0,1900860000.0,125600000.0,1430.469970703125,1422.949951171875,2540120000.0,27.260009765625,6.23,5.24,4.77,5.41,4.99,335000.0,5.08,4.9,-0.69189,4.686,4.76,6.35,6149.9432,51.51,4.86,10.161,4.96,5.98,8.25,2552000.0,1194.0962
2007-01-29,12490.7802734375,5619.7001953125,6239.89990234375,6726.009765625,12946.0,20236.6796875,2441.090087890625,17470.4609375,234510000.0,105438200.0,1514653900.0,194267100.0,216575300.0,680469300.0,1915400000.0,149200000.0,1422.030029296875,1420.6199951171875,2730480000.0,23.72998046875,6.25,5.25,4.83,5.47,5.0,308000.0,5.1,4.95,-0.7038,5.112,4.82,6.39,6148.9006,53.57,4.92,6.193,5.01,5.98,8.25,2520000.0,1194.4689
2007-02-05,12661.740234375,5681.10986328125,6317.89990234375,6874.06005859375,13166.7001953125,20455.619140625,2470.60009765625,17344.80078125,204140000.0,103841700.0,1300078700.0,102908200.0,140378600.0,819094000.0,1875310000.0,152400000.0,1448.3299560546875,1446.989990234375,2439430000.0,32.4200439453125,6.34,5.27,4.86,5.5,5.0,310000.0,5.1,4.96,-0.70995,5.055,4.85,6.42,6163.9667,57.11,4.95,13.124,5.04,6.06,8.25,2575000.0,1193.9718
2007-02-12,12552.5498046875,5643.9501953125,6353.5,6859.4501953125,13040.5,20593.41015625,2450.3798828125,17504.330078125,174980000.0,102407200.0,1494282000.0,106796800.0,157700800.0,813622500.0,1840250000.0,159500000.0,1438.0,1433.3699951171875,2395680000.0,21.550048828125,6.28,5.25,4.77,5.42,5.02,338000.0,5.07,4.9,-0.70982,5.097,4.76,6.32,6149.7719,58.99,4.86,5.436,4.96,6.02,8.25,2527000.0,1199.5994
2007-02-19,12767.5703125,5739.89990234375,6444.39990234375,6987.080078125,13291.5,20567.91015625,2496.31005859375,17940.08984375,243560000.0,84568200.0,924726800.0,93275600.0,86850300.0,709936300.0,1887430000.0,136900000.0,1456.77001953125,1455.5400390625,2399450000.0,26.530029296875,6.3,5.26,4.75,5.41,5.03,321000.0,5.07,4.88,-0.7019,5.014,4.74,6.3,6175.9135,58.41,4.84,8.003,4.95,6.03,8.25,2626000.0,1201.5315
2007-02-26,12632.259765625,5762.5400390625,6434.7001953125,7027.58984375,13404.5,20507.94921875,2504.52001953125,18215.349609375,230080000.0,104397000.0,1468711800.0,145189500.0,197053300.0,782347000.0,1912480000.0,194900000.0,1451.0400390625,1449.3699951171875,2822170000.0,26.530029296875,6.22,5.25,4.7,5.37,5.05,322000.0,5.05,4.83,-0.68725,4.94,4.69,6.24,6180.0612,59.57,4.8,7.648,4.91,5.97,8.25,2549000.0,1205.7748
2007-03-05,12050.41015625,5385.02978515625,6058.7001953125,6534.56982421875,12711.2998046875,18664.880859375,2340.679931640625,16642.25,278770000.0,188472900.0,1913736300.0,208920800.0,202800500.0,1986020800.0,2291680000.0,210900000.0,1387.1099853515625,1374.1199951171875,3480520000.0,82.97998046875,6.18,5.28,4.55,5.25,5.01,320000.0,4.96,4.64,-0.66779,4.674,4.51,6.15,6220.3499,61.64,4.67,9.378,4.78,5.92,8.25,2581000.0,1213.7645
2007-03-12,12318.6201171875,5496.06982421875,6233.2998046875,6715.490234375,13065.2001953125,19442.419921875,2402.2900390625,17292.390625,219580000.0,121047700.0,1355450300.0,114238400.0,151876400.0,1720489200.0,1637980000.0,130000000.0,1402.800048828125,1406.5999755859375,2664000000.0,36.1800537109375,6.14,5.25,4.53,5.25,4.97,308000.0,4.92,4.57,-0.64942,4.725,4.48,6.19,6207.6237,60.85,4.66,7.064,4.76,5.86,8.25,2511000.0,1212.0964
2007-03-19,12226.169921875,5458.9501953125,6189.39990234375,6671.41015625,13011.7001953125,19266.740234375,2394.409912109375,17009.55078125,208480000.0,68657400.0,1827203100.0,152479100.0,155104400.0,1292261700.0,1650970000.0,130800000.0,1386.949951171875,1402.06005859375,2777180000.0,46.1700439453125,6.14,5.25,4.54,5.27,4.93,309000.0,4.93,4.57,-0.63477,5.038,4.46,6.23,6177.2488,57.94,4.69,8.003,4.78,5.88,8.25,2515000.0,1210.0014
2007-03-26,12469.0703125,5576.2998046875,6291.89990234375,6828.81982421875,13302.900390625,19765.849609375,2455.6298828125,17521.9609375,219960000.0,155438900.0,1766095700.0,136531900.0,222152400.0,780644700.0,1817870000.0,91900000.0,1436.1099853515625,1437.5,2754660000.0,55.260009765625,6.16,5.26,4.58,5.32,4.92,303000.0,4.93,4.58,-0.62644,5.408,4.48,6.31,6177.824,58.26,4.74,5.262,4.82,5.9,8.25,2489000.0,1218.6607
2007-04-02,12382.2998046875,5645.56005859375,6315.5,6937.169921875,13265.7998046875,19809.69921875,2422.260009765625,17028.41015625,209420000.0,116783000.0,1360638200.0,137571900.0,145315400.0,848491800.0,1784170000.0,153900000.0,1420.8299560546875,1424.550048828125,2875880000.0,29.989990234375,6.16,5.26,4.63,5.4,4.92,307000.0,4.9,4.57,-0.623,4.99,4.51,6.38,6214.0622,64.18,4.82,9.255,4.89,5.86,8.25,2499000.0,1219.0666
2007-04-09,12569.1396484375,5741.3798828125,6397.2998046875,7099.91015625,13482.2998046875,20209.7109375,2469.179931640625,17743.759765625,191590000.0,79691800.0,1373407200.0,80532000.0,132136800.0,1526199700.0,1714880000.0,124500000.0,1443.77001953125,1444.6099853515625,2349410000.0,35.97998046875,6.17,5.26,4.68,5.48,4.91,332000.0,4.94,4.64,-0.62267,4.769,4.58,6.42,6250.141,64.82,4.87,9.314,4.94,5.87,8.25,2497000.0,1223.6209
2007-04-16,12720.4599609375,5861.97021484375,6516.2001953125,7338.06005859375,13660.0,20757.529296875,2518.330078125,17628.30078125,225020000.0,115781700.0,1504428900.0,132126800.0,205978500.0,1761272800.0,1779410000.0,111900000.0,1452.8399658203125,1468.3299560546875,2870140000.0,35.97998046875,6.22,5.28,4.74,5.53,4.89,327000.0,4.97,4.73,-0.62107,4.672,4.66,6.46,6257.8584,62.58,4.92,6.27,5.0,5.9,8.25,2538000.0,1222.0104
2007-04-23,12919.400390625,5917.31982421875,6479.7001953125,7335.6201171875,13629.0,20556.5703125,2523.669921875,17455.369140625,223290000.0,113092800.0,1325337000.0,14559100.0,169162000.0,1269192100.0,1928530000.0,123700000.0,1484.3299560546875,1480.9300537109375,2575020000.0,43.169921875,6.17,5.24,4.69,5.44,4.86,321000.0,4.93,4.67,-0.61598,5.454,4.6,6.37,6266.9853,63.06,4.85,9.728,4.93,5.89,8.25,2463000.0,1224.4386
2007-04-30,13062.91015625,5960.0400390625,6449.2001953125,7408.8701171875,13416.7001953125,20318.98046875,2525.090087890625,17400.41015625,264090000.0,85311800.0,1386355100.0,105185300.0,189737900.0,1232504000.0,2080710000.0,153800000.0,1494.0699462890625,1482.3699951171875,3093420000.0,27.330078125,6.16,5.23,4.67,5.43,4.83,301000.0,4.9,4.63,-0.60586,6.534,4.56,6.35,6287.2093,65.26,4.84,7.428,4.92,5.87,8.25,2486000.0,1228.6274
2007-05-07,13312.9697265625,6071.47998046875,6603.7001953125,7525.68994140625,13865.5,20896.640625,2570.949951171875,17669.830078125,206190000.0,72714200.0,2099882800.0,102939500.0,217697700.0,1355037900.0,1652300000.0,149500000.0,1505.5699462890625,1509.47998046875,2545090000.0,34.300048828125,6.16,5.25,4.65,5.4,4.77,300000.0,4.9,4.65,-0.59201,14.887,4.55,6.31,6284.8428,63.82,4.82,10.169,4.89,5.87,8.25,2429000.0,1234.884
2007-05-14,13346.7802734375,6026.419921875,6555.5,7459.60986328125,13903.2998046875,20979.240234375,2546.43994140625,17677.939453125,199620000.0,103490000.0,1234021400.0,158509000.0,168247700.0,2746175200.0,1941450000.0,151300000.0,1505.760009765625,1503.1500244140625,2776130000.0,22.3800048828125,6.15,5.23,4.65,5.42,4.75,297000.0,4.89,4.7,-0.57923,4.914,4.56,6.31,6283.3828,61.9,4.82,9.624,4.89,5.87,8.25,2465000.0,1242.3007
2007-05-21,13542.8798828125,6089.91015625,6636.7998046875,7619.31005859375,14105.2998046875,20927.75,2578.7900390625,17556.869140625,215550000.0,107917800.0,1562307600.0,133033600.0,181981500.0,1483071700.0,1974220000.0,118300000.0,1522.75,1525.0999755859375,3465360000.0,38.4000244140625,6.21,5.27,4.74,5.46,4.69,310000.0,4.86,4.76,-0.568,4.451,4.66,6.38,6292.9977,63.61,4.9,7.513,4.97,5.92,8.25,2417000.0,1248.5416
2007-05-28,13507.2802734375,6071.47021484375,6570.60009765625,7739.2001953125,14073.7001953125,20529.759765625,2557.18994140625,17587.58984375,183470000.0,17502800.0,1649747200.0,126158500.0,59849300.0,998483000.0,1559700000.0,94200000.0,1507.5,1515.72998046875,2316250000.0,27.25,6.37,5.24,4.84,5.55,4.77,310000.0,4.95,4.84,-0.5583,4.913,4.77,6.47,6314.3022,64.89,4.99,9.562,5.07,6.06,8.25,2480000.0,1240.4365
2007-06-04,13676.3203125,6125.81005859375,6664.10009765625,7976.7900390625,14146.7001953125,20729.58984375,2618.2900390625,17973.419921875,177830000.0,114559400.0,1276511300.0,161557700.0,258584600.0,1385369100.0,1947220000.0,166700000.0,1536.280029296875,1539.1800537109375,2738930000.0,27.25,6.42,5.28,4.9,5.58,4.68,313000.0,4.96,4.92,-0.55104,5.183,4.86,6.51,6275.1911,63.94,5.02,7.223,5.11,6.12,8.25,2452000.0,1247.4707
2007-06-11,13424.9599609375,5940.08984375,6567.5,7706.10009765625,13832.7998046875,20615.490234375,2572.14990234375,17834.48046875,183300000.0,121877900.0,1400291100.0,130639500.0,159244900.0,1034142700.0,1614980000.0,119600000.0,1507.6400146484375,1509.1199951171875,2525280000.0,53.1500244140625,6.53,5.24,5.02,5.67,4.67,313000.0,4.98,4.99,-0.54611,4.938,4.98,6.62,6283.5892,65.9,5.12,11.369,5.21,6.22,8.25,2484000.0,1258.4366
2007-06-18,13612.98046875,6087.14990234375,6703.5,8036.1201171875,14176.400390625,21582.890625,2626.60009765625,18149.51953125,174380000.0,124120600.0,1300679100.0,155610800.0,214144700.0,3890428000.0,1717120000.0,120500000.0,1532.9000244140625,1531.050048828125,2480240000.0,51.2999267578125,6.74,5.26,5.2,5.89,4.53,320000.0,4.98,5.06,-0.53918,4.958,5.13,6.79,6278.5948,66.62,5.29,6.25,5.37,6.43,8.25,2453000.0,1257.0925
2007-06-25,13352.0498046875,6002.85009765625,6588.39990234375,7930.60986328125,13841.900390625,21822.349609375,2577.080078125,18087.48046875,251720000.0,157168700.0,1919506100.0,115693200.0,194151800.0,1598811300.0,2039010000.0,114300000.0,1502.56005859375,1497.739990234375,3287250000.0,46.0299072265625,6.69,5.25,5.14,5.85,4.56,313000.0,4.95,4.96,-0.53214,5.475,5.04,6.73,6280.8473,68.78,5.25,10.185,5.33,6.37,8.25,2520000.0,1268.8499
2007-07-02,13535.4296875,6026.9501953125,6590.60009765625,7958.240234375,13906.599609375,21772.73046875,2632.300048828125,18146.30078125,196410000.0,108777900.0,1617108000.0,96965800.0,218875500.0,1621418900.0,1853840000.0,108600000.0,1504.6600341796875,1519.4300537109375,2648990000.0,38.0098876953125,6.67,5.25,5.09,5.8,4.67,317000.0,4.94,4.9,-0.52273,4.923,4.97,6.68,6303.2798,69.13,5.19,7.197,5.28,6.34,8.25,2501000.0,1264.8065
2007-07-09,13649.9697265625,6104.66015625,6712.7001953125,8077.39013671875,14177.5,22817.4296875,2670.02001953125,18261.98046875,192840000.0,115446000.0,1314680100.0,105793400.0,202979300.0,2780795000.0,1895200000.0,101100000.0,1530.4300537109375,1531.8499755859375,2715330000.0,41.8299560546875,6.63,5.28,5.1,5.8,4.81,321000.0,4.99,4.93,-0.5057,4.607,5.0,6.69,6330.1011,71.78,5.19,11.055,5.27,6.3,8.25,2563000.0,1277.7924
2007-07-16,13950.98046875,6125.60009765625,6697.7001953125,8105.68994140625,14338.2998046875,22953.939453125,2697.330078125,18238.94921875,209060000.0,96159400.0,1620914300.0,94063200.0,232943800.0,1338833600.0,1751060000.0,126200000.0,1552.5,1549.52001953125,2704110000.0,49.800048828125,6.73,5.23,5.1,5.81,4.82,317000.0,5.0,4.92,-0.47056,4.912,5.0,6.69,6313.0392,72.79,5.2,5.211,5.27,6.39,8.25,2555000.0,1281.2314
2007-07-23,13943.419921875,6009.16015625,6624.39990234375,7944.2099609375,14468.2998046875,23365.560546875,2690.580078125,17963.640625,237450000.0,99413800.0,1450986500.0,117284200.0,163201000.0,1564566200.0,2034080000.0,147200000.0,1534.06005859375,1541.5699462890625,3102700000.0,26.7000732421875,6.73,5.27,5.03,5.74,4.83,310000.0,4.99,4.86,-0.40636,4.174,4.93,6.62,6303.7246,74.92,5.12,9.171,5.19,6.38,8.25,2514000.0,1280.3292
2007-07-30,13358.3095703125,5646.35986328125,6206.10009765625,7456.31005859375,13864.7001953125,22739.900390625,2583.280029296875,17289.30078125,295450000.0,160849300.0,1964464900.0,178765700.0,197170400.0,1662312000.0,2291710000.0,154100000.0,1458.9300537109375,1473.9100341796875,4128780000.0,98.8699951171875,6.69,5.26,4.88,5.64,4.82,305000.0,4.91,4.69,-0.30312,5.052,4.74,6.61,6339.9252,75.15,5.01,6.215,5.09,6.37,8.25,2537000.0,1284.5097
2007-08-06,13468.7802734375,5532.990234375,6189.10009765625,7444.4501953125,13565.2001953125,21936.73046875,2547.330078125,16914.4609375,311810000.0,160663200.0,1727996600.0,172699700.0,227232700.0,2154530000.0,2815560000.0,130700000.0,1433.0400390625,1467.6700439453125,5067200000.0,61.1400146484375,6.68,5.27,4.77,5.63,4.77,314000.0,4.83,4.55,-0.16438,4.874,4.6,6.62,6367.1723,76.75,4.91,12.245,5.0,6.32,8.25,2531000.0,1282.3092
2007-08-13,13236.5302734375,5569.27978515625,6219.0,7474.330078125,13427.5,21891.099609375,2542.239990234375,16800.05078125,215260000.0,170010700.0,1990653000.0,167576400.0,200987500.0,1535625600.0,2154750000.0,148200000.0,1453.4200439453125,1452.9200439453125,3696280000.0,76.5,6.59,5.25,4.79,5.78,4.69,316000.0,4.78,4.52,-0.00223,4.998,4.6,6.66,6353.3558,71.92,4.97,5.146,5.06,6.25,8.25,2556000.0,1291.9941
2007-08-20,13121.349609375,5399.3798828125,6078.7001953125,7407.52978515625,13110.2998046875,21595.630859375,2508.590087890625,15732.48046875,231800000.0,131677500.0,1481372200.0,126765200.0,180229600.0,3730032400.0,1656440000.0,146700000.0,1445.93994140625,1445.550048828125,3321340000.0,95.6900634765625,6.62,4.79,4.7,5.85,4.11,321000.0,4.44,4.28,0.16142,4.735,4.42,6.7,6400.2815,72.05,4.98,23.801,5.05,6.3,8.25,2556000.0,1300.4029
2007-08-27,13322.1298828125,5590.5400390625,6220.10009765625,7485.990234375,13487.400390625,23577.73046875,2561.25,16301.3896484375,152440000.0,61551800.0,1064108100.0,61657100.0,113339700.0,3614924000.0,1314030000.0,91600000.0,1479.3599853515625,1466.7900390625,2406180000.0,68.1400146484375,6.52,4.91,4.62,5.85,3.62,329000.0,4.16,4.16,0.29439,4.842,4.34,6.68,6405.0449,70.19,4.94,8.096,5.0,6.18,8.25,2569000.0,1313.5535
2007-09-03,13357.740234375,5651.27001953125,6315.2001953125,7648.580078125,13660.5,23904.08984375,2596.360107421875,16524.9296875,234920000.0,95201400.0,870994200.0,76223600.0,155691600.0,1703323600.0,1536640000.0,96700000.0,1457.6099853515625,1473.989990234375,2731610000.0,49.4599609375,6.45,5.11,4.55,5.77,4.06,314000.0,4.3,4.16,0.36637,5.089,4.28,6.6,6378.4677,72.93,4.85,7.841,4.9,6.12,8.25,2565000.0,1321.2762
2007-09-10,13127.849609375,5386.43017578125,6134.10009765625,7375.43994140625,13625.5,23999.69921875,2559.110107421875,15764.9697265625,221760000.0,143979200.0,1358041100.0,124966700.0,193607600.0,2092794400.0,1771430000.0,115300000.0,1453.5,1451.699951171875,2835720000.0,49.4599609375,6.46,5.03,4.48,5.73,4.18,321000.0,4.27,4.04,0.38012,4.685,4.16,6.55,6442.609,75.96,4.78,5.953,4.82,6.15,8.25,2537000.0,1331.8127
2007-09-17,13403.419921875,5439.3701171875,6182.7998046875,7479.85009765625,13809.900390625,24599.33984375,2581.659912109375,16127.419921875,169710000.0,161116400.0,2013260400.0,110316300.0,136169000.0,1338753200.0,1407780000.0,173000000.0,1484.239990234375,1476.6500244140625,2598390000.0,50.2899169921875,6.31,4.98,4.42,5.66,3.93,313000.0,4.15,3.98,0.33745,4.755,4.12,6.54,6433.2845,78.95,4.69,8.926,4.73,5.97,8.25,2536000.0,1345.2378
2007-09-24,13759.0595703125,5692.490234375,6465.89990234375,7787.919921875,13958.2998046875,26551.939453125,2667.949951171875,16312.6103515625,236690000.0,132204600.0,1788563100.0,127771200.0,288130400.0,3199786800.0,1848950000.0,123000000.0,1525.75,1517.72998046875,3131310000.0,66.9200439453125,6.34,5.12,4.57,5.77,3.82,302000.0,4.11,4.05,0.25366,5.416,4.25,6.65,6444.3831,82.26,4.83,5.662,4.87,5.98,8.11,2530000.0,1352.3131
2007-10-01,14087.5498046875,5773.259765625,6506.2998046875,7922.419921875,14200.599609375,27142.470703125,2740.989990234375,16845.9609375,205720000.0,137687000.0,1668930100.0,114359700.0,186569500.0,3152613400.0,1914080000.0,108600000.0,1527.2900390625,1547.0400390625,3281990000.0,41.8900146484375,6.42,4.78,4.61,5.79,3.69,317000.0,4.05,3.99,0.16311,4.761,4.26,6.63,6452.9478,81.7,4.87,13.425,4.92,6.09,7.75,2518000.0,1359.1954
2007-10-08,14043.73046875,5829.39990234375,6540.89990234375,7974.3701171875,14233.2998046875,27770.2890625,2787.3701171875,17065.0390625,116420000.0,84122800.0,1642300600.0,120039500.0,188068000.0,3766163600.0,1496610000.0,97300000.0,1556.510009765625,1552.5799560546875,2040650000.0,39.9200439453125,6.37,4.72,4.57,5.72,3.86,316000.0,4.12,4.02,0.08409,5.43,4.25,6.55,6466.425,80.59,4.8,12.404,4.86,6.03,7.75,2521000.0,1361.9778
2007-10-15,13984.7998046875,5807.43994140625,6644.5,7969.47021484375,14231.2998046875,29540.779296875,2780.050048828125,17358.150390625,220490000.0,122481700.0,1745765000.0,110806500.0,265735300.0,2642580000.0,1967120000.0,97000000.0,1562.25,1548.7099609375,3139290000.0,35.2799072265625,6.4,4.75,4.67,5.78,4.0,335000.0,4.24,4.17,0.03271,4.379,4.38,6.56,6481.3166,81.46,4.88,7.074,4.95,6.06,7.75,2541000.0,1376.3966
2007-10-22,13566.9697265625,5661.27001953125,6459.2998046875,7794.93994140625,14043.599609375,28373.630859375,2753.929931640625,16438.470703125,229440000.0,139502300.0,1579140900.0,151402300.0,192016800.0,3018814400.0,1958710000.0,122100000.0,1497.7900390625,1506.3299560546875,3471830000.0,74.3399658203125,6.4,4.74,4.57,5.68,3.93,334000.0,4.14,4.01,0.02086,5.08,4.23,6.49,6556.1218,87.8,4.82,6.969,4.88,6.08,7.75,2598000.0,1378.7797
2007-10-29,13870.259765625,5836.18994140625,6706.0,8009.669921875,14427.400390625,31586.900390625,2817.43994140625,16698.080078125,207930000.0,119083700.0,1586285000.0,113390300.0,252244800.0,3541612000.0,2014730000.0,122000000.0,1536.9200439453125,1540.97998046875,3124480000.0,55.1099853515625,6.33,4.73,4.39,5.54,3.85,328000.0,3.97,3.78,0.05092,5.046,4.04,6.37,6632.7011,89.23,4.67,7.035,4.72,5.99,7.75,2587000.0,1373.3432
2007-11-05,13543.400390625,5684.6201171875,6461.39990234375,7807.5498046875,14273.400390625,28942.3203125,2795.179931640625,16268.919921875,259590000.0,125527600.0,1413277800.0,111476500.0,188249400.0,3222309800.0,2092590000.0,142700000.0,1505.6099853515625,1502.1700439453125,3819330000.0,62.81005859375,6.26,4.78,4.39,5.54,3.77,327000.0,3.93,3.8,0.12298,4.95,4.04,6.39,6656.1158,93.46,4.67,8.839,4.71,5.91,7.71,2617000.0,1376.0198
2007-11-12,12987.5498046875,5535.56005859375,6337.89990234375,7806.83984375,13605.0,27665.73046875,2584.1298828125,15197.08984375,291980000.0,150002200.0,1481429700.0,138103700.0,217173000.0,2892817600.0,2820740000.0,158500000.0,1453.6600341796875,1439.1800537109375,4192520000.0,82.239990234375,6.24,4.33,4.32,5.53,3.43,333000.0,3.72,3.58,0.2355,5.119,3.89,6.41,6641.3623,95.81,4.65,8.618,4.68,5.9,7.5,2607000.0,1377.0888
2007-11-19,12958.4404296875,5432.56982421875,6120.7998046875,7511.97021484375,13348.2001953125,27460.169921875,2593.3798828125,15042.5595703125,285790000.0,177463800.0,1375882300.0,201775300.0,202189200.0,1637290100.0,2188010000.0,125500000.0,1456.699951171875,1433.27001953125,4119650000.0,61.719970703125,6.24,4.54,4.22,5.49,3.32,332000.0,3.58,3.45,0.37104,5.143,3.77,6.42,6710.7687,93.56,4.57,6.221,4.61,5.88,7.5,2609000.0,1384.5891
2007-11-26,12743.4404296875,5458.39013671875,6180.5,7567.35986328125,13321.099609375,27626.619140625,2540.989990234375,15135.2099609375,265610000.0,128387400.0,1213903300.0,128567800.0,219871500.0,2287869600.0,2019400000.0,145900000.0,1440.739990234375,1407.219970703125,3706470000.0,76.5,6.2,4.51,4.04,5.4,3.17,352000.0,3.3,3.1,0.51339,4.959,3.48,6.39,6677.419,97.93,4.46,9.412,4.49,5.83,7.5,2634000.0,1401.9081
2007-12-03,13314.5703125,5629.4599609375,6386.60009765625,7837.259765625,13657.2001953125,28658.419921875,2637.1298828125,15628.9697265625,212170000.0,135402100.0,1170902700.0,120718100.0,198374600.0,1481711900.0,1994710000.0,137500000.0,1479.6300048828125,1472.4200439453125,3323250000.0,82.8399658203125,6.1,4.53,3.94,5.29,3.02,344000.0,3.25,3.05,0.63338,5.176,3.39,6.37,6644.8359,92.47,4.36,8.8,4.4,5.73,7.5,2639000.0,1405.5373
2007-12-10,13727.0302734375,5750.919921875,6565.39990234375,8033.35986328125,13940.400390625,28501.099609375,2718.949951171875,15924.3896484375,190220000.0,120277100.0,1022301700.0,110482500.0,191317700.0,2767030400.0,1776540000.0,116200000.0,1505.1099853515625,1515.9599609375,2911760000.0,57.6099853515625,5.96,4.55,3.97,5.37,3.01,332000.0,3.17,2.97,0.70938,4.905,3.35,6.53,6692.8417,88.71,4.43,9.952,4.46,5.65,7.5,2672000.0,1412.595
2007-12-17,13167.2001953125,5514.8798828125,6277.7998046875,7825.43994140625,13387.099609375,26596.580078125,2574.4599609375,15249.7900390625,243400000.0,143939200.0,1137995000.0,128105200.0,208912400.0,2406723800.0,1873110000.0,113200000.0,1465.050048828125,1445.9000244140625,3569030000.0,78.139892578125,6.11,4.39,4.12,5.55,2.85,350000.0,3.2,3.14,0.72992,4.831,3.49,6.72,6665.2389,91.18,4.57,4.451,4.61,5.78,7.43,2737000.0,1409.0438
2007-12-24,13550.0400390625,5614.27978515625,6479.2998046875,8002.669921875,13694.7998046875,28128.80078125,2713.5,15257.0,86400000.0,23649000.0,145425700.0,247726900.0,57123400.0,1238054500.0,778620000.0,135400000.0,1484.550048828125,1496.449951171875,1267420000.0,61.97998046875,6.14,4.21,4.12,5.51,2.92,355000.0,3.28,3.17,0.69791,7.5,3.52,6.65,6663.8915,91.16,4.54,8.685,4.58,5.79,7.25,2752000.0,1411.7695
2007-12-31,13264.8203125,5614.080078125,6456.89990234375,8067.31982421875,13833.099609375,27812.650390625,2652.280029296875,15307.7802734375,167240000.0,21781800.0,193916500.0,41693300.0,82166700.0,853767000.0,1454550000.0,61300000.0,1475.25,1468.3599853515625,2440880000.0,61.97998046875,6.17,4.21,4.21,5.57,3.17,360000.0,3.42,3.23,0.63027,4.91,3.63,6.72,6684.2598,95.64,4.61,5.674,4.66,5.79,7.25,2760000.0,1423.6707
2008-01-07,12827.490234375,5452.830078125,6335.7001953125,7817.169921875,13618.900390625,27179.490234375,2499.4599609375,14500.5498046875,306700000.0,181161800.0,1298090800.0,188030700.0,195406300.0,2452932000.0,2600100000.0,139800000.0,1414.0699462890625,1416.1800537109375,4221260000.0,91.60009765625,6.07,3.77,3.94,5.35,3.19,346000.0,3.18,2.88,0.55755,8.693,3.29,6.49,6696.2301,98.17,4.38,13.029,4.43,5.68,7.25,2828000.0,1434.3156
2008-01-14,12778.150390625,5403.509765625,6215.7001953125,7732.02001953125,13698.2998046875,26468.130859375,2478.300048828125,14110.7900390625,245370000.0,142891500.0,1141689600.0,132876200.0,208299300.0,2050190000.0,2134230000.0,175500000.0,1402.9100341796875,1416.25,3682090000.0,65.31005859375,5.87,4.23,3.85,5.36,3.14,322000.0,3.04,2.7,0.49573,5.146,3.13,6.53,6683.0432,94.76,4.37,4.149,4.4,5.43,7.25,2752000.0,1437.773
2008-01-21,12099.2998046875,4744.4501953125,5578.2001953125,6790.18994140625,12132.099609375,23818.859375,2340.02001953125,13325.9404296875,483300000.0,365210100.0,2105408800.0,409707000.0,170828600.0,3252136000.0,2991360000.0,152600000.0,1333.9000244140625,1325.18994140625,6004840000.0,116.5799560546875,5.69,4.24,3.72,5.29,3.01,321000.0,2.83,2.48,0.46158,5.171,2.97,6.52,6696.5691,91.51,4.3,11.626,4.32,5.21,7.25,2770000.0,1441.4086
2008-01-28,12383.8896484375,4848.2998046875,5788.89990234375,6818.85009765625,12986.900390625,24053.609375,2349.909912109375,13087.91015625,278990000.0,166274300.0,1232833300.0,182821600.0,202346000.0,3088035600.0,2033860000.0,152900000.0,1330.699951171875,1353.9599609375,4100930000.0,116.5799560546875,5.48,4.0,3.58,5.3,2.26,366000.0,2.31,2.16,0.46061,5.335,2.74,6.54,6725.3685,89.41,4.28,6.481,4.28,4.95,7.04,2845000.0,1440.7549
2008-02-04,12635.16015625,4973.64013671875,6026.2001953125,7000.490234375,13258.2001953125,25032.080078125,2382.85009765625,13859.7001953125,237410000.0,131717900.0,1102822400.0,144405100.0,210055300.0,3259179200.0,2050940000.0,138100000.0,1395.3800048828125,1380.8199462890625,3495780000.0,73.760009765625,5.68,3.5,3.67,5.38,2.13,350000.0,2.23,2.21,0.48056,4.65,2.84,6.63,6727.9143,91.14,4.35,12.402,4.35,5.17,6.43,2810000.0,1446.2516
2008-02-11,12240.009765625,4682.7001953125,5707.7001953125,6743.5400390625,13130.900390625,22616.109375,2320.06005859375,13017.240234375,268100000.0,154090700.0,1130377400.0,134973600.0,180305500.0,2369935800.0,2072270000.0,170500000.0,1331.9200439453125,1339.1300048828125,3593140000.0,79.27001953125,5.67,3.01,3.66,5.4,2.14,344000.0,2.08,1.98,0.53133,5.548,2.72,6.69,6771.9689,89.08,4.4,8.999,4.39,5.15,6.0,2846000.0,1442.0265
2008-02-18,12348.2099609375,4861.7998046875,5946.60009765625,6967.5498046875,13226.7998046875,23759.25,2321.800048828125,13635.400390625,289800000.0,99598200.0,927279200.0,114683800.0,182057200.0,1666302100.0,1999540000.0,147100000.0,1347.52001953125,1349.989990234375,3583300000.0,52.47998046875,5.72,3.0,3.72,5.54,2.23,339000.0,2.04,1.92,0.60814,5.316,2.73,6.83,6778.3791,94.13,4.53,5.583,4.49,5.25,6.0,2837000.0,1446.1653
2008-02-25,12570.2197265625,4919.259765625,5999.5,6882.56005859375,13697.5,23269.140625,2327.47998046875,13914.5703125,288600000.0,143544400.0,1211085100.0,128930900.0,191256600.0,1323817100.0,2152880000.0,152000000.0,1352.75,1371.800048828125,3866350000.0,52.47998046875,6.04,2.98,3.85,5.62,2.18,354000.0,2.1,2.04,0.70781,3.861,2.89,6.92,6791.9244,99.61,4.61,10.523,4.58,5.64,6.0,2884000.0,1450.4027
2008-03-03,12258.900390625,4742.66015625,5818.60009765625,6689.9501953125,13544.400390625,23584.970703125,2258.60009765625,12992.1796875,259730000.0,150295500.0,1519244300.0,147794700.0,220826800.0,2409038800.0,2145070000.0,142400000.0,1330.449951171875,1331.3399658203125,4117570000.0,68.2999267578125,6.24,2.96,3.78,5.6,1.97,345000.0,1.98,1.94,0.81558,4.74,2.8,6.91,6759.4148,100.84,4.59,8.006,4.56,5.72,6.0,2867000.0,1454.4003
2008-03-10,11740.150390625,4566.990234375,5629.10009765625,6448.080078125,13005.099609375,22705.05078125,2169.340087890625,12532.1298828125,312020000.0,158091800.0,1311044000.0,157678700.0,196905800.0,2510419600.0,2101010000.0,151200000.0,1293.1600341796875,1273.3699951171875,4261240000.0,91.409912109375,6.03,3.0,3.61,5.54,1.52,348000.0,1.66,1.6,0.91713,4.867,2.51,6.89,6811.6128,103.44,4.53,10.019,4.48,5.47,6.0,2895000.0,1459.6197
2008-03-17,11972.25,4431.0400390625,5414.39990234375,6182.2998046875,12952.2001953125,21084.609375,2177.010009765625,11787.509765625,382890000.0,249766000.0,2058764200.0,291401200.0,268053000.0,3369502000.0,2338210000.0,172500000.0,1283.2099609375,1276.5999755859375,5683010000.0,76.280029296875,6.13,2.97,3.51,5.53,1.34,369000.0,1.52,1.59,0.98316,5.076,2.47,6.91,6831.7917,109.35,4.44,7.487,4.39,5.6,6.0,2897000.0,1466.106
2008-03-24,12548.6396484375,4533.72021484375,5495.2001953125,6319.990234375,13019.7001953125,21108.220703125,2326.75,12480.08984375,264320000.0,290932000.0,2137214900.0,339343600.0,199119800.0,2784758800.0,2312600000.0,108400000.0,1330.2900390625,1349.8800048828125,4499000000.0,84.530029296875,5.87,2.7,3.39,5.44,0.81,368000.0,1.35,1.52,1.00146,5.152,2.34,6.82,6851.2842,105.28,4.26,15.836,4.22,5.27,5.79,2938000.0,1467.1042
2008-03-31,12262.8896484375,4707.06982421875,5702.10009765625,6534.97021484375,13350.099609375,22849.19921875,2279.10009765625,12525.5400390625,273610000.0,142322200.0,1374906100.0,129101300.0,240603300.0,1816950800.0,1788360000.0,124100000.0,1315.9200439453125,1322.699951171875,4188990000.0,84.530029296875,5.85,2.18,3.52,5.51,1.27,387000.0,1.6,1.75,0.96512,5.729,2.58,6.93,6829.271,104.49,4.33,6.014,4.32,5.34,5.25,2967000.0,1478.2789
2008-04-07,12612.4296875,4944.60009765625,6014.7998046875,6821.02978515625,13745.0,24578.759765625,2364.830078125,13450.23046875,198070000.0,128312000.0,946532600.0,114267900.0,221763300.0,2084002000.0,1730020000.0,125200000.0,1373.68994140625,1372.5400390625,3747780000.0,73.929931640625,5.88,2.23,3.55,5.53,1.37,354000.0,1.63,1.81,0.89278,5.158,2.64,6.96,6842.1149,103.46,4.36,12.639,4.37,5.42,5.25,2969000.0,1483.4395
2008-04-14,12302.0595703125,4766.490234375,5831.60009765625,6554.490234375,13738.599609375,23811.19921875,2275.820068359375,12917.509765625,216010000.0,119717800.0,1071624800.0,108348200.0,167636500.0,2289906000.0,1626710000.0,101000000.0,1332.199951171875,1328.3199462890625,3565020000.0,60.5799560546875,5.88,2.23,3.54,5.47,1.31,365000.0,1.63,1.84,0.80107,5.127,2.66,6.91,6844.1767,109.71,4.34,6.742,4.33,5.42,5.25,2937000.0,1485.8936
2008-04-21,12825.01953125,4910.35009765625,6053.0,6786.5498046875,14321.2001953125,24721.669921875,2408.0400390625,13696.5498046875,192400000.0,134671700.0,1173183800.0,129834700.0,192463500.0,2069827200.0,1601280000.0,124500000.0,1387.719970703125,1388.1700439453125,3420570000.0,71.550048828125,5.88,2.34,3.67,5.6,1.16,349000.0,1.67,1.98,0.70953,4.745,2.79,7.03,6870.0662,114.33,4.47,8.244,4.44,5.4,5.25,2964000.0,1494.6675
2008-04-28,12871.75,5012.75,6090.39990234375,6925.330078125,14085.900390625,25666.2890625,2424.39990234375,13894.3701171875,222300000.0,94535600.0,781898500.0,107294800.0,190177700.0,2082946200.0,1724680000.0,139400000.0,1397.9599609375,1396.3699951171875,3607000000.0,33.9000244140625,6.03,2.25,3.81,5.58,1.28,370000.0,1.88,2.3,0.62407,5.437,3.05,6.98,6879.7562,118.53,4.52,10.668,4.52,5.62,5.25,2986000.0,1492.5749
2008-05-05,12969.5400390625,5063.35986328125,6215.5,7052.080078125,14274.2998046875,26183.94921875,2464.1201171875,14049.259765625,197810000.0,70413600.0,1199047200.0,79536200.0,207439500.0,1900574400.0,2085110000.0,114100000.0,1415.3399658203125,1407.489990234375,3410090000.0,42.739990234375,6.06,2.28,3.83,5.56,1.43,370000.0,1.93,2.37,0.54831,5.721,3.1,6.9,6822.6535,115.42,4.53,9.128,4.54,5.59,5.21,2993000.0,1488.4501
2008-05-12,12876.3095703125,4976.2099609375,6220.7001953125,7035.9501953125,14666.099609375,25063.169921875,2488.489990234375,13743.3603515625,198110000.0,74711800.0,678570800.0,61975500.0,209327700.0,2068025400.0,1769330000.0,103000000.0,1389.4000244140625,1403.5799560546875,3370630000.0,38.6099853515625,6.05,1.94,3.85,5.57,1.61,366000.0,1.94,2.32,0.48889,5.191,3.07,6.89,6795.0869,123.01,4.57,11.713,4.58,5.6,5.0,2997000.0,1487.5863
2008-05-19,13028.16015625,5142.10009765625,6376.5,7225.93994140625,14984.2001953125,25742.23046875,2516.090087890625,14269.6103515625,193770000.0,118892400.0,1110917200.0,110316800.0,245978200.0,1587602500.0,2269590000.0,133800000.0,1425.280029296875,1426.6300048828125,3683970000.0,56.1300048828125,6.01,1.96,3.86,5.56,1.79,367000.0,2.07,2.44,0.44441,4.657,3.12,6.92,6836.8836,124.96,4.58,8.609,4.58,5.6,5.0,3016000.0,1491.7474
2008-05-26,12479.6298828125,4937.83984375,6087.2998046875,6953.83984375,14758.599609375,24127.310546875,2444.669921875,13690.1904296875,190210000.0,64756800.0,1133052000.0,58329200.0,78237200.0,1780722000.0,1734070000.0,117800000.0,1392.199951171875,1375.9300537109375,3516380000.0,66.52001953125,5.98,1.96,3.84,5.53,1.82,369000.0,2.09,2.44,0.42518,4.399,3.12,6.91,6852.2247,130.14,4.57,11.44,4.56,5.55,5.0,3007000.0,1493.7435
2008-06-02,12503.8203125,4935.2099609375,6007.60009765625,7008.77001953125,14814.2001953125,24831.359375,2491.530029296875,14440.1396484375,199090000.0,127860500.0,1276716500.0,102651900.0,205809700.0,1826960800.0,1972760000.0,154800000.0,1399.6199951171875,1385.6700439453125,3714320000.0,66.52001953125,6.08,2.05,4.03,5.67,1.86,362000.0,2.19,2.63,0.43964,4.94,3.36,7.06,6840.6746,128.47,4.71,12.478,4.72,5.66,5.0,3055000.0,1492.4907
2008-06-09,12280.3203125,4799.3798828125,5877.60009765625,6815.6298828125,14960.7998046875,24402.1796875,2459.4599609375,14181.3798828125,266350000.0,154940700.0,1309997000.0,135317400.0,182800500.0,1723142800.0,2084630000.0,122000000.0,1360.8299560546875,1361.760009765625,4404570000.0,53.8399658203125,6.09,1.99,3.98,5.63,1.82,382000.0,2.14,2.47,0.49125,4.844,3.26,7.01,6847.6053,128.16,4.68,12.099,4.7,5.65,5.0,3010000.0,1489.4331
2008-06-16,12269.080078125,4657.740234375,5794.60009765625,6729.8798828125,14944.2998046875,23029.689453125,2474.780029296875,14354.3701171875,222140000.0,130363000.0,1256900700.0,114365700.0,169138400.0,1493182900.0,1871720000.0,119900000.0,1358.8499755859375,1360.1400146484375,3706940000.0,68.77001953125,6.32,1.99,4.15,5.68,1.93,378000.0,2.51,2.91,0.56159,4.849,3.57,7.08,6861.1265,134.8,4.72,6.511,4.78,5.93,5.0,3057000.0,1494.3422
2008-06-23,11842.3603515625,4511.3701171875,5667.2001953125,6589.4599609375,14691.7998046875,22714.9609375,2385.739990234375,13857.4697265625,182870000.0,152536200.0,1288587600.0,136967100.0,218061200.0,1772604200.0,1916230000.0,117700000.0,1319.77001953125,1318.0,4186370000.0,52.1300048828125,6.42,1.98,4.2,5.74,1.92,381000.0,2.57,2.94,0.63884,4.926,3.64,7.14,6852.9053,134.34,4.75,11.05,4.81,6.02,5.0,3054000.0,1496.0977
2008-06-30,11350.009765625,4434.85009765625,5625.89990234375,6418.31982421875,14467.0,22102.009765625,2292.97998046875,13481.3798828125,282210000.0,200549300.0,1411196700.0,151971200.0,200524200.0,1489375800.0,2096400000.0,123700000.0,1278.06005859375,1280.0,5032330000.0,69.02001953125,6.45,1.97,4.09,5.67,1.75,392000.0,2.46,2.8,0.70191,5.07,3.5,7.08,6869.6435,137.0,4.63,7.114,4.69,6.04,5.0,3110000.0,1504.7469
2008-07-07,11231.9599609375,4342.58984375,5512.7001953125,6395.75,13712.7998046875,21913.060546875,2243.320068359375,13360.0400390625,248240000.0,134681500.0,1185721300.0,115661100.0,244551200.0,1964579200.0,2363990000.0,107100000.0,1262.9000244140625,1252.31005859375,5265420000.0,83.6199951171875,6.35,2.08,4.0,5.6,1.83,371000.0,2.35,2.6,0.73334,5.042,3.32,7.05,6842.7882,142.52,4.53,14.946,4.59,5.92,5.0,3113000.0,1505.4077
2008-07-14,11055.1904296875,4142.52978515625,5300.39990234375,6200.25,13741.2998046875,22014.4609375,2212.8701171875,13010.16015625,205360000.0,133898800.0,1328602600.0,130636700.0,263815900.0,1494919500.0,1997990000.0,123800000.0,1241.6099853515625,1228.300048828125,5434860000.0,83.6199951171875,6.37,1.95,3.9,5.53,1.74,385000.0,2.25,2.48,0.72962,5.18,3.18,7.03,6846.8072,139.95,4.47,7.475,4.51,5.91,5.0,3104000.0,1509.5136
2008-07-21,11467.33984375,4327.14013671875,5404.2998046875,6424.83984375,13689.2001953125,22532.900390625,2279.530029296875,12803.7001953125,212850000.0,278950900.0,1609590000.0,113619000.0,170343200.0,2571576800.0,1859410000.0,113200000.0,1261.8199462890625,1260.0,4630640000.0,67.300048828125,6.26,2.01,3.98,5.67,1.41,402000.0,2.21,2.51,0.70838,4.711,3.26,7.18,6896.7562,135.37,4.57,11.69,4.62,5.78,5.0,3227000.0,1512.3652
2008-07-28,11131.080078125,4324.4501953125,5312.60009765625,6351.14990234375,13304.0,22687.2109375,2264.219970703125,13353.7802734375,197550000.0,121680200.0,1076152400.0,116506500.0,176408200.0,1081764400.0,1931230000.0,93600000.0,1257.760009765625,1234.3699951171875,4282960000.0,56.800048828125,6.63,1.99,4.11,5.78,1.57,434000.0,2.33,2.7,0.67316,5.419,3.44,7.27,6885.4393,125.92,4.66,6.648,4.72,6.18,5.0,3261000.0,1512.2843
2008-08-04,11284.150390625,4280.6298828125,5320.2001953125,6349.81005859375,13496.5,22514.919921875,2285.56005859375,12933.1796875,170250000.0,111724800.0,972098300.0,109583700.0,199082500.0,1293079100.0,2010200000.0,142000000.0,1253.27001953125,1249.010009765625,4562280000.0,50.56005859375,6.52,2.08,4.04,5.73,1.67,448000.0,2.3,2.58,0.64535,5.094,3.31,7.21,6830.7957,124.57,4.61,16.125,4.66,6.07,5.0,3330000.0,1515.2313
2008-08-11,11782.349609375,4538.490234375,5541.7998046875,6609.6298828125,13203.2001953125,21859.33984375,2439.949951171875,13430.91015625,183190000.0,111653000.0,1121815600.0,123059300.0,247063800.0,1549134100.0,2272240000.0,113800000.0,1294.4200439453125,1305.3199462890625,5067310000.0,65.7000732421875,6.52,2.02,3.99,5.74,1.67,430000.0,2.23,2.51,0.63462,4.88,3.24,7.22,6858.0075,118.8,4.6,11.329,4.63,6.1,5.0,3327000.0,1514.8657
2008-08-18,11479.3896484375,4448.83984375,5450.2001953125,6432.8798828125,13119.400390625,20930.669921875,2416.97998046875,13165.4501953125,156290000.0,93648400.0,727068400.0,83530200.0,161712500.0,1318434000.0,1632610000.0,114100000.0,1298.1400146484375,1278.5999755859375,3829290000.0,51.0400390625,6.52,1.99,3.91,5.68,1.83,424000.0,2.18,2.47,0.64251,4.859,3.18,7.17,6861.2309,114.4,4.54,9.025,4.58,6.07,5.0,3385000.0,1515.1227
2008-08-25,11386.25,4355.8701171875,5505.60009765625,6296.9501953125,13289.0,21104.7890625,2365.590087890625,12878.66015625,148610000.0,65140600.0,1024330800.0,63675700.0,128985600.0,1915426400.0,2366920000.0,86600000.0,1290.469970703125,1266.8399658203125,3420600000.0,40.8900146484375,6.47,2.02,3.83,5.58,1.72,421000.0,2.12,2.33,0.69384,4.765,3.07,7.11,6869.9128,115.7,4.45,11.669,4.48,6.0,5.0,3384000.0,1511.861
2008-09-01,11543.9599609375,4472.1298828125,5602.7998046875,6421.7998046875,13771.2998046875,20906.310546875,2367.52001953125,12834.1796875,166910000.0,94363000.0,590551600.0,107796000.0,159773000.0,1213874700.0,1559030000.0,87500000.0,1296.489990234375,1282.8299560546875,3288120000.0,37.4700927734375,6.4,1.99,3.79,5.54,1.69,442000.0,2.17,2.34,0.80115,4.828,3.06,7.09,6872.2792,116.09,4.4,9.75,4.43,5.93,5.0,3464000.0,1513.6437
2008-09-08,11510.740234375,4340.18017578125,5446.2998046875,6263.740234375,12634.599609375,20794.26953125,2269.760009765625,12624.4599609375,273000000.0,219676100.0,808056600.0,191563700.0,292286500.0,3035311000.0,2566300000.0,135100000.0,1249.5,1267.7900390625,7351340000.0,37.4700927734375,6.35,1.96,3.69,5.49,1.67,441000.0,2.08,2.24,0.98204,4.746,2.93,7.04,6915.0479,108.37,4.31,11.906,4.34,5.9,5.0,3420000.0,1513.1152
2008-09-15,10917.509765625,4168.97021484375,5204.2001953125,6064.16015625,12254.0,19352.900390625,2179.909912109375,12214.759765625,432970000.0,305211400.0,2087491500.0,325805100.0,231950900.0,2445765000.0,2697820000.0,194600000.0,1250.9200439453125,1192.699951171875,8279510000.0,81.7200927734375,5.93,1.99,3.66,5.46,1.6,449000.0,2.05,2.23,1.24234,4.723,2.92,7.05,6902.2839,102.88,4.24,9.02,4.28,5.54,5.0,3493000.0,1510.3231
2008-09-22,11015.6904296875,4223.509765625,5236.2998046875,6107.75,12638.099609375,19632.19921875,2178.97998046875,12090.58984375,213210000.0,207092300.0,1294511600.0,186483400.0,276061200.0,3731644400.0,1881160000.0,150500000.0,1255.3699951171875,1207.0899658203125,5368130000.0,131.6199951171875,5.78,2.25,3.54,5.63,0.62,483000.0,1.69,1.85,1.58689,4.941,2.69,7.28,7111.6061,97.19,4.16,46.998,4.2,5.35,5.0,3551000.0,1524.8145
2008-09-29,10365.4501953125,3953.47998046875,4818.7998046875,5807.080078125,11285.099609375,17880.6796875,1983.72998046875,11743.6103515625,385940000.0,221762500.0,1511330500.0,282323700.0,288953700.0,2578483600.0,2808100000.0,122500000.0,1209.0699462890625,1106.4200439453125,7305060000.0,158.699951171875,6.09,1.54,3.84,5.91,0.84,483000.0,1.95,2.11,1.93226,5.088,3.02,7.66,7105.0558,111.12,4.4,104.499,4.48,5.77,5.0,3623000.0,1542.8148
2008-10-06,9955.5,3711.97998046875,4589.2001953125,5387.009765625,10230.400390625,16803.759765625,1862.9599609375,10473.08984375,391460000.0,277662200.0,1787422600.0,304489300.0,398402200.0,2234392200.0,3502250000.0,185000000.0,1097.56005859375,1056.8900146484375,7956020000.0,207.800048828125,6.1,1.32,3.7,5.96,0.76,482000.0,1.59,1.75,2.24846,8.629,2.77,7.86,7258.0912,96.59,4.19,167.055,4.3,5.78,5.0,3676000.0,1557.9289
2008-10-13,9387.6103515625,3531.5,4256.89990234375,5062.4501953125,9065.2001953125,16312.16015625,1844.25,8276.4296875,399290000.0,301050400.0,2075277200.0,320643300.0,390417300.0,4305063600.0,2665690000.0,247300000.0,912.75,1003.3499755859375,7263370000.0,314.01995849609375,5.94,1.59,3.69,6.12,0.57,461000.0,1.24,1.56,2.48407,7.91,2.63,8.25,7154.5913,86.24,4.08,119.718,4.28,5.63,4.93,3696000.0,1575.8849
2008-10-20,9265.4296875,3448.510009765625,4282.7001953125,4835.009765625,10251.400390625,15323.009765625,1770.030029296875,9005.58984375,241400000.0,220540400.0,1455710000.0,192822800.0,278144100.0,3013349000.0,2021750000.0,165600000.0,943.510009765625,985.4000244140625,5175640000.0,204.51007080078125,6.46,0.96,4.02,6.47,0.45,478000.0,1.25,1.68,2.618,7.338,2.9,9.09,7166.0488,75.19,4.27,281.034,4.6,6.14,4.5,3729000.0,1593.2975
2008-10-27,8175.77001953125,3067.35009765625,3852.60009765625,4334.64013671875,8537.2998046875,11015.83984375,1505.9000244140625,7162.89990234375,281180000.0,222370700.0,1399046900.0,287962100.0,240550100.0,4834423200.0,2224430000.0,237400000.0,874.280029296875,848.9199829101562,5558050000.0,138.69000244140625,6.04,0.69,3.74,6.32,1.04,480000.0,1.66,1.59,2.65957,23.166,2.64,9.29,7138.1167,68.56,4.13,301.26,4.46,5.72,4.5,3823000.0,1597.4756
2008-11-03,9319.830078125,3527.969970703125,4443.2998046875,5026.83984375,9721.2998046875,14344.3701171875,1726.3299560546875,8576.98046875,180970000.0,144416100.0,1234386600.0,173679900.0,211114300.0,2971271000.0,1770880000.0,206000000.0,968.6699829101562,966.2999877929688,4492280000.0,139.1099853515625,6.46,0.82,3.92,6.42,0.61,490000.0,1.44,1.59,2.68247,100.736,2.77,9.49,7089.0844,65.21,4.24,260.924,4.59,6.19,4.43,3928000.0,1585.9058
2008-11-10,8870.5400390625,3505.75,4403.89990234375,5025.52978515625,9688.7998046875,14744.6298828125,1616.739990234375,9081.4296875,221230000.0,129569200.0,1094586600.0,121306700.0,247138700.0,2801049800.0,1674900000.0,155400000.0,936.75,919.2100219726562,4572000000.0,107.780029296875,6.2,0.24,3.82,6.37,0.39,512000.0,1.24,1.36,2.70439,31.8,2.56,9.33,7106.0701,64.31,4.22,493.611,4.58,5.88,4.0,4011000.0,1577.6763
2008-11-17,8273.580078125,3182.030029296875,4132.2001953125,4557.27001953125,8795.5,13529.5302734375,1482.050048828125,8522.580078125,278220000.0,151743400.0,1089892900.0,137085700.0,241682600.0,1604626600.0,1831540000.0,146000000.0,873.22998046875,850.75,4927490000.0,133.260009765625,6.14,0.28,3.78,6.37,0.21,536000.0,1.12,1.23,2.75584,61.776,2.41,9.26,7108.993,58.6,4.24,592.141,4.49,5.81,4.0,4002000.0,1580.7236
2008-11-24,8443.3896484375,3172.110107421875,4153.0,4554.330078125,8440.900390625,12457.9404296875,1472.02001953125,7910.7900390625,491890000.0,219127700.0,1635116900.0,211675900.0,382061300.0,1769147200.0,2553620000.0,185200000.0,801.2000122070312,851.8099975585938,7879440000.0,175.8599853515625,6.04,0.36,3.38,5.99,0.07,532000.0,0.96,1.11,2.83794,60.465,2.12,9.14,7033.7502,52.26,3.93,633.849,4.14,5.73,4.0,4095000.0,1569.4519
2008-12-01,8149.08984375,3080.429931640625,4065.5,4394.7900390625,8406.2001953125,14108.83984375,1398.0699462890625,8397.2197265625,321010000.0,137255200.0,1041732400.0,149138800.0,293157800.0,2041643600.0,1904470000.0,106900000.0,888.6099853515625,816.2100219726562,6052010000.0,146.65997314453125,5.97,0.56,3.1,5.75,0.07,529000.0,0.93,1.14,2.88089,64.531,2.06,9.1,7107.1289,53.27,3.6,577.731,3.84,5.74,4.0,4447000.0,1576.3771
2008-12-08,8934.1796875,3247.47998046875,4300.10009765625,4715.8798828125,8567.099609375,15044.8701171875,1571.739990234375,8329.0498046875,358970000.0,191470600.0,1243254600.0,186376800.0,292669900.0,3219421000.0,2290810000.0,138900000.0,882.7100219726562,909.7000122070312,6553600000.0,102.8800048828125,5.53,0.49,2.66,5.31,0.04,570000.0,0.69,0.88,2.87047,61.049,1.63,8.78,7126.4721,45.6,3.15,633.911,3.44,5.33,4.0,4417000.0,1572.3015
2008-12-15,8564.5302734375,3185.659912109375,4277.60009765625,4654.81982421875,8461.7998046875,15046.9501953125,1508.3399658203125,8664.66015625,229940000.0,121986800.0,871526200.0,115337700.0,270698100.0,2021422000.0,1677890000.0,129300000.0,881.0700073242188,868.5700073242188,4982390000.0,100.1600341796875,5.47,0.13,2.67,5.35,0.02,566000.0,0.5,0.85,2.78695,49.529,1.62,8.72,7212.9973,44.57,3.09,777.875,3.38,5.2,4.0,4445000.0,1571.9282
2008-12-22,8519.6904296875,3151.360107421875,4249.2001953125,4639.02001953125,8249.5,14622.3896484375,1532.3499755859375,8723.7802734375,211090000.0,121440900.0,767254400.0,138374400.0,197899100.0,1413014300.0,1629320000.0,109800000.0,887.2000122070312,871.6300048828125,4869850000.0,67.5,5.19,0.15,2.26,4.95,0.03,587000.0,0.45,0.71,2.63281,79.632,1.36,8.3,7221.6697,39.7,2.72,800.403,3.04,4.92,3.79,4548000.0,1564.9
2008-12-29,8483.9296875,3130.719970703125,4319.39990234375,4704.85986328125,8637.2998046875,14328.48046875,1510.3199462890625,8747.169921875,153730000.0,58312200.0,441106800.0,100697000.0,150955700.0,1046621500.0,1186240000.0,83200000.0,872.3699951171875,869.4199829101562,3323430000.0,61.75994873046875,5.14,0.11,2.18,4.72,0.02,533000.0,0.4,0.89,2.44036,125.933,1.5,8.09,7252.9461,32.98,2.62,784.628,2.93,4.91,3.25,4679000.0,1554.2518
2009-01-05,8952.8896484375,3359.919921875,4579.60009765625,4983.990234375,9285.5,15563.3095703125,1628.030029296875,9043.1201171875,233760000.0,121291200.0,836676100.0,150630500.0,242539100.0,2172620600.0,1816580000.0,84900000.0,929.1699829101562,927.4500122070312,5413910000.0,61.75994873046875,5.1,0.1,2.24,4.73,0.09,503000.0,0.37,0.79,2.27296,114.229,1.55,8.07,7237.5182,42.4,2.68,847.821,3.02,4.83,3.25,4692000.0,1537.8416
2009-01-12,8473.9697265625,3246.1201171875,4426.2001953125,4719.6201171875,8793.2998046875,13971.0,1538.7900390625,8836.7998046875,273550000.0,103393400.0,785473900.0,116129200.0,210801900.0,4111599600.0,1763590000.0,137000000.0,890.4000244140625,870.260009765625,4725050000.0,79.52996826171875,5.01,0.1,2.48,5.04,0.11,551000.0,0.44,0.8,2.11678,66.137,1.62,8.23,7242.5423,44.46,3.03,877.82,3.4,4.62,3.25,4760000.0,1542.1788
2009-01-19,8281.2197265625,2989.68994140625,4108.5,4316.14013671875,8841.5,13339.990234375,1529.3299560546875,8256.849609375,439360000.0,122394500.0,1879365100.0,144559500.0,95880600.0,2194428800.0,2235070000.0,102600000.0,844.4500122070312,850.1199951171875,6786040000.0,94.8900146484375,4.96,0.1,2.3,4.89,0.12,591000.0,0.43,0.74,1.99818,36.826,1.42,7.97,7281.6261,36.73,2.93,847.259,3.23,4.65,3.25,4864000.0,1544.8998
2009-01-26,8116.02978515625,2955.3701171875,4209.0,4326.8701171875,8656.5,12578.599609375,1489.4599609375,7682.14013671875,316720000.0,170960700.0,1524347800.0,151593000.0,196544700.0,2198158200.0,1815400000.0,115000000.0,832.5,836.5700073242188,6039940000.0,94.8900146484375,5.12,0.2,2.56,5.09,0.11,586000.0,0.43,0.77,1.91032,35.51,1.58,8.15,7297.7719,42.15,3.17,843.051,3.52,4.8,3.25,4980000.0,1547.3562
2009-02-02,7936.75,2930.050048828125,4077.800048828125,4271.0400390625,8624.7998046875,12861.490234375,1494.4300537109375,7873.97998046875,293890000.0,125600900.0,929235800.0,111287200.0,186573300.0,2005490000.0,1987080000.0,159700000.0,823.0900268554688,825.4400024414062,5673270000.0,71.78997802734375,5.1,0.19,2.75,5.23,0.19,629000.0,0.49,0.9,1.84776,55.539,1.74,8.22,7260.9413,42.7,3.45,795.229,3.74,4.8,3.25,5010000.0,1545.2809
2009-02-09,8270.8701171875,3134.8701171875,4307.60009765625,4666.81982421875,9047.2998046875,13769.0595703125,1591.56005859375,7969.02978515625,289280000.0,131155900.0,1158075200.0,145603100.0,194103000.0,2692955600.0,1906940000.0,140500000.0,868.239990234375,869.8900146484375,5574370000.0,62.1400146484375,5.25,0.23,2.92,5.29,0.29,637000.0,0.54,0.96,1.80955,41.917,1.88,8.18,7266.1066,40.78,3.62,661.731,3.86,4.92,3.25,5157000.0,1544.649
2009-02-16,7850.41015625,2962.219970703125,4134.7998046875,4366.64013671875,8678.099609375,13455.8798828125,1534.3599853515625,7750.169921875,251960000.0,85249400.0,765927300.0,86113200.0,177555200.0,1357585700.0,1990190000.0,110600000.0,833.9500122070312,826.8400268554688,5296650000.0,66.95001220703125,5.16,0.23,2.88,5.21,0.3,632000.0,0.6,0.95,1.80877,36.506,1.83,8.01,7255.6661,36.94,3.57,603.078,3.8,4.81,3.25,5279000.0,1536.7948
2009-02-23,7114.77978515625,2727.8701171875,3850.699951171875,3936.449951171875,7647.7001953125,13175.099609375,1387.719970703125,7376.16015625,406150000.0,155360100.0,985111800.0,131904200.0,257605900.0,1931112200.0,1977740000.0,164300000.0,773.25,743.3300170898438,6509300000.0,66.95001220703125,5.04,0.23,2.75,5.25,0.3,655000.0,0.64,0.95,1.83621,31.082,1.79,8.01,7251.9454,37.15,3.56,689.085,3.8,4.68,3.25,5307000.0,1533.4732
2009-03-02,6763.2900390625,2581.4599609375,3625.800048828125,3710.070068359375,7687.5,12317.4599609375,1322.8499755859375,7280.14990234375,568670000.0,167976700.0,1489096600.0,153081600.0,259172400.0,2194792800.0,2033110000.0,125400000.0,729.5700073242188,700.8200073242188,7868290000.0,80.41998291015625,5.07,0.2,2.91,5.31,0.29,652000.0,0.72,1.03,1.87241,35.583,1.97,8.13,7256.5042,41.1,3.6,692.397,3.87,4.68,3.25,5445000.0,1527.0748
2009-03-09,6547.0498046875,2519.2900390625,3542.39990234375,3692.030029296875,7566.89990234375,11344.580078125,1268.6400146484375,7086.02978515625,365990000.0,201029100.0,1567503300.0,146213000.0,196926900.0,2071525200.0,2037130000.0,132800000.0,680.760009765625,676.530029296875,7277320000.0,84.48004150390625,5.15,0.22,2.9,5.4,0.24,660000.0,0.68,0.92,1.90225,52.413,1.87,8.23,7282.9218,43.18,3.6,647.729,3.85,4.72,3.25,5600000.0,1519.6554
2009-03-16,7216.97021484375,2791.659912109375,3864.0,4044.5400390625,8386.7001953125,12976.7099609375,1404.02001953125,7704.14990234375,586970000.0,172676000.0,1178182100.0,137356600.0,234874600.0,2779295000.0,2099460000.0,150500000.0,758.8400268554688,753.8900146484375,7883540000.0,107.74005126953125,5.03,0.2,2.92,5.49,0.22,651000.0,0.7,1.0,1.88632,48.896,1.93,8.4,7289.9822,45.66,3.65,628.627,3.86,4.64,3.25,5699000.0,1519.3519
2009-03-23,7775.85986328125,2869.570068359375,3952.800048828125,4176.3701171875,8958.5,13447.419921875,1555.77001953125,8215.5302734375,515600000.0,154316600.0,1437096700.0,136655700.0,287218400.0,2679863800.0,2172590000.0,178400000.0,772.3099975585938,822.9199829101562,7715770000.0,80.90997314453125,4.98,0.17,2.75,5.62,0.22,661000.0,0.64,0.93,1.82384,72.723,1.75,8.5,7261.9604,49.49,3.69,777.925,3.78,4.61,3.25,5829000.0,1509.2917
2009-03-30,7522.02001953125,2719.340087890625,3762.89990234375,3989.22998046875,8596.2001953125,13456.330078125,1501.800048828125,8236.080078125,383260000.0,148246900.0,1236805000.0,129820000.0,236756000.0,2885519600.0,2020200000.0,164200000.0,809.0700073242188,787.530029296875,5912660000.0,66.77996826171875,4.85,0.17,2.74,5.51,0.18,665000.0,0.59,0.92,1.72082,78.083,1.76,8.53,7321.1994,52.99,3.66,795.806,3.69,4.58,3.25,5935000.0,1508.0426
2009-04-06,7975.85009765625,2929.75,3993.5,4349.81005859375,9016.2001953125,14998.0400390625,1606.7099609375,8857.9296875,247400000.0,195486100.0,1210070400.0,136176100.0,230342000.0,2555280400.0,1998090000.0,173500000.0,839.75,835.47998046875,6210000000.0,65.79998779296875,4.78,0.16,2.76,5.41,0.21,653000.0,0.58,0.86,1.59647,47.129,1.73,8.47,7323.6733,50.34,3.59,804.033,3.64,4.52,3.25,6044000.0,1502.7354
2009-04-13,8057.81005859375,2974.179931640625,3983.699951171875,4491.1201171875,9285.599609375,14901.41015625,1653.31005859375,8924.4296875,424250000.0,159916800.0,1119752000.0,121186400.0,190854500.0,2609340200.0,1824530000.0,167500000.0,855.3300170898438,858.72998046875,6434890000.0,73.5899658203125,4.87,0.14,2.93,5.47,0.19,599000.0,0.6,0.94,1.46195,35.981,1.88,8.57,7299.8542,50.46,3.72,841.151,3.8,4.54,3.25,6130000.0,1498.4938
2009-04-20,7841.72998046875,2969.39990234375,3990.89990234375,4486.2998046875,9126.2001953125,15750.91015625,1608.2099609375,8924.75,453660000.0,172070400.0,1222655500.0,145103100.0,238680800.0,2565994000.0,3061850000.0,167900000.0,868.27001953125,832.3900146484375,6973960000.0,73.5899658203125,4.82,0.15,2.87,5.32,0.15,639000.0,0.55,0.9,1.33863,41.866,1.79,8.4,7326.4369,49.86,3.7,837.749,3.8,4.48,3.25,6264000.0,1494.1756
2009-04-27,8025.0,3102.429931640625,4167.0,4694.06982421875,9394.7998046875,14840.419921875,1679.4100341796875,8726.33984375,282990000.0,120102700.0,975338500.0,133328400.0,196360800.0,2331661200.0,2203700000.0,152300000.0,862.8200073242188,857.510009765625,5613460000.0,48.79998779296875,4.8,0.14,2.96,5.33,0.13,620000.0,0.52,0.97,1.22314,65.72,1.89,8.26,7340.687,47.8,3.79,924.827,3.9,4.48,3.25,6300000.0,1483.9608
2009-05-04,8426.740234375,3237.969970703125,4243.2001953125,4902.4501953125,9870.400390625,16381.0498046875,1763.56005859375,8977.3701171875,354490000.0,144425500.0,600337900.0,122411700.0,244645600.0,3324975600.0,2524800000.0,154800000.0,879.2100219726562,907.239990234375,7038840000.0,60.72998046875,4.78,0.17,3.1,5.46,0.13,602000.0,0.5,0.92,1.10934,84.774,1.98,8.26,7365.6691,50.2,3.99,827.227,4.05,4.48,3.25,6416000.0,1488.5345
2009-05-11,8418.76953125,3248.669921875,4435.5,4866.91015625,10094.099609375,17087.94921875,1731.239990234375,9451.98046875,332630000.0,163750200.0,1174313500.0,120454700.0,294925500.0,3722382800.0,2543450000.0,230800000.0,922.989990234375,909.239990234375,6150600000.0,64.07000732421875,4.84,0.21,3.23,5.5,0.19,625000.0,0.53,0.98,0.99839,87.083,2.09,8.14,7417.9265,55.96,4.15,777.037,4.17,4.51,3.25,6516000.0,1482.1257
2009-05-18,8504.080078125,3245.389892578125,4446.5,4851.9599609375,9762.900390625,17022.91015625,1732.3599853515625,9038.6904296875,288280000.0,136721500.0,959145100.0,119160500.0,164836300.0,2397278400.0,2023250000.0,147700000.0,886.0700073242188,909.7100219726562,5702150000.0,51.22998046875,4.86,0.17,3.14,5.44,0.18,620000.0,0.52,0.89,0.90065,76.059,2.01,8.0,7454.8789,57.94,4.12,858.146,4.09,4.52,3.25,6539000.0,1473.5003
2009-05-25,8277.3203125,3236.159912109375,4365.2998046875,4918.4501953125,10069.5,17121.8203125,1692.010009765625,9347.0,244190000.0,58842400.0,995791300.0,53524100.0,67191500.0,1950193600.0,1619520000.0,129200000.0,888.6799926757812,887.0,5155320000.0,45.65997314453125,4.82,0.16,3.29,5.57,0.18,606000.0,0.47,0.9,0.81736,49.838,2.13,8.04,7440.2631,60.32,4.24,934.135,4.22,4.5,3.25,6522000.0,1467.6676
2009-06-01,8721.4404296875,3379.489990234375,4506.2001953125,5142.56005859375,10604.099609375,18888.58984375,1828.6800537109375,9677.75,354830000.0,128426800.0,945032300.0,87549200.0,263260800.0,4124671200.0,2600340000.0,177600000.0,923.260009765625,942.8699951171875,6370440000.0,45.65997314453125,4.91,0.17,3.59,5.69,0.16,607000.0,0.49,0.95,0.76392,26.692,2.38,8.03,7459.7137,64.32,4.48,867.413,4.47,4.53,3.25,6635000.0,1466.9031
2009-06-08,8764.490234375,3289.659912109375,4405.2001953125,5004.72021484375,10549.099609375,18253.390625,1842.4000244140625,9865.6298828125,189630000.0,116163000.0,1217751600.0,86277300.0,186309200.0,1987375000.0,1972980000.0,155800000.0,938.1199951171875,939.1400146484375,4483430000.0,48.1300048828125,5.29,0.19,3.7,5.68,0.15,596000.0,0.5,1.02,0.73323,32.573,2.58,7.8,7492.061,68.11,4.54,853.66,4.55,4.79,3.25,6506000.0,1450.315
2009-06-15,8612.1298828125,3219.580078125,4326.0,4889.93994140625,10394.7998046875,18498.9609375,1816.3800048828125,10039.669921875,230220000.0,139400300.0,975059400.0,93486200.0,189470900.0,2357620400.0,2154700000.0,158200000.0,942.4500122070312,923.719970703125,4697880000.0,36.5799560546875,5.59,0.2,3.89,5.8,0.19,595000.0,0.56,1.36,0.71865,31.392,2.88,7.69,7516.029,70.85,4.68,804.321,4.67,5.06,3.25,6525000.0,1446.8206
2009-06-22,8339.009765625,3123.25,4234.10009765625,4693.39990234375,9834.2001953125,18059.55078125,1766.18994140625,9826.26953125,291240000.0,146328800.0,1126564100.0,115639900.0,224230700.0,2592021600.0,2318970000.0,149900000.0,918.1300048828125,893.0399780273438,4903940000.0,53.260009765625,5.38,0.19,3.75,5.61,0.17,608000.0,0.51,1.24,0.7094,42.257,2.76,7.42,7533.8907,70.62,4.55,817.587,4.54,4.89,3.25,6488000.0,1436.6988
2009-06-29,8529.3798828125,3193.679931640625,4294.0,4885.08984375,10476.7998046875,18528.509765625,1844.06005859375,9783.4697265625,216480000.0,105496700.0,1086737200.0,86492200.0,138130400.0,1634698900.0,1981450000.0,160200000.0,919.8599853515625,927.22998046875,4211760000.0,39.1300048828125,5.42,0.24,3.63,5.43,0.19,594000.0,0.48,1.14,0.68311,118.671,2.66,7.2,7523.1719,68.58,4.38,692.454,4.37,4.87,3.25,6618000.0,1436.557
2009-07-06,8324.8701171875,3082.159912109375,4194.89990234375,4651.81982421875,10027.400390625,17979.41015625,1787.4000244140625,9680.8701171875,206900000.0,113714900.0,874675400.0,79289500.0,169508200.0,1780127000.0,1970530000.0,109800000.0,894.27001953125,898.719970703125,4712580000.0,35.64996337890625,5.32,0.19,3.53,5.4,0.18,573000.0,0.53,1.06,0.63516,71.99,2.5,7.18,7503.3809,69.32,4.32,726.671,4.3,4.77,3.25,6145000.0,1417.0407
2009-07-13,8331.6796875,3052.080078125,4202.10009765625,4722.33984375,9891.900390625,17254.630859375,1793.2099609375,9050.330078125,253520000.0,97934600.0,833668500.0,92348600.0,171589300.0,2006182600.0,1899410000.0,168800000.0,879.5700073242188,901.0499877929688,4499440000.0,35.64996337890625,5.2,0.17,3.42,5.34,0.19,546000.0,0.46,0.94,0.56741,34.2,2.31,7.1,7481.3295,61.48,4.27,751.528,4.22,4.69,3.25,6136000.0,1401.1127
2009-07-20,8848.150390625,3270.93994140625,4443.60009765625,5030.14990234375,10540.7001953125,19502.369140625,1909.2900390625,9395.3203125,213730000.0,101451900.0,953645400.0,76344700.0,176186200.0,2442707800.0,2046350000.0,122100000.0,942.0700073242188,951.1300048828125,4853150000.0,78.80999755859375,5.14,0.14,3.55,5.44,0.18,560000.0,0.48,0.99,0.48651,26.431,2.43,7.19,7506.7403,61.29,4.42,781.79,4.39,4.63,3.25,6118000.0,1401.8591
2009-07-27,9108.509765625,3372.360107421875,4586.10009765625,5251.5498046875,10757.400390625,20251.619140625,1967.8900146484375,10088.66015625,176830000.0,110179600.0,874599400.0,86080800.0,170871700.0,2201469600.0,2141690000.0,161200000.0,978.6300048828125,982.1799926757812,4631290000.0,47.8399658203125,5.2,0.15,3.62,5.46,0.19,587000.0,0.47,1.01,0.40325,73.188,2.48,7.13,7493.9252,65.28,4.49,752.269,4.46,4.68,3.25,6157000.0,1393.5634
2009-08-03,9286.5595703125,3477.800048828125,4682.5,5426.85009765625,10787.2001953125,20807.259765625,2008.6099853515625,10352.4697265625,221690000.0,140355200.0,1178151400.0,96072100.0,164082800.0,1928430400.0,2155720000.0,162000000.0,990.219970703125,1002.6300048828125,5603440000.0,37.65997314453125,5.25,0.15,3.67,5.4,0.19,555000.0,0.49,1.14,0.33045,61.406,2.63,6.91,7487.2252,67.03,4.49,764.658,4.47,4.69,3.25,6111000.0,1385.9314
2009-08-10,9337.9501953125,3504.5400390625,4722.2001953125,5418.1201171875,10793.7001953125,20929.51953125,1992.239990234375,10524.259765625,161370000.0,93328600.0,892251700.0,67740400.0,153939500.0,2169074800.0,1844700000.0,147800000.0,1008.8900146484375,1007.0999755859375,5406080000.0,35.1500244140625,5.22,0.18,3.77,5.34,0.18,555000.0,0.49,1.23,0.27327,70.812,2.73,6.71,7536.8917,71.58,4.52,718.021,4.5,4.63,3.25,6090000.0,1381.1358
2009-08-17,9135.33984375,3419.68994140625,4645.0,5201.60986328125,10531.599609375,20137.650390625,1930.8399658203125,10268.6103515625,207100000.0,115580100.0,800042900.0,91152000.0,151826800.0,2556880000.0,1924190000.0,134000000.0,998.1799926757812,979.72998046875,4088570000.0,39.489990234375,5.29,0.17,3.67,5.34,0.18,562000.0,0.47,1.16,0.22968,48.217,2.65,6.62,7538.6201,69.64,4.47,746.807,4.42,4.68,3.25,6008000.0,1369.4898
2009-08-24,9509.2802734375,3652.169921875,4896.2001953125,5519.75,10790.0,20535.939453125,2017.97998046875,10581.0498046875,190590000.0,102431700.0,900326900.0,77066000.0,158906900.0,1935030400.0,2046370000.0,122500000.0,1026.5899658203125,1025.5699462890625,6302450000.0,57.3099365234375,5.12,0.16,3.48,5.24,0.17,560000.0,0.44,1.05,0.19418,29.767,2.47,6.56,7505.271,70.8,4.31,798.188,4.26,4.56,3.25,6060000.0,1359.6198
2009-08-31,9496.2802734375,3653.5400390625,4908.89990234375,5464.60986328125,10868.2001953125,19724.189453125,2009.06005859375,10492.5302734375,201600000.0,101157000.0,1070450000.0,66438100.0,179470200.0,2268140000.0,2256210000.0,152400000.0,1025.2099609375,1020.6199951171875,5004560000.0,30.40997314453125,5.14,0.16,3.46,5.14,0.16,564000.0,0.45,1.04,0.16094,26.273,2.48,6.45,7536.7785,72.37,4.23,842.21,4.18,4.58,3.25,5970000.0,1357.5153
2009-09-07,9441.26953125,3652.830078125,4933.2001953125,5463.509765625,11017.5,20629.310546875,2018.780029296875,10320.9404296875,152400000.0,111767100.0,762580200.0,97157900.0,148070400.0,2267315200.0,1722150000.0,97100000.0,1003.8400268554688,1016.4000244140625,4097370000.0,47.5,5.08,0.15,3.37,5.12,0.14,558000.0,0.42,0.93,0.12862,35.581,2.33,6.37,7548.183,68.39,4.18,837.154,4.12,4.54,3.25,6079000.0,1351.7967
2009-09-14,9626.7998046875,3730.610107421875,5018.89990234375,5620.240234375,11332.0,20932.19921875,2091.780029296875,10202.0595703125,196480000.0,121242500.0,707999300.0,88078400.0,167911400.0,1253310900.0,2157600000.0,121800000.0,1040.1500244140625,1049.3399658203125,4979610000.0,47.5,5.07,0.15,3.41,5.18,0.14,542000.0,0.4,0.92,0.09498,16.798,2.34,6.39,7551.9446,70.91,4.25,859.581,4.18,4.5,3.25,6006000.0,1349.5151
2009-09-21,9778.8603515625,3812.159912109375,5134.39990234375,5668.64990234375,11424.599609375,21472.849609375,2138.0400390625,10370.5400390625,172830000.0,115654300.0,957357100.0,107381500.0,173697500.0,1525122600.0,2408860000.0,174500000.0,1067.1400146484375,1064.6600341796875,4615280000.0,39.77001953125,5.04,0.16,3.46,5.15,0.11,536000.0,0.4,0.98,0.06322,25.346,2.43,6.36,7561.091,71.32,4.24,867.697,4.19,4.47,3.25,5942000.0,1341.0736
2009-09-28,9789.3603515625,3825.0,5165.7001953125,5736.31005859375,11338.7001953125,20588.41015625,2130.739990234375,10009.51953125,163780000.0,129654700.0,925739600.0,120293200.0,166605600.0,1258607200.0,1890030000.0,159300000.0,1045.3800048828125,1062.97998046875,3726950000.0,38.97998046875,5.04,0.16,3.43,5.14,0.11,554000.0,0.41,0.98,0.03611,53.301,2.41,6.27,7563.2889,68.33,4.18,889.393,4.15,4.46,3.25,5912000.0,1334.9472
2009-10-05,9599.75,3675.010009765625,5024.2998046875,5508.85009765625,11102.599609375,20429.0703125,2068.14990234375,9674.490234375,173850000.0,121843200.0,934716900.0,98291200.0,184666200.0,1232002900.0,2156250000.0,145000000.0,1026.8699951171875,1040.4599609375,4313310000.0,49.66998291015625,4.94,0.12,3.28,5.0,0.12,533000.0,0.39,0.94,0.01931,37.91,2.28,6.14,7555.8673,68.84,4.02,924.381,4.0,4.36,3.25,5900000.0,1321.8772
2009-10-12,9885.7998046875,3845.800048828125,5210.2001953125,5783.22998046875,11436.900390625,21299.349609375,2139.139892578125,10016.3896484375,158850000.0,130387800.0,779456100.0,98308200.0,176698200.0,1010812100.0,1784280000.0,154900000.0,1071.6300048828125,1076.18994140625,3710430000.0,59.50994873046875,4.87,0.13,3.28,5.06,0.08,511000.0,0.36,0.91,0.0065,41.579,2.24,6.22,7568.1875,70.8,4.08,958.831,4.04,4.33,3.25,5828000.0,1317.6956
2009-10-19,10092.1904296875,3892.360107421875,5281.5,5852.56005859375,11538.400390625,22200.4609375,2176.320068359375,10236.509765625,186240000.0,112327000.0,827031100.0,98426800.0,152408000.0,1527458500.0,1970440000.0,139600000.0,1088.219970703125,1097.9100341796875,4619240000.0,37.1700439453125,4.92,0.12,3.43,5.21,0.07,531000.0,0.36,0.95,-0.00315,23.173,2.36,6.38,7624.8763,75.73,4.25,981.622,4.23,4.37,3.25,5746000.0,1311.63
2009-10-26,9867.9599609375,3744.449951171875,5191.7001953125,5642.16015625,11234.900390625,22589.73046875,2141.85009765625,10362.6201171875,270050000.0,132576900.0,934834000.0,113626800.0,169730800.0,2119026800.0,2316210000.0,127600000.0,1080.3599853515625,1066.949951171875,6363380000.0,36.1300048828125,5.0,0.12,3.43,5.16,0.07,530000.0,0.39,0.99,-0.01201,83.461,2.38,6.3,7596.6369,80.06,4.22,1034.02,4.2,4.43,3.25,5705000.0,1302.7263
2009-11-02,9789.4404296875,3639.4599609375,5104.5,5430.81982421875,10878.400390625,21620.189453125,2049.199951171875,9802.9501953125,242460000.0,151752000.0,1039674900.0,131292500.0,189351600.0,1722584000.0,2408320000.0,128500000.0,1036.1800537109375,1042.8800048828125,6202640000.0,66.449951171875,5.03,0.11,3.49,5.22,0.07,522000.0,0.39,0.98,-0.02007,43.241,2.41,6.34,7580.8628,78.47,4.3,1085.378,4.27,4.46,3.25,5649000.0,1303.5297
2009-11-09,10226.9404296875,3785.489990234375,5235.2001953125,5619.72021484375,11486.900390625,22207.55078125,2154.06005859375,9808.990234375,227470000.0,144337600.0,866590200.0,93765700.0,195835900.0,1662950300.0,2004700000.0,117600000.0,1072.31005859375,1093.0799560546875,4460030000.0,63.8099365234375,4.98,0.12,3.53,5.27,0.05,512000.0,0.36,0.9,-0.03241,49.511,2.35,6.39,7652.4866,79.0,4.36,1084.635,4.32,4.4,3.25,5568000.0,1297.5516
2009-11-16,10406.9599609375,3863.159912109375,5382.7001953125,5804.81982421875,11512.2998046875,22943.98046875,2197.85009765625,9791.1796875,202570000.0,126986600.0,786345500.0,111930200.0,194387600.0,1663684400.0,2105020000.0,140800000.0,1094.1300048828125,1109.300048828125,4565850000.0,54.3699951171875,4.91,0.12,3.48,5.28,0.07,507000.0,0.33,0.84,-0.04806,74.637,2.3,6.39,7646.0108,78.24,4.4,1035.227,4.33,4.36,3.25,5462000.0,1297.0938
2009-11-23,10450.9501953125,3813.169921875,5355.5,5801.47998046875,11624.0,22771.390625,2176.010009765625,9497.6796875,182350000.0,132410000.0,721784600.0,84816400.0,167178300.0,1136305700.0,1840170000.0,163200000.0,1094.8599853515625,1106.239990234375,3827920000.0,28.3599853515625,4.83,0.12,3.35,5.16,0.04,482000.0,0.29,0.76,-0.06443,61.634,2.19,6.27,7632.679,78.37,4.28,1101.812,4.19,4.32,3.25,5489000.0,1288.662
2009-11-30,10344.83984375,3680.14990234375,5190.7001953125,5625.9501953125,11447.2001953125,21821.5,2144.60009765625,9345.5498046875,223580000.0,138362800.0,1274511100.0,104878600.0,182471900.0,2028632400.0,1986050000.0,185700000.0,1091.0699462890625,1095.6300048828125,3895520000.0,25.5699462890625,4.78,0.11,3.3,5.07,0.05,475000.0,0.27,0.73,-0.0819,25.904,2.12,6.24,7705.8292,76.14,4.25,1156.24,4.14,4.29,3.25,5323000.0,1287.1542
2009-12-07,10390.1103515625,3840.050048828125,5310.7001953125,5784.75,11489.599609375,22324.9609375,2189.610107421875,10167.599609375,196580000.0,85572200.0,1072522900.0,77601200.0,177900700.0,1120986900.0,1878980000.0,164300000.0,1105.52001953125,1103.25,4103360000.0,35.3900146484375,4.71,0.12,3.34,5.11,0.06,497000.0,0.29,0.73,-0.10181,38.243,2.1,6.29,7705.3492,76.81,4.29,1139.438,4.18,4.27,3.25,5289000.0,1279.9995
2009-12-14,10501.0498046875,3830.43994140625,5315.2998046875,5802.259765625,11545.7001953125,22085.75,2212.10009765625,10105.6796875,154360000.0,91276000.0,1090034400.0,76594100.0,166925500.0,1895287700.0,1841890000.0,161300000.0,1107.8399658203125,1114.1099853515625,4548490000.0,33.239990234375,4.81,0.12,3.47,5.25,0.03,498000.0,0.32,0.78,-0.12704,31.793,2.18,6.37,7707.4197,71.51,4.44,1126.508,4.33,4.32,3.25,5191000.0,1274.1334
2009-12-21,10414.1396484375,3872.06005859375,5294.0,5930.52978515625,11554.7001953125,20948.099609375,2237.659912109375,10183.4697265625,164470000.0,103573400.0,791039900.0,101193600.0,147844500.0,1201789400.0,1808830000.0,120400000.0,1105.31005859375,1114.050048828125,3977340000.0,23.800048828125,4.94,0.12,3.56,5.26,0.04,479000.0,0.37,0.84,-0.15584,76.741,2.31,6.33,7701.6267,71.72,4.48,1096.672,4.38,4.38,3.25,5100000.0,1268.2876
2009-12-28,10547.080078125,3947.14990234375,5402.39990234375,6002.919921875,11754.599609375,21480.220703125,2291.080078125,10634.23046875,102010000.0,0.0,231029600.0,38247200.0,47051500.0,851751100.0,1232130000.0,106200000.0,1127.530029296875,1127.780029296875,2716400000.0,32.5999755859375,5.05,0.12,3.76,5.32,0.07,468000.0,0.41,0.95,-0.18591,94.951,2.5,6.41,7716.5064,74.76,4.61,1106.147,4.53,4.45,3.25,4987000.0,1259.9628
2010-01-04,10583.9599609375,4013.969970703125,5500.2998046875,6048.2998046875,11866.900390625,21823.279296875,2308.419921875,10654.7900390625,179780000.0,113396000.0,750942000.0,104344400.0,132670500.0,1006199600.0,1931380000.0,104400000.0,1116.56005859375,1132.989990234375,3991400000.0,32.5999755859375,5.14,0.11,3.83,5.34,0.08,456000.0,0.47,1.1,-0.21174,118.523,2.64,6.41,7650.0348,79.07,4.64,1066.737,4.58,4.54,3.25,4870000.0,1256.7182
2010-01-11,10663.990234375,4043.090087890625,5538.10009765625,6040.5,11947.099609375,22411.51953125,2312.409912109375,10798.3203125,182050000.0,110068800.0,901194900.0,103675800.0,172295300.0,1744637600.0,2077890000.0,211800000.0,1145.9599609375,1146.97998046875,4255780000.0,34.929931640625,5.09,0.08,3.83,5.3,0.06,469000.0,0.41,1.02,-0.23211,178.343,2.6,6.34,7664.5748,82.34,4.67,994.051,4.6,4.5,3.25,4879000.0,1246.4199
2010-01-18,10609.650390625,3977.4599609375,5494.39990234375,5918.5498046875,11750.5,21460.009765625,2287.989990234375,10855.080078125,362930000.0,86949800.0,776795200.0,79532100.0,632200.0,1867401600.0,2637770000.0,186600000.0,1147.719970703125,1136.030029296875,4758730000.0,19.090087890625,5.06,0.11,3.77,5.24,0.05,507000.0,0.35,0.93,-0.23906,136.382,2.51,6.25,7670.8586,80.06,4.66,1059.208,4.55,4.45,3.25,4809000.0,1238.9817
2010-01-25,10196.8603515625,3781.85009765625,5260.2998046875,5631.3701171875,11354.5,20598.55078125,2210.800048828125,10512.6904296875,215330000.0,131374000.0,1024448800.0,122382000.0,134679900.0,1909841600.0,2134350000.0,139800000.0,1092.4000244140625,1096.780029296875,4481390000.0,19.090087890625,4.99,0.12,3.66,5.22,0.06,471000.0,0.31,0.89,-0.23286,143.908,2.42,6.16,7673.5535,76.62,4.54,1078.881,4.42,4.4,3.25,4841000.0,1240.1323
2010-02-01,10185.5302734375,3762.010009765625,5247.39990234375,5654.47998046875,11317.599609375,20243.75,2171.199951171875,10205.01953125,198430000.0,119833200.0,934766100.0,130680700.0,151740700.0,1701996800.0,2234140000.0,161900000.0,1073.8900146484375,1089.18994140625,4077610000.0,43.9000244140625,4.98,0.12,3.66,5.28,0.07,496000.0,0.31,0.86,-0.22366,135.038,2.39,6.23,7689.62,73.94,4.55,1104.555,4.42,4.39,3.25,4796000.0,1234.8955
2010-02-08,9908.3896484375,3607.27001953125,5092.2998046875,5484.85009765625,11115.2998046875,19550.890625,2126.050048828125,9951.8203125,216270000.0,169862000.0,1326821100.0,137808300.0,151081000.0,1751004600.0,2036280000.0,137400000.0,1065.510009765625,1056.739990234375,4089820000.0,60.22998046875,5.01,0.13,3.66,5.29,0.1,466000.0,0.33,0.83,-0.21844,109.506,2.33,6.25,7695.4815,74.57,4.55,1126.672,4.42,4.4,3.25,4838000.0,1231.2046
2010-02-15,10099.1396484375,3609.219970703125,5167.5,5511.10009765625,11469.7998046875,20268.689453125,2183.530029296875,10013.2998046875,296510000.0,109986800.0,591532800.0,61554900.0,175657700.0,1193582100.0,2236180000.0,97300000.0,1075.949951171875,1075.510009765625,4160680000.0,52.75,4.97,0.13,3.69,5.36,0.11,489000.0,0.35,0.86,-0.22578,79.862,2.34,6.36,7684.909,73.88,4.62,1154.075,4.48,4.34,3.25,4815000.0,1229.4965
2010-02-22,10383.3798828125,3756.699951171875,5352.10009765625,5688.43994140625,11634.7998046875,20377.26953125,2242.030029296875,10400.4697265625,158440000.0,147653400.0,961342400.0,94749200.0,119081200.0,1067658300.0,1976290000.0,115400000.0,1110.0,1108.010009765625,3814440000.0,52.75,4.93,0.12,3.74,5.44,0.1,500000.0,0.36,0.89,-0.25075,46.48,2.42,6.45,7724.6924,78.25,4.7,1200.695,4.56,4.33,3.25,4767000.0,1223.0511
2010-03-01,10403.7900390625,3769.5400390625,5405.89990234375,5713.509765625,11728.099609375,21056.9296875,2273.570068359375,10172.0595703125,173750000.0,145259800.0,1423330600.0,98501000.0,138624800.0,2585990000.0,2504940000.0,108400000.0,1105.3599853515625,1115.7099609375,3847640000.0,30.0899658203125,5.05,0.12,3.69,5.31,0.12,488000.0,0.34,0.86,-0.2889,32.891,2.37,6.33,7700.4679,79.22,4.62,1227.597,4.48,4.4,3.25,4755000.0,1219.77
2010-03-08,10552.51953125,3903.5400390625,5606.7001953125,5875.91015625,11963.7998046875,21196.869140625,2332.2099609375,10585.919921875,171780000.0,112178600.0,837350700.0,87016800.0,143493100.0,2052899600.0,2312310000.0,140500000.0,1138.4000244140625,1138.5,3774680000.0,43.489990234375,4.97,0.13,3.63,5.24,0.14,472000.0,0.34,0.84,-0.33564,38.894,2.29,6.26,7698.0937,80.19,4.58,1196.337,4.43,4.33,3.25,4766000.0,1215.8057
2010-03-15,10642.150390625,3890.909912109375,5593.89990234375,5903.56005859375,12008.7998046875,21079.099609375,2362.2099609375,10751.98046875,160570000.0,94752800.0,818311200.0,85800100.0,128560300.0,1143308800.0,1956170000.0,130700000.0,1148.530029296875,1150.510009765625,4164110000.0,28.2900390625,4.95,0.16,3.72,5.28,0.16,478000.0,0.39,0.93,-0.38373,36.142,2.39,6.3,7678.5933,81.76,4.67,1175.338,4.51,4.32,3.25,4750000.0,1213.0777
2010-03-22,10785.8896484375,3928.0,5644.5,5987.5,11967.2001953125,20933.25,2395.39990234375,10824.7197265625,157200000.0,119579800.0,886165700.0,104197500.0,211048700.0,1572548900.0,2448130000.0,116300000.0,1157.25,1165.81005859375,4261680000.0,28.3900146484375,4.96,0.18,3.68,5.21,0.16,472000.0,0.41,0.97,-0.42746,52.167,2.42,6.21,7705.0607,81.44,4.59,1124.978,4.43,4.33,3.25,4743000.0,1212.3468
2010-03-29,10895.8603515625,4000.659912109375,5710.7001953125,6156.85009765625,12029.7001953125,21237.4296875,2404.360107421875,10986.4697265625,136710000.0,99561400.0,1015977100.0,94108000.0,159040900.0,1394443900.0,1967850000.0,144700000.0,1167.7099609375,1173.219970703125,4375580000.0,27.8099365234375,4.99,0.18,3.79,5.3,0.14,459000.0,0.42,1.05,-0.46589,67.603,2.55,6.28,7696.4027,80.65,4.68,1127.725,4.53,4.34,3.25,4668000.0,1201.4634
2010-04-05,10973.5498046875,4034.22998046875,5744.89990234375,6235.56005859375,12186.400390625,21537.0,2429.530029296875,11339.2998046875,139480000.0,111669600.0,807719900.0,94379800.0,146615800.0,2059414400.0,2130340000.0,117900000.0,1178.7099609375,1187.43994140625,3881620000.0,19.9500732421875,5.08,0.16,3.89,5.36,0.16,479000.0,0.43,1.06,-0.49448,35.896,2.6,6.35,7691.3204,83.01,4.76,1124.679,4.6,4.39,3.25,4755000.0,1210.7312
2010-04-12,11005.9697265625,4050.5,5777.7001953125,6250.68994140625,12148.7001953125,22138.169921875,2457.8701171875,11251.900390625,153960000.0,106880000.0,595469500.0,113736900.0,163197100.0,1580086800.0,2161650000.0,132500000.0,1194.93994140625,1196.47998046875,4607090000.0,19.9500732421875,5.21,0.19,3.94,5.38,0.17,479000.0,0.47,1.11,-0.50926,19.091,2.67,6.38,7671.105,85.66,4.78,1111.072,4.63,4.52,3.25,4746000.0,1209.1951
2010-04-19,11092.0498046875,3970.469970703125,5727.89990234375,6162.43994140625,12103.0,21405.169921875,2480.110107421875,10908.76953125,214850000.0,0.0,889516800.0,133583500.0,185354900.0,2348763400.0,2223650000.0,133100000.0,1192.06005859375,1197.52001953125,6597740000.0,30.239990234375,5.07,0.19,3.85,5.28,0.16,469000.0,0.44,1.05,-0.50145,11.666,2.57,6.26,7703.8464,84.34,4.7,1093.863,4.54,4.4,3.25,4721000.0,1210.0717
2010-04-26,11205.0302734375,3997.389892578125,5753.89990234375,6332.10009765625,12281.0,21587.060546875,2522.949951171875,11165.7900390625,191920000.0,129533400.0,1036747900.0,115432400.0,155928300.0,1140597000.0,2491040000.0,134900000.0,1217.0699462890625,1212.050048828125,5647760000.0,36.1199951171875,5.07,0.21,3.81,5.25,0.16,449000.0,0.44,1.05,-0.46625,46.088,2.56,6.2,7702.711,82.9,4.66,1067.938,4.5,4.39,3.25,4690000.0,1208.3873
2010-05-03,11151.830078125,3828.4599609375,5553.2998046875,6166.919921875,12196.5,20811.359375,2498.739990234375,11057.400390625,178080000.0,100879200.0,1439125200.0,112972200.0,179449500.0,1312414100.0,2398370000.0,156700000.0,1188.5799560546875,1202.260009765625,4938050000.0,38.1800537109375,5.06,0.2,3.76,5.2,0.16,451000.0,0.43,1.03,-0.40198,57.162,2.5,6.14,7704.7799,84.22,4.6,1053.074,4.43,4.39,3.25,4695000.0,1204.7886
2010-05-10,10785.1396484375,3720.2900390625,5387.39990234375,6017.91015625,11947.900390625,20426.640625,2374.669921875,10530.7001953125,313350000.0,413011200.0,2324686400.0,280850400.0,205450400.0,1820977600.0,2871800000.0,181000000.0,1122.27001953125,1159.72998046875,6893700000.0,142.199951171875,5.0,0.2,3.56,5.0,0.14,451000.0,0.39,0.88,-0.315,76.667,2.29,5.98,7695.3524,80.24,4.36,1021.581,4.2,4.36,3.25,4707000.0,1196.5178
2010-05-17,10625.830078125,3543.550048828125,5262.5,6066.919921875,11813.0,19715.19921875,2354.22998046875,10235.759765625,221910000.0,167306700.0,1200727700.0,144988000.0,230554000.0,1728648000.0,2434480000.0,182400000.0,1136.52001953125,1136.93994140625,5922920000.0,79.419921875,4.93,0.2,3.54,5.07,0.16,474000.0,0.38,0.85,-0.22668,34.305,2.25,6.12,7689.7317,74.98,4.42,1064.462,4.23,4.3,3.25,4688000.0,1200.5713
2010-05-24,10066.5703125,3430.929931640625,5069.60009765625,5805.68017578125,11521.400390625,19667.759765625,2213.550048828125,9758.400390625,211430000.0,134297800.0,963073600.0,91354000.0,212582900.0,1641682500.0,2150020000.0,164800000.0,1084.780029296875,1073.6500244140625,5224040000.0,101.2899169921875,4.84,0.2,3.33,4.87,0.17,463000.0,0.35,0.78,-0.14564,21.159,2.1,6.0,7658.4447,69.14,4.21,1092.54,4.04,4.24,3.25,4731000.0,1196.5716
2010-05-31,10136.6298828125,3507.56005859375,5188.39990234375,5964.330078125,11763.0,19765.189453125,2257.0400390625,9768.7001953125,243720000.0,64323600.0,1335686900.0,45852600.0,586800.0,1075849200.0,2165590000.0,121400000.0,1102.5899658203125,1089.4100341796875,4871210000.0,66.5599365234375,4.78,0.2,3.25,4.91,0.17,458000.0,0.36,0.81,-0.08973,26.077,2.08,6.1,7669.5804,70.62,4.15,1084.219,3.99,4.21,3.25,4553000.0,1196.3267
2010-06-07,9816.490234375,3413.719970703125,5069.10009765625,5904.9501953125,11504.7001953125,19378.150390625,2173.89990234375,9520.7998046875,222940000.0,175973200.0,900731500.0,117565000.0,201112300.0,1583714800.0,2256670000.0,148400000.0,1065.8399658203125,1050.469970703125,5467560000.0,66.5599365234375,4.79,0.19,3.31,4.97,0.15,459000.0,0.36,0.79,-0.06311,33.135,2.1,6.23,7676.1649,72.91,4.21,1067.106,4.05,4.2,3.25,4624000.0,1191.965
2010-06-14,10190.8896484375,3626.0400390625,5202.10009765625,6125.0,11667.2998046875,20051.91015625,2243.9599609375,9879.849609375,177920000.0,155673600.0,947984800.0,96620900.0,164946000.0,954758200.0,1951910000.0,97300000.0,1095.0,1089.6300048828125,4425830000.0,63.739990234375,4.72,0.19,3.22,4.9,0.1,467000.0,0.33,0.75,-0.06025,32.796,2.01,6.23,7688.0024,73.44,4.15,1060.078,3.96,4.17,3.25,4606000.0,1190.5054
2010-06-21,10442.41015625,3736.14990234375,5299.10009765625,6292.97021484375,11936.099609375,20912.1796875,2289.090087890625,10238.009765625,165190000.0,131633000.0,797902600.0,92615800.0,192616100.0,3171247200.0,1910700000.0,123000000.0,1122.7900390625,1113.199951171875,4514360000.0,54.1099853515625,4.75,0.18,3.26,4.93,0.09,452000.0,0.3,0.75,-0.07968,29.199,2.06,6.32,7683.1569,76.7,4.18,1066.441,4.0,4.2,3.25,4619000.0,1193.4286
2010-06-28,10138.51953125,3576.449951171875,5071.7001953125,6157.22021484375,11607.0,20726.6796875,2220.64990234375,9693.9404296875,164100000.0,110519000.0,845187300.0,81583500.0,142217200.0,1171423600.0,1876740000.0,91600000.0,1077.5,1074.5699462890625,3896410000.0,63.3399658203125,4.69,0.18,3.17,4.84,0.13,464000.0,0.29,0.69,-0.10947,45.852,1.96,6.22,7706.9967,77.06,4.1,1060.334,3.92,4.13,3.25,4484000.0,1191.6878
2010-07-05,9686.48046875,3332.4599609375,4823.5,5816.2001953125,11092.5,19842.19921875,2091.7900390625,9266.7802734375,199570000.0,82880200.0,539451500.0,58955400.0,542800.0,1251615800.0,1672320000.0,100700000.0,1027.6500244140625,1022.5800170898438,3968500000.0,80.02008056640625,4.58,0.15,2.99,4.69,0.17,454000.0,0.31,0.62,-0.14565,40.112,1.8,6.06,7677.7636,74.96,3.94,1043.38,3.76,4.04,3.25,4620000.0,1184.768
2010-07-12,10216.26953125,3567.659912109375,5167.0,6077.18994140625,11565.7998046875,20467.4296875,2198.360107421875,9548.1103515625,131490000.0,81693200.0,622994300.0,68496700.0,146214600.0,1675481300.0,1767970000.0,123600000.0,1077.22998046875,1078.75,3426990000.0,80.02008056640625,4.57,0.18,3.02,4.72,0.16,439000.0,0.31,0.63,-0.18979,25.984,1.8,6.08,7688.9782,74.39,3.97,1047.031,3.79,4.07,3.25,4482000.0,1190.5817
2010-07-19,10154.4296875,3486.330078125,5148.2998046875,6009.10986328125,11543.5,20090.94921875,2198.22998046875,9408.3603515625,176970000.0,98873200.0,687707400.0,80327500.0,157275100.0,1040734400.0,1735090000.0,134000000.0,1066.8499755859375,1071.25,4089500000.0,38.3499755859375,4.57,0.17,3.05,4.75,0.15,462000.0,0.28,0.63,-0.23477,18.262,1.81,6.08,7727.2117,76.35,4.02,1058.516,3.83,4.06,3.25,4545000.0,1188.5242
2010-07-26,10525.4296875,3636.179931640625,5351.10009765625,6194.2099609375,11746.099609375,20839.91015625,2296.429931640625,9503.66015625,178820000.0,120159000.0,772356100.0,73220100.0,134590600.0,1139652600.0,2164280000.0,90400000.0,1102.8900146484375,1115.010009765625,4009650000.0,58.1300048828125,4.56,0.19,2.97,4.69,0.16,465000.0,0.27,0.6,-0.27439,51.307,1.71,5.96,7728.2987,77.56,3.97,1036.195,3.76,4.03,3.25,4529000.0,1187.5454
2010-08-02,10674.3798828125,3752.030029296875,5397.10009765625,6292.1298828125,11713.400390625,21412.7890625,2295.360107421875,9570.3095703125,167640000.0,128950400.0,955430600.0,104821000.0,153668100.0,1646320600.0,1953200000.0,135600000.0,1107.530029296875,1125.8599853515625,4144180000.0,39.4200439453125,4.54,0.19,3.02,4.76,0.15,476000.0,0.3,0.6,-0.30366,41.603,1.73,5.94,7742.232,78.12,4.05,1045.219,3.83,4.0,3.25,4467000.0,1189.9833
2010-08-09,10698.75,3777.3701171875,5410.5,6351.60009765625,11863.599609375,21801.58984375,2305.68994140625,9572.490234375,166330000.0,90481000.0,635528400.0,70334800.0,146656100.0,999901600.0,1614580000.0,87800000.0,1122.800048828125,1127.7900390625,3979360000.0,41.22998046875,4.49,0.19,2.94,4.73,0.16,483000.0,0.27,0.54,-0.31902,27.377,1.58,5.86,7762.4948,81.79,4.04,1052.386,3.78,3.95,3.25,4478000.0,1188.1057
2010-08-16,10302.009765625,3597.60009765625,5276.10009765625,6110.56982421875,11552.7998046875,21112.119140625,2181.8701171875,9196.669921875,146040000.0,81349400.0,602793800.0,74503300.0,152054900.0,1053815500.0,1627620000.0,97000000.0,1077.489990234375,1079.3800048828125,3142450000.0,59.75,4.44,0.18,2.76,4.6,0.15,486000.0,0.25,0.54,-0.3198,36.113,1.48,5.78,7762.6095,78.17,3.95,1045.18,3.65,3.92,3.25,4432000.0,1190.4157
2010-08-23,10174.41015625,3553.22998046875,5234.7998046875,6010.91015625,11718.599609375,20889.009765625,2159.6298828125,9116.6904296875,173000000.0,84709800.0,582331200.0,66569300.0,162052800.0,857934200.0,1665900000.0,93600000.0,1073.3599853515625,1067.3599853515625,3210950000.0,36.22998046875,4.42,0.19,2.61,4.4,0.16,464000.0,0.25,0.5,-0.31365,28.343,1.44,5.56,7734.14,74.84,3.71,1041.298,3.42,3.9,3.25,4426000.0,1187.2002
2010-08-30,10009.73046875,3487.010009765625,5201.60009765625,5912.41015625,11895.599609375,20737.220703125,2119.969970703125,9149.259765625,150480000.0,70376000.0,791004500.0,57738000.0,137653900.0,1056592500.0,1585200000.0,114400000.0,1062.9000244140625,1048.9200439453125,2917990000.0,41.8800048828125,4.36,0.19,2.56,4.31,0.16,467000.0,0.26,0.52,-0.30942,18.823,1.41,5.51,7797.2851,72.91,3.61,1049.221,3.32,3.86,3.25,4509000.0,1186.6355
2010-09-06,10447.9296875,3684.72998046875,5439.2001953125,6155.0400390625,12144.900390625,21355.76953125,2233.75,9301.3203125,168600000.0,74534600.0,482717500.0,63508500.0,199106600.0,1599558900.0,1647790000.0,106700000.0,1093.6099853515625,1104.510009765625,3534500000.0,65.4000244140625,4.32,0.19,2.59,4.39,0.14,452000.0,0.25,0.5,-0.31333,23.113,1.41,5.59,7802.3002,74.02,3.66,1034.529,3.36,3.83,3.25,4501000.0,1187.1547
2010-09-13,10544.1298828125,3767.14990234375,5565.5,6261.68017578125,12149.900390625,21658.349609375,2285.7099609375,9321.8203125,190720000.0,131294400.0,882318800.0,93974100.0,189965700.0,2035235400.0,1937630000.0,108700000.0,1113.3800048828125,1121.9000244140625,4521050000.0,65.4000244140625,4.35,0.19,2.71,4.5,0.14,444000.0,0.26,0.54,-0.32856,23.062,1.51,5.67,7800.7295,74.82,3.78,1031.31,3.48,3.83,3.25,4487000.0,1189.353
2010-09-20,10753.6201171875,3788.010009765625,5602.5,6294.580078125,12234.5,21977.33984375,2355.830078125,9626.08984375,157120000.0,142000600.0,676518800.0,96805800.0,191041100.0,1215077100.0,1989520000.0,122900000.0,1126.5699462890625,1142.7099609375,3364080000.0,40.93994140625,4.37,0.19,2.74,4.59,0.15,459000.0,0.26,0.5,-0.3514,22.341,1.47,5.73,7817.2108,75.62,3.86,1026.976,3.55,3.82,3.25,4452000.0,1187.4299
2010-09-27,10812.0400390625,3766.159912109375,5573.39990234375,6278.89013671875,12190.599609375,22340.83984375,2369.77001953125,9603.1396484375,143910000.0,109771000.0,600635600.0,86116600.0,166245500.0,1522320100.0,1873120000.0,122500000.0,1148.6400146484375,1142.1600341796875,3587860000.0,27.489990234375,4.37,0.21,2.61,4.55,0.16,459000.0,0.25,0.45,-0.37679,77.377,1.36,5.66,7783.3845,73.76,3.78,975.434,3.48,3.82,3.25,4431000.0,1183.3969
2010-10-04,10751.26953125,3649.81005859375,5556.0,6134.2099609375,12322.900390625,22618.66015625,2344.52001953125,9381.0595703125,160370000.0,113094000.0,604252100.0,90481300.0,157341600.0,2591989000.0,1901980000.0,161200000.0,1144.9599609375,1137.030029296875,3604110000.0,25.4700927734375,4.32,0.2,2.52,4.52,0.16,446000.0,0.26,0.42,-0.40286,57.576,1.27,5.58,7775.073,78.41,3.69,995.183,3.38,3.75,3.25,4407000.0,1184.522
2010-10-11,11010.33984375,3768.489990234375,5672.39990234375,6309.509765625,12535.599609375,23207.310546875,2402.330078125,9588.8798828125,114830000.0,99536800.0,475637900.0,79124000.0,180405900.0,2067039600.0,1539990000.0,147900000.0,1165.3199462890625,1165.3199462890625,2505900000.0,36.81005859375,4.27,0.19,2.45,4.56,0.13,459000.0,0.24,0.38,-0.42755,58.125,1.17,5.59,7816.4161,82.29,3.72,985.331,3.38,3.72,3.25,4403000.0,1182.0393
2010-10-18,11143.6904296875,3834.5,5742.5,6516.6298828125,12668.0,23469.380859375,2480.659912109375,9498.490234375,190290000.0,88536800.0,610917600.0,91058500.0,148482300.0,2263839600.0,1724710000.0,104800000.0,1176.8299560546875,1184.7099609375,4450050000.0,29.9500732421875,4.19,0.18,2.5,4.7,0.14,444000.0,0.22,0.37,-0.44947,22.78,1.16,5.73,7823.4267,82.16,3.88,1022.21,3.52,3.62,3.25,4348000.0,1182.2545
2010-10-25,11164.0498046875,3870.0,5752.0,6639.2099609375,12663.599609375,23627.91015625,2490.85009765625,9401.16015625,168110000.0,90223000.0,772475900.0,75742000.0,171415200.0,1441732700.0,1746320000.0,98000000.0,1184.739990234375,1185.6199951171875,4221380000.0,36.4300537109375,4.21,0.19,2.54,4.71,0.14,432000.0,0.22,0.36,-0.46802,49.934,1.14,5.76,7840.004,81.15,3.92,983.14,3.56,3.64,3.25,4331000.0,1186.1887
2010-11-01,11124.6201171875,3841.110107421875,5694.60009765625,6604.85986328125,12664.7998046875,23652.939453125,2504.840087890625,9154.7197265625,150130000.0,88108800.0,641764000.0,75385200.0,158674900.0,1709508800.0,1904790000.0,125400000.0,1185.7099609375,1184.3800048828125,4129180000.0,24.4400634765625,4.23,0.19,2.67,4.77,0.13,453000.0,0.23,0.38,-0.48263,37.919,1.24,5.8,7858.1477,82.03,4.0,1003.206,3.66,3.66,3.25,4328000.0,1188.0107
2010-11-08,11406.83984375,3913.699951171875,5850.0,6750.5,13052.5,24964.369140625,2580.050048828125,9732.919921875,143990000.0,116917100.0,772245200.0,98820700.0,222268000.0,1811291000.0,1799330000.0,118200000.0,1223.239990234375,1223.25,3937230000.0,49.429931640625,4.24,0.2,2.61,4.75,0.13,434000.0,0.22,0.35,-0.49064,34.276,1.11,5.79,7861.1492,84.93,4.04,992.204,3.65,3.63,3.25,4270000.0,1185.8814
2010-11-15,11201.9697265625,3864.239990234375,5820.39990234375,6790.169921875,12735.400390625,24027.1796875,2513.820068359375,9827.509765625,155660000.0,108250800.0,620872900.0,95231800.0,177636900.0,1668533900.0,1852210000.0,128500000.0,1200.43994140625,1197.75,3503370000.0,33.0,4.17,0.18,2.68,4.9,0.13,432000.0,0.24,0.46,-0.48994,21.585,1.25,5.95,7866.4197,86.91,4.22,993.685,3.81,3.57,3.25,4176000.0,1187.2209
2010-11-22,11178.580078125,3818.889892578125,5680.7998046875,6822.0498046875,12929.0,23524.01953125,2532.02001953125,10115.1904296875,152850000.0,132362800.0,772790500.0,96805200.0,160171300.0,1649739600.0,1850570000.0,121800000.0,1198.0699462890625,1197.8399658203125,3689500000.0,37.5,4.39,0.19,2.89,4.98,0.14,407000.0,0.27,0.52,-0.48582,21.787,1.51,6.03,7896.8022,82.23,4.3,983.736,3.94,3.76,3.25,4218000.0,1186.805
2010-11-29,11052.490234375,3636.9599609375,5551.0,6697.97021484375,12895.7001953125,23166.220703125,2525.219970703125,10125.990234375,151530000.0,176573200.0,1016586000.0,123908800.0,208343200.0,1211558300.0,1683260000.0,124800000.0,1189.0799560546875,1187.760009765625,3673450000.0,27.2900390625,4.4,0.2,2.84,4.9,0.16,432000.0,0.27,0.5,-0.48154,29.391,1.48,5.95,7905.4489,82.28,4.22,1011.124,3.88,3.77,3.25,4118000.0,1186.8542
2010-12-06,11362.1904296875,3749.22998046875,5770.2998046875,6954.3798828125,13276.0,23237.689453125,2594.919921875,10167.23046875,122240000.0,110872600.0,760501400.0,84507200.0,207716900.0,1448276400.0,1617030000.0,95300000.0,1223.8699951171875,1223.1199951171875,3527370000.0,52.1600341796875,4.46,0.2,2.93,4.9,0.16,428000.0,0.28,0.51,-0.48263,35.378,1.59,5.95,7883.0932,86.75,4.22,1003.827,3.91,3.81,3.25,4137000.0,1187.5819
2010-12-13,11428.5595703125,3892.43994140625,5860.7998046875,7029.39013671875,13295.900390625,23317.609375,2624.909912109375,10293.8896484375,151190000.0,114030000.0,562916600.0,72037500.0,215552200.0,1108577600.0,1835330000.0,145300000.0,1242.52001953125,1240.4599609375,4361240000.0,29.9100341796875,4.61,0.18,3.18,5.03,0.14,425000.0,0.29,0.57,-0.49381,21.184,1.8,6.09,7878.9002,88.5,4.39,1050.689,4.11,3.96,3.25,4062000.0,1189.5508
2010-12-20,11478.1298828125,3885.080078125,5891.60009765625,7018.60009765625,13193.2998046875,22639.080078125,2649.56005859375,10216.41015625,125360000.0,100344000.0,536148500.0,73899400.0,173580200.0,1175563700.0,1707950000.0,113600000.0,1245.760009765625,1247.0799560546875,3548140000.0,17.6199951171875,4.83,0.17,3.42,5.08,0.14,424000.0,0.3,0.64,-0.511,30.093,2.03,6.18,7878.9794,88.27,4.5,1053.748,4.27,4.17,3.25,4113000.0,1192.307
2010-12-27,11555.0302734375,3862.18994140625,6008.89990234375,6970.72998046875,13383.2001953125,22833.80078125,2667.27001953125,10355.990234375,76820000.0,45835800.0,66767100.0,44519600.0,182400.0,531784200.0,1097100000.0,83100000.0,1254.6600341796875,1257.5400390625,1992470000.0,26.5400390625,4.81,0.2,3.37,5.0,0.14,404000.0,0.3,0.64,-0.53267,91.479,2.02,6.09,7870.1833,89.66,4.45,1013.048,4.23,4.15,3.25,4088000.0,1195.4867
2011-01-03,11670.75,3900.860107421875,5899.89990234375,6989.740234375,13443.2001953125,23436.05078125,2691.52001953125,10228.919921875,203420000.0,72025000.0,197447000.0,61893200.0,80432400.0,1066929900.0,1919660000.0,107800000.0,1257.6199951171875,1271.8699951171875,4286670000.0,26.5400390625,4.86,0.19,3.38,4.98,0.14,413000.0,0.3,0.67,-0.55416,87.472,2.07,6.07,7848.438,90.97,4.43,1027.089,4.21,4.2,3.25,3898000.0,1192.6578
2011-01-10,11637.4501953125,3802.030029296875,5956.2998046875,6857.06005859375,13245.099609375,23527.259765625,2707.800048828125,10541.0400390625,150340000.0,123908000.0,662691000.0,93167900.0,179375700.0,1087090700.0,1868870000.0,161800000.0,1270.8399658203125,1269.75,4036450000.0,23.9801025390625,4.77,0.16,3.4,5.01,0.14,434000.0,0.29,0.65,-0.57333,115.386,2.04,6.09,7883.9389,89.54,4.48,1001.783,4.26,4.13,3.25,3907000.0,1192.9851
2011-01-17,11787.3798828125,3975.409912109375,5985.7001953125,7078.06005859375,13440.099609375,24156.970703125,2755.300048828125,10502.8603515625,200770000.0,79477600.0,599125200.0,79250900.0,931000.0,1209066000.0,2020210000.0,126700000.0,1282.9000244140625,1293.239990234375,4661590000.0,31.5400390625,4.71,0.17,3.36,5.01,0.15,421000.0,0.27,0.6,-0.58996,89.107,1.96,6.07,7902.8127,91.02,4.5,1066.028,4.26,4.08,3.25,3974000.0,1197.5465
2011-01-24,11980.51953125,4033.2099609375,5943.89990234375,7067.77001953125,13347.599609375,23801.779296875,2717.550048828125,10345.1103515625,184000000.0,113053200.0,918501600.0,121571600.0,185934400.0,1201912500.0,1871300000.0,134100000.0,1283.2900390625,1290.8399658203125,3902470000.0,31.5400390625,4.74,0.17,3.42,5.07,0.16,446000.0,0.27,0.62,-0.60523,58.958,2.01,6.12,7883.3485,89.75,4.57,1071.206,4.32,4.05,3.25,3926000.0,1197.2169
2011-01-31,11891.9296875,4005.5,5862.89990234375,7077.47998046875,13552.0,23447.33984375,2700.080078125,10237.919921875,206580000.0,149667400.0,931414900.0,93018500.0,231294400.0,1962800000.0,1952310000.0,146000000.0,1276.5,1286.1199951171875,4167160000.0,27.570068359375,4.8,0.17,3.4,5.06,0.16,420000.0,0.26,0.6,-0.61806,91.704,1.98,6.08,7910.9012,86.11,4.54,1078.051,4.29,4.09,3.25,3887000.0,1195.1935
2011-02-07,12161.6298828125,4090.800048828125,6051.0,7283.6201171875,13811.900390625,23553.58984375,2783.989990234375,10592.0400390625,132960000.0,135168800.0,694875000.0,93205600.0,240762100.0,1480979600.0,1768090000.0,162300000.0,1311.8499755859375,1319.050048828125,3902270000.0,47.75,4.81,0.17,3.54,5.19,0.15,402000.0,0.28,0.67,-0.62623,97.314,2.1,6.17,7899.1313,89.52,4.65,1087.983,4.41,4.08,3.25,3928000.0,1197.0427
2011-02-14,12268.1904296875,4096.6201171875,6060.10009765625,7396.6298828125,13910.7998046875,23121.060546875,2817.179931640625,10725.5400390625,146350000.0,179200200.0,635408300.0,69641000.0,198345900.0,1623695500.0,1964780000.0,140600000.0,1328.72998046875,1332.3199462890625,3567040000.0,31.2899169921875,5.05,0.17,3.68,5.28,0.14,425000.0,0.3,0.83,-0.62733,81.217,2.36,6.22,7913.3051,85.51,4.73,1152.388,4.52,4.29,3.25,3839000.0,1196.2923
2011-02-21,12391.25,4097.41015625,6014.7998046875,7321.81005859375,14123.099609375,23485.419921875,2833.949951171875,10857.5302734375,230040000.0,123263600.0,629790600.0,100847900.0,242268500.0,1226047400.0,2109460000.0,136400000.0,1340.3800048828125,1343.010009765625,1162310000.0,32.3299560546875,5.0,0.15,3.6,5.26,0.11,394000.0,0.29,0.83,-0.61843,46.423,2.34,6.15,7928.1218,84.13,4.67,1224.078,4.45,4.27,3.25,3821000.0,1199.6108
2011-02-28,12226.33984375,4110.35009765625,5994.0,7272.31982421875,14136.5,23338.01953125,2782.27001953125,10624.08984375,199560000.0,130304200.0,955595700.0,101476200.0,287666000.0,1782741200.0,2009500000.0,186600000.0,1321.6099853515625,1327.219970703125,1252850000.0,32.3299560546875,4.95,0.15,3.46,5.17,0.13,385000.0,0.27,0.73,-0.60029,40.558,2.18,6.06,7958.2831,95.26,4.56,1265.869,4.31,4.22,3.25,3809000.0,1201.2668
2011-03-07,12090.0302734375,3990.409912109375,5973.7998046875,7161.93017578125,14092.400390625,23313.189453125,2745.6298828125,10505.01953125,176200000.0,76137000.0,651065500.0,86671800.0,211330300.0,1321120200.0,2189970000.0,149400000.0,1322.719970703125,1310.1300048828125,3964730000.0,29.7000732421875,4.87,0.15,3.47,5.14,0.13,414000.0,0.26,0.7,-0.581,47.058,2.17,6.05,7977.3698,101.05,4.55,1292.382,4.31,4.15,3.25,3772000.0,1204.3978
2011-03-14,11993.16015625,3878.0400390625,5775.2001953125,6866.6298828125,13619.2001953125,23345.880859375,2700.969970703125,9620.490234375,163000000.0,98051600.0,830598200.0,170810200.0,249150400.0,1201157200.0,1782070000.0,349800000.0,1301.18994140625,1296.3900146484375,4050370000.0,44.7099609375,4.88,0.15,3.46,5.17,0.1,404000.0,0.25,0.68,-0.56503,35.841,2.14,6.08,7980.2442,103.74,4.59,1358.776,4.33,4.15,3.25,3772000.0,1202.3435
2011-03-21,12036.5302734375,3904.449951171875,5786.10009765625,6816.1201171875,14013.7001953125,22685.220703125,2692.090087890625,9206.75,143390000.0,84480400.0,764087000.0,218418400.0,184426100.0,1744941600.0,1751060000.0,245400000.0,1281.6500244140625,1298.3800048828125,4223730000.0,59.2999267578125,4.76,0.14,3.29,5.07,0.09,407000.0,0.23,0.61,-0.55765,42.088,1.95,5.98,7989.3442,99.79,4.44,1395.33,4.18,3.97,3.25,3752000.0,1207.6902
2011-03-28,12197.8798828125,3976.949951171875,5904.5,6938.6298828125,13892.7001953125,23068.189453125,2730.679931640625,9478.5302734375,123070000.0,121680800.0,526577800.0,72637400.0,177978500.0,1989092000.0,1669260000.0,192700000.0,1315.449951171875,1310.18994140625,3215170000.0,43.5599365234375,4.81,0.14,3.38,5.1,0.09,399000.0,0.26,0.71,-0.56339,87.28,2.1,6.0,8001.3904,104.41,4.46,1391.98,4.22,4.04,3.25,3766000.0,1208.4172
2011-04-04,12400.0302734375,4042.919921875,6017.0,7175.330078125,14218.400390625,24150.580078125,2789.18994140625,9718.8896484375,114660000.0,100169600.0,683415100.0,79269800.0,226202900.0,2068546000.0,1705920000.0,171800000.0,1333.56005859375,1332.8699951171875,4223740000.0,32.5899658203125,4.86,0.13,3.47,5.15,0.09,395000.0,0.3,0.8,-0.57683,58.515,2.23,6.05,7996.5048,105.08,4.51,1450.291,4.29,4.09,3.25,3756000.0,1208.477
2011-04-11,12381.1103515625,4038.699951171875,6053.39990234375,7204.85986328125,13996.900390625,24303.0703125,2771.510009765625,9719.7001953125,109950000.0,96334600.0,659149200.0,108138900.0,177510000.0,1506797100.0,2053190000.0,147500000.0,1329.010009765625,1324.4599609375,3478970000.0,18.39990234375,4.87,0.1,3.54,5.19,0.05,416000.0,0.27,0.82,-0.59357,54.802,2.28,6.1,8045.64,109.29,4.57,1472.385,4.35,4.1,3.25,3751000.0,1210.6411
2011-04-18,12201.58984375,3881.239990234375,5870.10009765625,7026.85009765625,13702.2998046875,23830.310546875,2735.3798828125,9556.650390625,190220000.0,177310600.0,872742500.0,163927600.0,183792800.0,1280807700.0,1786230000.0,110100000.0,1313.3499755859375,1305.1400146484375,4223740000.0,44.760009765625,4.91,0.09,3.51,5.16,0.06,402000.0,0.24,0.77,-0.60703,25.419,2.22,6.07,8055.5549,107.75,4.55,1522.249,4.33,4.13,3.25,3717000.0,1209.2724
2011-04-25,12479.8798828125,4021.8798828125,6018.2998046875,7295.490234375,13907.2998046875,24138.310546875,2825.8798828125,9671.9599609375,128660000.0,117981600.0,739317000.0,115546600.0,191204700.0,1515002500.0,1480600000.0,100600000.0,1337.1400146484375,1335.25,2142130000.0,42.7900390625,4.8,0.11,3.41,5.16,0.06,422000.0,0.24,0.69,-0.61416,73.268,2.12,5.97,8074.6202,109.11,4.46,1486.65,4.23,4.02,3.25,3796000.0,1217.4023
2011-05-02,12807.3603515625,4108.77001953125,6069.89990234375,7527.64013671875,13934.5,23720.810546875,2864.080078125,10004.2001953125,150960000.0,73176600.0,741068000.0,92276200.0,15914000.0,1468492700.0,2062630000.0,127800000.0,1365.2099609375,1361.219970703125,3846250000.0,42.7900390625,4.78,0.1,3.36,5.13,0.06,468000.0,0.22,0.64,-0.61507,104.152,2.04,5.93,8096.8258,112.3,4.42,1471.501,4.18,3.97,3.25,3834000.0,1217.7201
2011-05-09,12684.6796875,4007.260009765625,5942.7001953125,7410.52001953125,13677.099609375,23336.0,2843.25,9794.3798828125,133940000.0,156322200.0,803357200.0,121918900.0,175743100.0,1008557600.0,1649110000.0,110700000.0,1340.199951171875,1346.2900390625,4265250000.0,41.409912109375,4.71,0.09,3.24,5.0,0.03,435000.0,0.2,0.59,-0.611,115.026,1.92,5.82,8138.6691,105.84,4.32,1467.32,4.07,3.89,3.25,3787000.0,1222.7189
2011-05-16,12548.3701171875,3989.820068359375,5923.7001953125,7387.5400390625,13391.400390625,22960.630859375,2782.31005859375,9558.2998046875,192310000.0,132068800.0,686694200.0,154713300.0,184635900.0,1076063000.0,2066020000.0,126100000.0,1334.77001953125,1329.469970703125,3846250000.0,32.1199951171875,4.63,0.09,3.2,4.98,0.03,414000.0,0.18,0.57,-0.60211,99.593,1.87,5.83,8163.8934,99.87,4.33,1517.084,4.05,3.82,3.25,3781000.0,1229.9296
2011-05-23,12381.259765625,3906.97998046875,5835.89990234375,7121.52001953125,13652.2998046875,22711.01953125,2758.89990234375,9460.6298828125,150720000.0,147679000.0,852749200.0,185377900.0,202873200.0,1487178000.0,1795680000.0,131500000.0,1333.0699462890625,1317.3699951171875,3255580000.0,37.5899658203125,4.61,0.09,3.15,4.93,0.05,423000.0,0.19,0.55,-0.59056,91.448,1.83,5.76,8129.074,97.99,4.28,1547.236,3.99,3.8,3.25,3799000.0,1223.6782
2011-05-30,12441.580078125,3942.530029296875,5938.89990234375,7160.2998046875,13829.7001953125,23184.3203125,2796.860107421875,9504.9697265625,126030000.0,45500200.0,799337700.0,98879200.0,867000.0,792873800.0,1641320000.0,93700000.0,1325.68994140625,1331.0999755859375,3124560000.0,35.0198974609375,4.6,0.1,3.1,4.95,0.06,418000.0,0.19,0.52,-0.57482,84.259,1.77,5.74,8188.6808,99.55,4.26,1571.447,3.96,3.78,3.25,3728000.0,1229.8497
2011-06-06,12089.9599609375,3863.39990234375,5863.2001953125,7084.56982421875,13318.7001953125,22949.560546875,2702.56005859375,9380.349609375,166600000.0,109191200.0,650699800.0,113843000.0,157090900.0,1959514000.0,1878150000.0,140300000.0,1300.260009765625,1286.1700439453125,3555980000.0,35.0198974609375,4.55,0.1,3.01,4.95,0.05,423000.0,0.18,0.44,-0.55603,65.992,1.63,5.7,8208.4354,100.92,4.21,1599.81,3.89,3.74,3.25,3750000.0,1236.2632
2011-06-13,11952.9697265625,3807.610107421875,5773.5,7085.14013671875,12939.7001953125,22508.080078125,2639.68994140625,9448.2099609375,153370000.0,71744800.0,643227300.0,66730300.0,172657900.0,1273235900.0,1847050000.0,96400000.0,1271.31005859375,1271.8299560546875,4132520000.0,47.2999267578125,4.49,0.1,3.0,4.97,0.05,413000.0,0.18,0.41,-0.53578,38.188,1.58,5.73,8161.2739,100.05,4.22,1630.85,3.9,3.68,3.25,3746000.0,1232.0839
2011-06-20,12080.3798828125,3799.659912109375,5693.39990234375,7150.2099609375,12857.7001953125,21599.509765625,2629.659912109375,9354.3203125,127250000.0,111639000.0,746206400.0,103234800.0,197585700.0,1395417200.0,1625850000.0,121700000.0,1271.5,1278.3599853515625,3464660000.0,34.4300537109375,4.5,0.09,2.99,4.98,0.05,416000.0,0.18,0.4,-0.52044,41.336,1.58,5.73,8166.7161,95.87,4.21,1650.065,3.9,3.67,3.25,3752000.0,1234.5237
2011-06-27,12043.5595703125,3796.550048828125,5722.2998046875,7107.89990234375,12966.5,22041.76953125,2688.280029296875,9578.3095703125,177920000.0,105267400.0,835562500.0,149929900.0,162644000.0,1271935600.0,1710740000.0,119300000.0,1268.43994140625,1280.0999755859375,3479070000.0,35.739990234375,4.5,0.1,2.96,4.95,0.02,421000.0,0.17,0.37,-0.51217,122.935,1.52,5.72,8226.1249,92.7,4.19,1590.364,3.87,3.69,3.25,3719000.0,1231.7921
2011-07-04,12582.76953125,4003.110107421875,6017.5,7442.9599609375,13386.5,22770.470703125,2816.030029296875,9965.08984375,141870000.0,88648000.0,466358000.0,84661300.0,1049600.0,1537363400.0,1646380000.0,131400000.0,1320.6400146484375,1339.6700439453125,3796930000.0,78.1400146484375,4.51,0.08,3.11,5.11,0.02,418000.0,0.19,0.46,-0.51067,107.983,1.67,5.88,8217.2954,93.7,4.36,1617.276,4.05,3.69,3.25,3733000.0,1235.459
2011-07-11,12505.759765625,3807.510009765625,5929.2001953125,7230.25,13179.7998046875,22347.23046875,2802.6201171875,10069.5302734375,133250000.0,202009000.0,850417100.0,197080600.0,155022000.0,1525097000.0,1765920000.0,104900000.0,1343.31005859375,1319.489990234375,3879130000.0,78.1400146484375,4.6,0.08,3.12,5.07,0.02,408000.0,0.19,0.44,-0.50724,76.56,1.67,5.84,8254.1787,97.12,4.35,1650.63,4.05,3.75,3.25,3724000.0,1237.5201
2011-07-18,12385.16015625,3650.7099609375,5752.7998046875,7107.919921875,13254.099609375,21804.75,2765.110107421875,9974.4697265625,148950000.0,155673600.0,848623100.0,168925900.0,160497100.0,1224406100.0,1752220000.0,101300000.0,1315.93994140625,1305.43994140625,4118160000.0,56.469970703125,4.51,0.07,2.94,4.89,0.02,420000.0,0.16,0.37,-0.49098,50.339,1.48,5.71,8258.0607,96.72,4.21,1679.08,3.89,3.65,3.25,3734000.0,1239.392
2011-07-25,12592.7998046875,3812.969970703125,5925.2998046875,7344.5400390625,13436.0,22293.2890625,2842.800048828125,10050.009765625,128760000.0,122284800.0,645911000.0,111466400.0,162651300.0,1334947500.0,1613240000.0,104100000.0,1344.3199462890625,1337.4300537109375,3536890000.0,51.0799560546875,4.52,0.06,2.97,4.91,0.03,411000.0,0.18,0.39,-0.45481,90.719,1.5,5.75,8238.3076,98.01,4.26,1636.929,3.93,3.66,3.25,3741000.0,1243.1369
2011-08-01,12132.490234375,3588.050048828125,5774.39990234375,6953.97998046875,12945.599609375,22663.369140625,2744.610107421875,9965.009765625,182820000.0,195464800.0,864009700.0,189251600.0,169302400.0,1443945900.0,2209790000.0,145000000.0,1292.5899658203125,1286.93994140625,4967390000.0,71.3699951171875,4.55,0.06,2.97,4.84,0.07,406000.0,0.21,0.41,-0.39558,77.019,1.5,5.72,8327.4763,97.83,4.25,1652.667,3.91,3.66,3.25,3676000.0,1250.9836
2011-08-08,10809.849609375,3125.18994140625,5069.0,5923.27001953125,11671.0,20490.5703125,2357.68994140625,9097.5595703125,479980000.0,324537000.0,1576389600.0,314803500.0,391284500.0,2678413800.0,3987990000.0,147000000.0,1198.47998046875,1119.4599609375,2615150000.0,188.0999755859375,4.39,0.12,2.62,4.43,0.04,405000.0,0.16,0.32,-0.31688,56.911,1.23,5.38,8351.1932,90.85,3.88,1624.803,3.54,3.54,3.25,3709000.0,1254.5146
2011-08-15,11482.900390625,3239.06005859375,5350.60009765625,6022.240234375,12683.599609375,20260.099609375,2555.199951171875,9086.41015625,188120000.0,130932600.0,695636400.0,143251900.0,185099100.0,1827188800.0,1945850000.0,107800000.0,1178.8599853515625,1204.489990234375,4272850000.0,116.5699462890625,4.32,0.09,2.27,4.32,0.03,409000.0,0.11,0.21,-0.23187,23.425,0.99,5.31,8350.855,82.86,3.66,1649.269,3.23,3.5,3.25,3717000.0,1257.2018
2011-08-22,10854.650390625,3051.360107421875,5095.2998046875,5473.77978515625,12068.400390625,19486.869140625,2345.3798828125,8628.1298828125,226720000.0,140543000.0,857260000.0,182963900.0,190172400.0,2553695400.0,1957230000.0,146200000.0,1123.550048828125,1123.8199462890625,5436260000.0,87.3800048828125,4.15,0.1,2.17,4.31,0.02,415000.0,0.11,0.2,-0.15971,20.172,0.93,5.29,8349.9984,85.36,3.57,1621.14,3.13,3.36,3.25,3715000.0,1262.5254
2011-08-29,11539.25,3154.199951171875,5129.89990234375,5670.06982421875,12504.900390625,19865.109375,2562.110107421875,8851.349609375,177540000.0,88143400.0,1037445400.0,99261800.0,172833600.0,1898744000.0,1615510000.0,143700000.0,1177.9100341796875,1210.0799560546875,4228070000.0,89.1900634765625,4.22,0.09,2.19,4.37,0.01,409000.0,0.1,0.22,-0.0985,20.782,0.97,5.4,8349.2114,85.06,3.53,1605.613,3.12,3.44,3.25,3723000.0,1267.7208
2011-09-05,11240.259765625,2999.5400390625,5102.60009765625,5246.18017578125,12602.400390625,19616.400390625,2480.330078125,8784.4599609375,174660000.0,210686000.0,788821300.0,202455700.0,180309700.0,1887246000.0,1571530000.0,112100000.0,1203.9000244140625,1173.969970703125,4401740000.0,94.7999267578125,4.22,0.09,2.17,4.34,0.02,414000.0,0.1,0.2,-0.0557,20.32,0.93,5.4,8357.1912,88.07,3.52,1611.435,3.11,3.39,3.25,3759000.0,1269.9712
2011-09-12,11061.1201171875,2854.81005859375,5129.60009765625,5072.330078125,12148.7998046875,19030.5390625,2495.090087890625,8535.669921875,197160000.0,267001600.0,1009065300.0,265139600.0,212100900.0,1900551400.0,1980350000.0,126700000.0,1153.5,1162.27001953125,5168550000.0,94.7999267578125,4.12,0.08,1.99,4.11,0.02,429000.0,0.12,0.2,-0.02216,20.192,0.87,5.24,8356.5113,87.91,3.3,1615.771,2.9,3.33,3.25,3758000.0,1270.3363
2011-09-19,11401.009765625,2940.0,5259.60009765625,5415.91015625,12172.0,18917.94921875,2612.830078125,8864.16015625,157580000.0,176380200.0,721392700.0,161284400.0,158446000.0,1576185200.0,1891770000.0,143300000.0,1214.989990234375,1204.0899658203125,4254190000.0,83.9901123046875,4.09,0.09,2.03,4.14,0.01,422000.0,0.1,0.2,0.00124,13.766,0.91,5.33,8380.2838,88.93,3.32,1617.86,2.92,3.3,3.25,3747000.0,1269.0621
2011-09-26,11043.8603515625,2859.340087890625,5089.39990234375,5345.56005859375,11707.2001953125,17407.80078125,2516.68994140625,8374.1298828125,225620000.0,202905000.0,1039397000.0,211131700.0,261487400.0,3000657200.0,1982710000.0,159000000.0,1136.9100341796875,1162.949951171875,4762830000.0,106.1700439453125,4.09,0.09,1.87,3.98,0.01,406000.0,0.1,0.2,0.01724,64.915,0.85,5.18,8384.256,83.65,3.02,1567.602,2.68,3.29,3.25,3707000.0,1269.4088
2011-10-03,10655.2998046875,2926.830078125,5075.5,5502.02001953125,11251.7998046875,16822.150390625,2335.830078125,8545.48046875,242870000.0,161438000.0,774952000.0,179771300.0,230269900.0,3227049200.0,2547690000.0,143700000.0,1131.2099609375,1099.22998046875,5670340000.0,96.93994140625,4.01,0.08,1.97,4.06,0.02,405000.0,0.11,0.26,0.0197,55.718,0.96,5.31,8389.1415,81.18,3.02,1576.801,2.74,3.28,3.25,3697000.0,1269.8258
2011-10-10,11433.1796875,3161.469970703125,5399.0,5847.2900390625,11588.400390625,17711.060546875,2566.050048828125,8605.6201171875,144270000.0,138238600.0,611583700.0,147424500.0,198453900.0,1782360800.0,1574750000.0,122400000.0,1158.1500244140625,1194.8900146484375,4446800000.0,120.1400146484375,3.94,0.07,1.93,3.91,0.01,410000.0,0.11,0.27,0.00749,43.655,0.96,5.26,8395.4639,79.43,2.88,1604.285,2.63,3.26,3.25,3731000.0,1272.0779
2011-10-17,11397.0,3166.06005859375,5436.7001953125,5859.43017578125,11923.0,18873.990234375,2614.919921875,8879.599609375,140360000.0,155771600.0,720599700.0,177500100.0,158833700.0,1626920400.0,1675210000.0,95900000.0,1224.469970703125,1200.8599853515625,4300700000.0,74.3499755859375,4.12,0.07,2.22,4.09,0.02,395000.0,0.11,0.3,-0.01989,21.906,1.14,5.52,8366.904,85.35,3.17,1624.516,2.92,3.37,3.25,3704000.0,1275.7488
2011-10-24,11913.6201171875,3220.4599609375,5548.10009765625,6055.27001953125,12162.2998046875,18771.8203125,2699.43994140625,8843.98046875,161870000.0,127798000.0,677461300.0,143511200.0,231505100.0,1951463600.0,1884450000.0,97300000.0,1238.719970703125,1254.18994140625,4309380000.0,65.070068359375,4.11,0.07,2.2,3.98,0.03,403000.0,0.12,0.28,-0.04623,43.403,1.07,5.41,8349.3237,86.82,3.18,1600.008,2.92,3.38,3.25,3699000.0,1279.4381
2011-10-31,11955.009765625,3242.840087890625,5544.2001953125,6141.33984375,12252.099609375,19864.869140625,2684.409912109375,8988.3896484375,185790000.0,162597600.0,1079784300.0,173799700.0,290368400.0,1747618800.0,1772560000.0,133800000.0,1284.9599609375,1253.300048828125,4310210000.0,77.27001953125,4.1,0.07,2.28,3.97,0.02,399000.0,0.12,0.29,-0.06483,64.369,1.11,5.36,8383.1742,92.32,3.29,1568.317,3.02,3.38,3.25,3677000.0,1283.3231
2011-11-07,12068.3896484375,3103.60009765625,5510.7998046875,5928.68017578125,12462.0,19677.890625,2695.25,8767.08984375,122110000.0,206315000.0,730611300.0,158207000.0,205585800.0,1619993100.0,1712700000.0,100000000.0,1253.2099609375,1261.1199951171875,3429740000.0,71.659912109375,4.0,0.08,2.07,3.84,0.01,392000.0,0.12,0.23,-0.06406,57.775,0.91,5.11,8408.8089,93.24,3.07,1571.93,2.8,3.31,3.25,3603000.0,1290.5969
2011-11-14,12078.98046875,3108.949951171875,5519.0,5985.02001953125,12224.2001953125,19508.1796875,2657.219970703125,8603.7001953125,119610000.0,131608000.0,687675200.0,133941600.0,136413000.0,1683768000.0,1401710000.0,104300000.0,1263.8499755859375,1251.780029296875,3219680000.0,50.9100341796875,3.99,0.08,2.05,3.88,0.01,383000.0,0.1,0.25,-0.04873,37.029,0.9,5.12,8390.519,96.97,3.08,1568.521,2.79,3.3,3.25,3676000.0,1292.1184
2011-11-21,11547.3095703125,2894.93994140625,5222.60009765625,5606.0,11784.7001953125,18225.849609375,2523.139892578125,8348.26953125,170960000.0,140566000.0,952410000.0,182778300.0,196256000.0,1367022700.0,2048520000.0,89900000.0,1215.6199951171875,1192.97998046875,4050070000.0,83.8199462890625,4.0,0.08,2.02,3.89,0.01,385000.0,0.11,0.26,-0.02629,29.786,0.91,5.16,8402.6963,99.32,3.04,1583.716,2.73,3.31,3.25,3739000.0,1293.2713
2011-11-28,11523.009765625,3012.929931640625,5312.7998046875,5745.330078125,11640.2001953125,18037.810546875,2527.340087890625,8287.490234375,204950000.0,162111800.0,897909200.0,172618500.0,186585700.0,1142332600.0,1626060000.0,102300000.0,1158.6700439453125,1192.550048828125,3920750000.0,102.4599609375,3.98,0.08,1.94,3.81,0.02,397000.0,0.12,0.27,-0.00609,44.347,0.91,5.11,8393.709,96.89,2.9,1505.201,2.6,3.3,3.25,3592000.0,1292.3917
2011-12-05,12097.830078125,3201.280029296875,5568.0,6106.08984375,12119.2998046875,19179.689453125,2655.760009765625,8695.98046875,153830000.0,135224000.0,900658000.0,201034200.0,188982300.0,1604780700.0,1686660000.0,91300000.0,1244.3299560546875,1257.0799560546875,4148060000.0,108.0699462890625,4.0,0.08,2.04,4.0,0.02,387000.0,0.13,0.26,-0.0029,43.77,0.94,5.28,8404.8392,99.91,3.02,1520.197,2.72,3.3,3.25,3595000.0,1293.7478
2011-12-12,12021.3896484375,3089.590087890625,5427.89990234375,5785.43017578125,11907.900390625,18575.66015625,2612.260009765625,8653.8203125,149050000.0,128300800.0,801332300.0,153575100.0,223748700.0,1167983200.0,1572600000.0,101000000.0,1255.050048828125,1236.469970703125,3600570000.0,39.81005859375,3.99,0.08,2.04,4.02,0.01,368000.0,0.11,0.24,-0.01226,28.282,0.9,5.3,8412.1921,100.08,3.05,1546.608,2.74,3.27,3.25,3543000.0,1297.7451
2011-12-19,11766.259765625,2974.199951171875,5365.0,5670.7099609375,11539.7001953125,18070.2109375,2523.139892578125,8296.1201171875,135170000.0,107024600.0,632321300.0,102012000.0,200565700.0,1392940100.0,1560110000.0,95000000.0,1219.739990234375,1205.3499755859375,3659820000.0,55.8800048828125,3.94,0.07,1.94,3.92,0.01,368000.0,0.11,0.25,-0.03153,21.484,0.85,5.2,8435.4655,96.06,2.95,1601.495,2.63,3.21,3.25,3588000.0,1301.4121
2011-12-26,12294.0,3102.090087890625,5512.7001953125,5878.93017578125,11926.7001953125,18629.169921875,2618.639892578125,8479.33984375,80420000.0,57720200.0,204750100.0,54220100.0,122283600.0,965404400.0,960940000.0,61400000.0,1254.0,1265.3299560546875,2233830000.0,63.050048828125,3.91,0.07,1.95,3.88,0.01,386000.0,0.12,0.27,-0.06,112.404,0.9,5.24,8403.5463,97.74,2.95,1509.961,2.63,3.21,3.25,3575000.0,1304.7316
2012-01-02,12217.5595703125,3159.81005859375,5572.2998046875,6075.52001953125,11955.099609375,18434.390625,2605.14990234375,8455.349609375,96670000.0,61300800.0,188110800.0,90828400.0,94681700.0,837154800.0,1056790000.0,57600000.0,1262.8199462890625,1257.5999755859375,2271850000.0,63.050048828125,3.95,0.08,1.94,3.83,0.02,376000.0,0.12,0.28,-0.09653,98.652,0.9,5.21,8435.5761,99.81,2.94,1534.135,2.62,3.24,3.25,3566000.0,1307.8937
2012-01-09,12392.6904296875,3127.68994140625,5612.2998046875,6017.22998046875,12196.7001953125,18865.720703125,2676.56005859375,8390.349609375,122200000.0,96976800.0,785646100.0,110946100.0,149905200.0,1380951700.0,1768080000.0,101300000.0,1277.8299560546875,1280.699951171875,3371600000.0,63.050048828125,3.91,0.05,1.99,3.87,0.02,391000.0,0.12,0.26,-0.14109,87.058,0.88,5.27,8488.53,102.39,3.02,1564.841,2.71,3.23,3.25,3421000.0,1311.5997
2012-01-16,12422.0595703125,3225.0,5657.39990234375,6220.009765625,12258.599609375,19012.19921875,2710.669921875,8378.3603515625,161470000.0,91678800.0,672822900.0,108072300.0,948000.0,1354845900.0,1655960000.0,76500000.0,1294.8199462890625,1289.0899658203125,3692370000.0,31.5599365234375,3.89,0.07,1.95,3.85,0.02,367000.0,0.11,0.24,-0.1936,78.263,0.83,5.21,8484.215,100.43,2.98,1572.456,2.66,3.16,3.25,3511000.0,1315.4292
2012-01-23,12708.8203125,3338.419921875,5782.60009765625,6436.6201171875,12521.7001953125,20110.369140625,2784.169921875,8765.900390625,149860000.0,150082800.0,852459600.0,270707700.0,207744000.0,1966388400.0,1652940000.0,119900000.0,1315.2900390625,1316.0,3770910000.0,31.5599365234375,3.88,0.09,1.96,3.83,0.04,381000.0,0.11,0.24,-0.24886,78.069,0.85,5.2,8457.2055,99.95,3.0,1593.378,2.68,3.17,3.25,3419000.0,1317.3621
2012-01-30,12653.7197265625,3265.639892578125,5671.10009765625,6444.4501953125,12436.400390625,20160.41015625,2811.93994140625,8793.0498046875,130430000.0,141927600.0,778100000.0,140511800.0,187569700.0,2136671200.0,1668970000.0,98100000.0,1316.1600341796875,1313.010009765625,3659010000.0,32.97998046875,3.98,0.09,2.01,3.9,0.05,372000.0,0.12,0.23,-0.30011,111.236,0.84,5.29,8479.5489,99.35,3.12,1529.646,2.77,3.24,3.25,3454000.0,1321.4535
2012-02-06,12845.1298828125,3405.27001953125,5892.2001953125,6764.830078125,12559.900390625,20709.939453125,2901.989990234375,8929.2001953125,108040000.0,120660200.0,828464600.0,123043000.0,147979100.0,1900864400.0,1684490000.0,143200000.0,1344.3199462890625,1344.3299560546875,3379700000.0,44.8499755859375,3.87,0.09,1.88,3.8,0.07,368000.0,0.13,0.23,-0.3389,117.554,0.73,5.13,8555.5586,97.8,3.02,1572.71,2.66,3.14,3.25,3391000.0,1340.0045
2012-02-13,12874.0400390625,3384.550048828125,5905.7001953125,6738.47021484375,12398.7001953125,20887.400390625,2931.389892578125,8999.1796875,112240000.0,147394200.0,641643100.0,140972200.0,193319800.0,1515547500.0,1619980000.0,126800000.0,1343.06005859375,1351.77001953125,3618040000.0,28.1099853515625,3.87,0.11,1.99,3.89,0.09,361000.0,0.15,0.26,-0.3636,87.962,0.81,5.17,8558.548,98.56,3.13,1600.651,2.77,3.16,3.25,3362000.0,1340.3318
2012-02-20,12949.8701171875,3472.5400390625,5945.2998046875,6948.25,12458.2998046875,21424.7890625,2951.780029296875,9485.08984375,234650000.0,139267800.0,723669700.0,131240500.0,187916900.0,1855260400.0,1973900000.0,169300000.0,1358.06005859375,1361.22998046875,3717640000.0,26.050048828125,3.87,0.12,1.97,3.84,0.11,359000.0,0.17,0.29,-0.37572,58.049,0.84,5.15,8554.796,101.73,3.12,1634.172,2.76,3.16,3.25,3382000.0,1346.3305
2012-02-27,12981.509765625,3441.449951171875,5915.60009765625,6849.60009765625,12700.400390625,21217.859375,2966.159912109375,9633.9296875,143530000.0,122436800.0,966771100.0,168648200.0,150056800.0,1610982000.0,1763650000.0,177100000.0,1365.199951171875,1367.5899658203125,3648890000.0,26.050048828125,3.95,0.09,2.01,3.85,0.09,365000.0,0.17,0.31,-0.38492,55.795,0.89,5.15,8542.2382,107.18,3.15,1621.626,2.79,3.19,3.25,3392000.0,1344.2121
2012-03-05,12962.8095703125,3487.5400390625,5874.7998046875,6866.4599609375,12524.0,21265.310546875,2950.47998046875,9698.58984375,108630000.0,119496400.0,873447200.0,169816400.0,187668100.0,1255361600.0,1679030000.0,132600000.0,1369.5899658203125,1364.3299560546875,3429480000.0,23.1199951171875,3.9,0.09,1.97,3.82,0.09,375000.0,0.18,0.3,-0.3971,39.475,0.86,5.08,8576.367,107.52,3.09,1607.919,2.74,3.17,3.25,3367000.0,1348.0402
2012-03-12,12959.7099609375,3490.06005859375,5892.7998046875,6901.35009765625,12428.0,21134.1796875,2983.659912109375,9889.8603515625,100000000.0,126652200.0,800492000.0,126636600.0,192770600.0,1130190800.0,1341660000.0,153500000.0,1370.780029296875,1371.0899658203125,3081870000.0,34.72998046875,3.88,0.11,2.0,3.88,0.08,369000.0,0.18,0.31,-0.41025,36.963,0.87,5.11,8583.5639,106.32,3.14,1591.922,2.78,3.13,3.25,3353000.0,1346.3976
2012-03-19,13239.1298828125,3577.8798828125,5961.10009765625,7154.22021484375,12479.7001953125,21317.849609375,3078.320068359375,10141.990234375,147120000.0,118717800.0,951065300.0,144660200.0,183863600.0,1537009700.0,1548400000.0,135100000.0,1404.1700439453125,1409.75,3932570000.0,48.030029296875,3.92,0.12,2.21,4.05,0.09,368000.0,0.2,0.36,-0.42403,41.816,1.06,5.28,8630.0087,106.15,3.34,1579.394,3.0,3.16,3.25,3342000.0,1347.3331
2012-03-26,13241.6298828125,3501.97998046875,5902.7001953125,7079.22998046875,12574.7998046875,20668.859375,3122.570068359375,10018.240234375,122080000.0,110539600.0,722858600.0,121408800.0,220257800.0,1433061700.0,1627520000.0,126600000.0,1397.1099853515625,1416.510009765625,3576950000.0,29.7099609375,4.08,0.15,2.32,4.09,0.09,363000.0,0.2,0.39,-0.43165,102.488,1.16,5.34,8602.9443,106.41,3.4,1523.382,3.07,3.3,3.25,3336000.0,1349.6783
2012-04-02,13264.490234375,3462.909912109375,5874.89990234375,7056.64990234375,12507.099609375,20522.259765625,3119.699951171875,10109.8701171875,108790000.0,157446000.0,886248600.0,137223700.0,219843600.0,1073392500.0,1768210000.0,151900000.0,1408.469970703125,1419.0400390625,3572010000.0,35.510009765625,3.99,0.14,2.22,4.0,0.08,358000.0,0.18,0.34,-0.42895,84.043,1.05,5.25,8596.3138,105.12,3.31,1526.338,2.97,3.23,3.25,3286000.0,1354.7874
2012-04-09,12929.58984375,3319.81005859375,5723.7001953125,6775.259765625,12018.5,20593.0,3047.080078125,9546.259765625,105580000.0,181386200.0,905682000.0,197220400.0,124048600.0,1406878200.0,1371140000.0,111600000.0,1397.449951171875,1382.199951171875,3468980000.0,30.8199462890625,3.98,0.12,2.21,4.03,0.08,387000.0,0.19,0.34,-0.41736,54.899,1.02,5.29,8650.0221,103.52,3.33,1548.61,2.98,3.21,3.25,3325000.0,1361.9747
2012-04-16,12921.41015625,3205.280029296875,5666.2998046875,6625.18994140625,12037.599609375,20610.640625,2988.39990234375,9470.6396484375,120990000.0,184440000.0,1101926600.0,169859600.0,193236800.0,5036283200.0,1594320000.0,113000000.0,1370.27001953125,1369.5699462890625,3574780000.0,30.8199462890625,3.88,0.14,2.04,3.94,0.09,381000.0,0.18,0.29,-0.39983,45.289,0.88,5.19,8638.6049,102.55,3.17,1550.552,2.81,3.11,3.25,3355000.0,1367.9481
2012-04-23,12927.169921875,3098.3701171875,5665.60009765625,6523.0,11989.0,20624.390625,2970.449951171875,9542.169921875,139370000.0,198135600.0,777185500.0,197032800.0,171223100.0,1192054100.0,1767360000.0,101500000.0,1378.530029296875,1366.93994140625,3654860000.0,33.969970703125,3.9,0.15,2.0,3.93,0.08,387000.0,0.18,0.27,-0.38157,53.427,0.86,5.15,8612.27,103.15,3.13,1562.988,2.76,3.13,3.25,3316000.0,1368.055
2012-04-30,13213.6298828125,3212.800048828125,5737.7998046875,6761.18994140625,12292.7001953125,21094.2109375,3046.360107421875,9520.8896484375,127870000.0,149105600.0,784967000.0,113632800.0,169650200.0,1353087200.0,1633170000.0,165500000.0,1403.260009765625,1397.9100341796875,3574010000.0,47.8499755859375,3.88,0.13,1.98,3.95,0.09,372000.0,0.18,0.26,-0.36043,78.498,0.84,5.15,8662.1532,103.78,3.12,1539.135,2.74,3.12,3.25,3296000.0,1371.0772
2012-05-07,13008.5302734375,3214.219970703125,5655.10009765625,6569.47998046875,11860.7001953125,20536.650390625,2957.760009765625,9119.1396484375,110080000.0,172284600.0,1013188100.0,136812500.0,162633000.0,2201041600.0,1740430000.0,133000000.0,1368.7900390625,1369.5799560546875,3559390000.0,51.3800048828125,3.84,0.14,1.95,3.95,0.09,373000.0,0.19,0.27,-0.33508,120.748,0.82,5.15,8674.2658,103.47,3.12,1492.46,2.72,3.07,3.25,3326000.0,1371.3131
2012-05-14,12695.349609375,3057.989990234375,5465.5,6451.97021484375,11488.5,19735.0390625,2902.580078125,8973.83984375,143190000.0,168076400.0,883929300.0,128710200.0,182843700.0,1730108400.0,1683460000.0,112700000.0,1351.9300537109375,1338.3499755859375,3688120000.0,54.9000244140625,3.83,0.16,1.88,3.87,0.1,369000.0,0.18,0.27,-0.30234,113.232,0.77,5.08,8674.2726,96.98,3.04,1497.049,2.63,3.05,3.25,3334000.0,1374.3009
2012-05-21,12504.48046875,3027.14990234375,5304.5,6331.0400390625,11280.599609375,18922.3203125,2847.2099609375,8633.8896484375,142110000.0,156823200.0,914314900.0,126851500.0,213164400.0,1236217100.0,1870420000.0,110800000.0,1295.72998046875,1315.989990234375,3786750000.0,73.6800537109375,3.79,0.15,1.74,3.72,0.09,371000.0,0.2,0.3,-0.2647,99.876,0.74,4.98,8680.2014,93.11,2.87,1501.657,2.46,3.04,3.25,3301000.0,1376.0246
2012-05-28,12454.830078125,3042.969970703125,5351.5,6323.18994140625,11566.2001953125,18800.990234375,2837.530029296875,8593.150390625,93000000.0,80145000.0,734363700.0,89964800.0,826400.0,1267920400.0,1282680000.0,97000000.0,1320.81005859375,1317.8199462890625,2872660000.0,36.510009765625,3.78,0.16,1.76,3.76,0.09,381000.0,0.21,0.29,-0.23177,90.083,0.76,5.09,8676.0878,90.88,2.84,1513.16,2.44,3.04,3.25,3351000.0,1380.927
2012-06-04,12101.4599609375,2954.489990234375,5260.2001953125,5978.22998046875,11335.7998046875,18185.58984375,2760.010009765625,8295.6298828125,126440000.0,145514000.0,1056087800.0,111329900.0,191437400.0,1607428300.0,1755750000.0,126800000.0,1278.2900390625,1278.1800537109375,4011960000.0,36.510009765625,3.75,0.15,1.61,3.65,0.08,377000.0,0.19,0.27,-0.20797,67.804,0.69,5.0,8639.2578,87.06,2.69,1522.91,2.29,2.97,3.25,3327000.0,1383.8081
2012-06-11,12411.23046875,3042.760009765625,5432.39990234375,6141.0498046875,11401.7998046875,18953.630859375,2809.72998046875,8624.900390625,121060000.0,223674000.0,950512200.0,159994200.0,145427900.0,1527709500.0,1480220000.0,108900000.0,1325.719970703125,1308.9300537109375,3537530000.0,68.780029296875,3.67,0.16,1.61,3.67,0.09,383000.0,0.18,0.26,-0.20001,60.763,0.7,5.03,8735.7754,84.43,2.69,1527.474,2.29,2.94,3.25,3343000.0,1393.2233
2012-06-18,12741.8203125,3066.18994140625,5491.10009765625,6248.2001953125,11601.099609375,19427.810546875,2895.330078125,8721.01953125,111280000.0,207724400.0,879532400.0,176317400.0,240210700.0,1581595100.0,1586190000.0,109800000.0,1342.4200439453125,1344.780029296875,3259430000.0,41.5999755859375,3.71,0.17,1.62,3.67,0.1,384000.0,0.18,0.29,-0.20999,41.885,0.71,5.05,8745.4811,83.27,2.72,1549.83,2.32,2.98,3.25,3323000.0,1394.544
2012-06-25,12502.66015625,3021.639892578125,5450.7001953125,6132.39013671875,11330.400390625,18897.44921875,2836.159912109375,8734.6201171875,134090000.0,153082200.0,716161000.0,136466500.0,124803000.0,1133257000.0,1514430000.0,92800000.0,1334.9000244140625,1313.719970703125,3501820000.0,54.18994140625,3.66,0.17,1.64,3.64,0.09,380000.0,0.19,0.31,-0.23223,114.746,0.73,5.02,8707.2566,81.11,2.71,1496.509,2.32,2.95,3.25,3325000.0,1400.2354
2012-07-02,12871.3896484375,3240.199951171875,5640.60009765625,6496.080078125,11596.599609375,19441.4609375,2951.22998046875,9003.48046875,109640000.0,214002000.0,696936400.0,162075500.0,227388800.0,2039720800.0,1845240000.0,99700000.0,1362.3299560546875,1365.510009765625,3301650000.0,57.0799560546875,3.66,0.17,1.64,3.6,0.09,372000.0,0.21,0.31,-0.2573,129.149,0.72,5.0,8742.5919,80.23,2.71,1461.231,2.33,2.94,3.25,3304000.0,1399.4915
2012-07-09,12736.2900390625,3156.800048828125,5627.2998046875,6387.56982421875,11634.7001953125,19428.08984375,2931.77001953125,8896.8798828125,100150000.0,128499200.0,682352500.0,117895900.0,127930500.0,1440446900.0,1455500000.0,92100000.0,1354.6600341796875,1352.4599609375,2904860000.0,65.5400390625,3.62,0.13,1.61,3.6,0.09,360000.0,0.2,0.29,-0.2821,100.829,0.67,5.03,8790.3475,85.74,2.7,1500.156,2.32,2.89,3.25,3314000.0,1406.8793
2012-07-16,12727.2099609375,3179.89990234375,5662.39990234375,6565.72021484375,11521.2001953125,19121.33984375,2896.93994140625,8724.1201171875,93500000.0,121651800.0,569289800.0,99841300.0,134885500.0,1095972800.0,1414470000.0,122800000.0,1356.5,1353.6400146484375,2862720000.0,41.679931640625,3.56,0.17,1.52,3.44,0.1,390000.0,0.2,0.26,-0.3033,86.4,0.63,4.9,8785.5066,85.78,2.59,1514.001,2.21,2.86,3.25,3307000.0,1409.1694
2012-07-23,12721.4599609375,3101.530029296875,5533.89990234375,6419.330078125,11545.5,19053.470703125,2890.14990234375,8508.3203125,137760000.0,204753200.0,691607200.0,217161600.0,198814900.0,1256215800.0,1607140000.0,103300000.0,1362.3399658203125,1350.52001953125,3717180000.0,45.5799560546875,3.53,0.18,1.52,3.37,0.09,368000.0,0.18,0.23,-0.32278,63.021,0.61,4.85,8772.1042,90.34,2.58,1543.311,2.2,2.83,3.25,3290000.0,1413.8613
2012-07-30,13073.009765625,3320.7099609375,5693.60009765625,6774.06005859375,11757.900390625,19585.400390625,2945.840087890625,8635.4404296875,91730000.0,176840200.0,648632900.0,138641400.0,148418600.0,1452095200.0,1483990000.0,112000000.0,1385.93994140625,1385.300048828125,3212060000.0,62.5,3.49,0.14,1.47,3.26,0.1,372000.0,0.17,0.23,-0.34048,45.537,0.59,4.77,8846.7756,88.88,2.51,1551.501,2.15,2.8,3.25,3312000.0,1416.1762
2012-08-06,13117.509765625,3401.56005859375,5808.7998046875,6918.72021484375,11662.599609375,19998.720703125,2989.909912109375,8726.2900390625,84270000.0,143402200.0,613098000.0,118895200.0,125813000.0,1437034800.0,1528260000.0,113000000.0,1391.0400390625,1394.22998046875,3122050000.0,44.97998046875,3.55,0.14,1.54,3.31,0.1,371000.0,0.17,0.24,-0.36036,42.102,0.62,4.8,8828.1293,89.1,2.59,1561.819,2.24,2.83,3.25,3302000.0,1421.3657
2012-08-13,13169.4296875,3426.409912109375,5831.89990234375,6909.68017578125,11838.2998046875,20081.359375,3022.52001953125,8885.150390625,67550000.0,88928400.0,410230200.0,107657700.0,126550000.0,990601400.0,1353380000.0,72100000.0,1405.8699951171875,1404.1099853515625,2499990000.0,41.6900634765625,3.59,0.14,1.65,3.45,0.11,369000.0,0.18,0.27,-0.38008,35.622,0.71,4.89,8864.3689,93.14,2.73,1553.199,2.36,2.84,3.25,3296000.0,1426.549
2012-08-20,13271.6396484375,3480.580078125,5824.39990234375,7033.68017578125,12076.0,20104.26953125,3076.2099609375,9171.16015625,87590000.0,114608000.0,692842000.0,108628900.0,106624300.0,1020566200.0,1451550000.0,91300000.0,1417.8499755859375,1418.1300048828125,2766320000.0,23.0899658203125,3.62,0.13,1.76,3.59,0.1,376000.0,0.19,0.28,-0.39961,28.398,0.78,5.02,8874.4817,94.43,2.87,1555.394,2.49,2.88,3.25,3306000.0,1424.4637
2012-08-27,13124.669921875,3462.830078125,5776.60009765625,7047.4501953125,12048.7998046875,19798.669921875,3073.18994140625,9085.3896484375,96070000.0,79701800.0,487763900.0,87025900.0,95743100.0,1211797900.0,1383530000.0,79500000.0,1411.1300048828125,1410.43994140625,2472500000.0,28.6400146484375,3.66,0.13,1.74,3.54,0.11,377000.0,0.19,0.28,-0.41833,24.038,0.75,4.96,8877.8741,96.22,2.85,1511.753,2.47,2.89,3.25,3321000.0,1425.9512
2012-09-03,13090.83984375,3453.7099609375,5758.39990234375,7014.830078125,11949.2998046875,19559.2109375,3066.9599609375,8783.8896484375,119780000.0,77359400.0,394561500.0,85292000.0,159477500.0,1166337700.0,1394760000.0,123400000.0,1400.0699462890625,1406.5799560546875,2938250000.0,19.1600341796875,3.59,0.13,1.63,3.41,0.1,371000.0,0.17,0.26,-0.4354,25.194,0.67,4.83,8876.1992,95.68,2.74,1502.317,2.35,2.86,3.25,3327000.0,1425.9345
2012-09-10,13254.2900390625,3506.050048828125,5793.2001953125,7213.7001953125,12215.400390625,19827.169921875,3104.02001953125,8869.3701171875,123810000.0,139082000.0,672891000.0,156719400.0,148466200.0,3198134800.0,1575370000.0,111800000.0,1437.9200439453125,1429.0799560546875,3223670000.0,19.1600341796875,3.55,0.14,1.64,3.43,0.11,393000.0,0.17,0.25,-0.45353,30.048,0.64,4.82,8920.9122,95.68,2.75,1518.165,2.36,2.86,3.25,3312000.0,1430.7122
2012-09-17,13553.099609375,3553.68994140625,5893.5,7403.68994140625,12446.900390625,20658.109375,3178.669921875,9159.3896484375,128020000.0,142076400.0,691683900.0,157752200.0,162684000.0,1548748900.0,1485390000.0,198000000.0,1465.4200439453125,1461.18994140625,3482430000.0,45.530029296875,3.55,0.15,1.76,3.55,0.1,392000.0,0.18,0.25,-0.47385,47.019,0.68,4.94,8906.214,97.56,2.93,1505.899,2.52,2.85,3.25,3316000.0,1430.825
2012-09-24,13558.919921875,3497.219970703125,5838.7998046875,7413.16015625,12313.5,20694.69921875,3160.780029296875,9069.2900390625,120370000.0,106334400.0,736974100.0,127430200.0,145955300.0,977714200.0,1704860000.0,105900000.0,1459.760009765625,1456.8900146484375,3008920000.0,24.530029296875,3.49,0.16,1.81,3.55,0.11,377000.0,0.18,0.26,-0.49328,64.716,0.7,4.88,8900.6972,93.7,2.98,1453.315,2.6,2.77,3.25,3308000.0,1430.9618
2012-10-01,13515.1103515625,3434.97998046875,5820.5,7326.72998046875,12370.2001953125,20840.380859375,3113.530029296875,8796.509765625,106120000.0,161579200.0,690293800.0,126099600.0,156969800.0,1403623200.0,1758170000.0,99100000.0,1440.9000244140625,1444.489990234375,3505080000.0,36.5399169921875,3.4,0.15,1.68,3.4,0.1,376000.0,0.17,0.26,-0.51035,73.239,0.65,4.72,8942.9348,91.35,2.84,1424.89,2.45,2.73,3.25,3309000.0,1439.5557
2012-10-08,13583.650390625,3406.530029296875,5841.7001953125,7291.2099609375,12419.0,20824.560546875,3112.35009765625,8863.2998046875,71300000.0,123548600.0,492224100.0,121129000.0,130588700.0,1350069800.0,1186260000.0,112100000.0,1460.9300537109375,1455.8800048828125,2328720000.0,35.3599853515625,3.36,0.13,1.67,3.44,0.1,350000.0,0.17,0.24,-0.52437,83.297,0.63,4.69,8982.9128,90.81,2.86,1446.881,2.45,2.69,3.25,3295000.0,1442.848
2012-10-15,13424.23046875,3420.280029296875,5805.60009765625,7261.25,12230.0,21148.25,3064.179931640625,8577.9296875,114880000.0,125729400.0,695435700.0,128055300.0,109713800.0,1352365700.0,1563440000.0,126900000.0,1428.75,1440.1300048828125,3483810000.0,45.429931640625,3.39,0.15,1.71,3.44,0.1,386000.0,0.18,0.27,-0.53191,65.845,0.67,4.6,8969.691,91.42,2.88,1469.565,2.47,2.7,3.25,3302000.0,1448.3955
2012-10-22,13345.8896484375,3483.25,5882.89990234375,7328.0498046875,12403.5,21697.55078125,3016.9599609375,9010.7099609375,121880000.0,134746600.0,540270400.0,100695100.0,155419800.0,1466782700.0,1654130000.0,118300000.0,1433.2099609375,1433.8199462890625,3216220000.0,41.9599609375,3.37,0.16,1.79,3.5,0.1,374000.0,0.18,0.29,-0.53412,58.473,0.74,4.55,8977.7559,91.59,2.94,1483.095,2.55,2.66,3.25,3285000.0,1449.3633
2012-10-29,13107.2099609375,3408.889892578125,5795.10009765625,7203.16015625,12312.7998046875,21511.05078125,2987.949951171875,8929.33984375,134640000.0,101421800.0,432888800.0,70905700.0,777400.0,1430951700.0,1839700000.0,97300000.0,1412.969970703125,1411.93994140625,3284910000.0,60.739990234375,3.41,0.16,1.81,3.5,0.11,364000.0,0.19,0.3,-0.53074,62.738,0.78,4.54,8985.4343,86.35,2.94,1477.35,2.56,2.72,3.25,3223000.0,1447.9596
2012-11-05,13112.4404296875,3448.5,5839.10009765625,7326.47021484375,12352.7998046875,22006.400390625,2999.659912109375,9007.4404296875,95350000.0,103696800.0,565871300.0,78945900.0,131371800.0,1165502600.0,1496210000.0,101400000.0,1414.02001953125,1417.260009765625,2921040000.0,60.739990234375,3.39,0.17,1.74,3.44,0.11,365000.0,0.18,0.3,-0.52704,53.905,0.73,4.49,9053.3368,85.87,2.88,1494.414,2.49,2.7,3.25,3368000.0,1454.4581
2012-11-12,12815.080078125,3411.64990234375,5767.2998046875,7168.759765625,12191.5,21430.30078125,2904.25,8676.4404296875,62360000.0,105320800.0,654357700.0,118847600.0,106605900.0,922157200.0,1379240000.0,86300000.0,1379.8599853515625,1380.030029296875,2567540000.0,61.239990234375,3.4,0.16,1.68,3.42,0.1,446000.0,0.19,0.28,-0.52448,28.002,0.68,4.46,9086.8914,85.98,2.83,1509.945,2.42,2.69,3.25,3364000.0,1457.6065
2012-11-19,12795.9599609375,3439.580078125,5737.7001953125,7123.83984375,12040.400390625,21262.060546875,2916.070068359375,9153.2001953125,136910000.0,124613000.0,745281500.0,137507800.0,139715500.0,1100673100.0,1767240000.0,143100000.0,1359.8800048828125,1386.8900146484375,3374800000.0,48.0400390625,3.34,0.16,1.59,3.46,0.09,406000.0,0.17,0.25,-0.5249,38.664,0.63,4.46,9132.9596,85.87,2.73,1483.331,2.31,2.65,3.25,3325000.0,1458.4935
2012-11-26,12967.3701171875,3500.93994140625,5786.7001953125,7292.02978515625,12185.099609375,21861.810546875,2976.780029296875,9388.9404296875,114360000.0,107463200.0,601954400.0,83949600.0,127850700.0,1074310800.0,1641710000.0,151500000.0,1409.1500244140625,1406.2900390625,2948960000.0,47.9000244140625,3.31,0.16,1.67,3.57,0.09,388000.0,0.17,0.27,-0.53032,24.433,0.68,4.56,9109.6716,87.4,2.81,1503.622,2.4,2.63,3.25,3248000.0,1460.0728
2012-12-03,12965.599609375,3566.590087890625,5871.2001953125,7435.2099609375,12169.7001953125,21767.849609375,3002.199951171875,9458.1796875,112900000.0,122978400.0,512045500.0,100563700.0,165226000.0,1222931400.0,1667330000.0,110100000.0,1416.3399658203125,1409.4599609375,3074280000.0,38.2999267578125,3.32,0.16,1.63,3.56,0.09,375000.0,0.18,0.26,-0.53746,27.904,0.64,4.56,9104.9185,87.27,2.8,1485.795,2.37,2.64,3.25,3195000.0,1450.7939
2012-12-10,13169.8798828125,3612.10009765625,5921.60009765625,7530.919921875,12230.5,22276.720703125,2986.9599609375,9533.75,118530000.0,106222200.0,463904100.0,101722700.0,182791100.0,1388628000.0,1528430000.0,115200000.0,1418.0699462890625,1418.550048828125,2999430000.0,25.5,3.34,0.16,1.62,3.57,0.1,340000.0,0.18,0.25,-0.54671,33.997,0.62,4.57,9187.734,87.0,2.79,1526.122,2.36,2.67,3.25,3229000.0,1461.8855
2012-12-17,13235.3896484375,3638.10009765625,5912.2001953125,7604.93994140625,12281.400390625,22513.609375,3010.60009765625,9828.8798828125,142980000.0,136648200.0,533505800.0,89699600.0,232325400.0,1451263500.0,1911420000.0,213600000.0,1413.5400390625,1430.3599853515625,3455610000.0,27.68994140625,3.32,0.16,1.69,3.65,0.07,356000.0,0.15,0.25,-0.55839,38.98,0.66,4.63,9202.6721,85.71,2.86,1520.217,2.44,2.66,3.25,3179000.0,1464.6135
2012-12-24,13138.9296875,3661.39990234375,5954.2001953125,7636.22998046875,12370.7998046875,22541.1796875,3012.60009765625,9940.0595703125,47710000.0,274258800.0,149881300.0,208158200.0,56857600.0,560264800.0,614230000.0,256500000.0,1430.1500244140625,1426.6600341796875,1248960000.0,36.1199951171875,3.37,0.17,1.8,3.73,0.06,362000.0,0.15,0.27,-0.57121,54.986,0.76,4.7,9241.2298,88.24,2.97,1517.22,2.56,2.65,3.25,3221000.0,1475.2069
2012-12-31,13104.1396484375,3620.25,5897.7998046875,7612.39013671875,12433.5,22656.919921875,3019.510009765625,10395.1796875,145740000.0,49791000.0,164636500.0,48123600.0,99702000.0,685413000.0,1557230000.0,202800000.0,1402.4300537109375,1426.18994140625,3204330000.0,36.1199951171875,3.35,0.17,1.76,3.65,0.06,362000.0,0.16,0.26,-0.5845,55.563,0.74,4.61,9307.4113,90.14,2.91,1503.482,2.5,2.65,3.25,3127000.0,1482.3564
2013-01-07,13384.2900390625,3704.639892578125,6064.60009765625,7732.66015625,12499.599609375,23329.75,3098.81005859375,10599.009765625,113120000.0,82577200.0,571661700.0,151695400.0,152628800.0,1401515000.0,1702540000.0,187700000.0,1466.469970703125,1461.8900146484375,3304970000.0,69.8299560546875,3.34,0.15,1.87,3.77,0.07,363000.0,0.15,0.27,-0.60069,71.564,0.78,4.71,9325.4736,92.77,3.05,1503.866,2.64,2.64,3.25,3147000.0,1488.8999
2013-01-14,13507.3203125,3708.25,6107.89990234375,7729.52001953125,12603.099609375,23413.259765625,3117.5,10801.5703125,118460000.0,29746400.0,628350000.0,41221300.0,216472400.0,1559383600.0,1876050000.0,236600000.0,1472.050048828125,1470.6800537109375,3003010000.0,21.1099853515625,3.4,0.16,1.9,3.77,0.07,344000.0,0.14,0.26,-0.61509,59.644,0.79,4.7,9257.0336,93.38,3.07,1543.024,2.67,2.66,3.25,3108000.0,1486.0954
2013-01-21,13649.7001953125,3763.030029296875,6181.0,7748.85986328125,12794.2998046875,23590.91015625,3134.7099609375,10747.740234375,260900000.0,57381200.0,401154800.0,71750900.0,971800.0,1104208000.0,1860070000.0,207300000.0,1480.949951171875,1485.97998046875,3795740000.0,24.9599609375,3.38,0.14,1.87,3.76,0.08,339000.0,0.14,0.26,-0.62549,54.02,0.77,4.69,9246.7322,94.58,3.03,1584.948,2.63,2.66,3.25,3138000.0,1481.8394
2013-01-28,13881.9296875,3780.889892578125,6294.39990234375,7833.0,12815.900390625,23671.880859375,3154.300048828125,10824.3095703125,113570000.0,83043200.0,533448800.0,88204100.0,154394900.0,1443566900.0,1935590000.0,198300000.0,1502.9599609375,1500.1800537109375,3388540000.0,24.9599609375,3.42,0.14,1.9,3.77,0.08,366000.0,0.15,0.26,-0.63172,72.207,0.79,4.72,9256.3997,95.41,3.06,1586.337,2.66,2.71,3.25,3138000.0,1483.966
2013-02-04,13880.080078125,3659.909912109375,6246.7998046875,7638.22998046875,12717.599609375,23685.009765625,3131.169921875,11260.349609375,130420000.0,126058600.0,765896900.0,197214700.0,122958000.0,2739062400.0,1874750000.0,354100000.0,1513.1700439453125,1495.7099609375,3390000000.0,19.590087890625,3.53,0.14,2.02,3.91,0.07,361000.0,0.15,0.28,-0.63373,71.127,0.89,4.85,9242.1072,97.33,3.18,1632.732,2.79,2.81,3.25,3075000.0,1486.9052
2013-02-11,13971.240234375,3650.580078125,6277.10009765625,7633.740234375,12748.2001953125,23215.16015625,3192.0,11153.16015625,75090000.0,69192400.0,448134200.0,103660600.0,133824700.0,1825561400.0,1551370000.0,328100000.0,1517.9300537109375,1517.010009765625,2684100000.0,23.2900390625,3.53,0.14,2.0,3.9,0.07,347000.0,0.15,0.26,-0.63314,64.279,0.85,4.86,9268.4888,96.18,3.18,1654.331,2.8,2.77,3.25,3081000.0,1491.8615
2013-02-18,13981.759765625,3667.0400390625,6318.2001953125,7628.72998046875,12686.599609375,23381.939453125,3192.030029296875,11407.8701171875,195670000.0,65821000.0,459974900.0,91570800.0,190267700.0,1033227800.0,1858670000.0,238300000.0,1521.3800048828125,1519.7900390625,3838510000.0,26.199951171875,3.53,0.14,2.01,3.91,0.1,362000.0,0.15,0.28,-0.63357,34.908,0.88,4.86,9272.926,96.95,3.19,1683.304,2.81,2.77,3.25,3036000.0,1490.2351
2013-02-25,13784.169921875,3721.330078125,6355.39990234375,7773.18994140625,12650.900390625,22820.080078125,3116.25,11662.51953125,152190000.0,133442600.0,994472400.0,182462100.0,185360800.0,1074747100.0,1930990000.0,240900000.0,1515.5999755859375,1487.8499755859375,4011050000.0,26.199951171875,3.56,0.15,2.0,3.93,0.13,342000.0,0.17,0.27,-0.63572,24.877,0.87,4.87,9243.5517,94.38,3.18,1667.383,2.8,2.77,3.25,3043000.0,1492.3185
2013-03-04,14127.8203125,3709.760009765625,6345.60009765625,7691.68017578125,12707.400390625,22537.810546875,3182.030029296875,11652.2900390625,110810000.0,98922400.0,704235700.0,83887400.0,161517700.0,2172137600.0,1718290000.0,205200000.0,1518.199951171875,1525.199951171875,3414430000.0,40.8299560546875,3.51,0.15,1.88,3.84,0.12,340000.0,0.17,0.25,-0.63886,43.012,0.77,4.78,9267.3609,92.19,3.09,1683.532,2.7,2.76,3.25,3011000.0,1491.4749
2013-03-11,14447.2900390625,3836.27001953125,6503.60009765625,7984.2900390625,12858.5,23090.8203125,3252.8701171875,12349.0498046875,94880000.0,73777000.0,625234000.0,82983100.0,136221700.0,1292207200.0,1628500000.0,332300000.0,1551.1500244140625,1556.219970703125,3091080000.0,54.7900390625,3.52,0.15,1.96,3.92,0.1,343000.0,0.15,0.25,-0.64431,36.793,0.82,4.85,9285.2008,91.0,3.16,1748.067,2.78,2.76,3.25,3024000.0,1496.6017
2013-03-18,14452.0595703125,3825.469970703125,6457.89990234375,8010.7001953125,12781.7998046875,22083.359375,3237.590087890625,12220.6298828125,119640000.0,122589000.0,748775900.0,130362700.0,196871800.0,2245928400.0,1550510000.0,195900000.0,1560.699951171875,1552.0999755859375,3164560000.0,20.6800537109375,3.63,0.15,2.04,4.0,0.1,343000.0,0.15,0.27,-0.64954,43.0,0.88,4.91,9309.4044,92.7,3.23,1760.956,2.86,2.79,3.25,3028000.0,1497.2487
2013-03-25,14447.75,3727.97998046875,6378.39990234375,7870.89990234375,12680.7001953125,22251.150390625,3235.300048828125,12546.4599609375,124840000.0,131724200.0,768298200.0,157511300.0,185892400.0,1543646900.0,1666010000.0,169900000.0,1556.8900146484375,1551.68994140625,3178170000.0,26.340087890625,3.54,0.16,1.94,3.93,0.07,358000.0,0.15,0.26,-0.65328,71.366,0.8,4.85,9304.3685,93.05,3.16,1753.364,2.77,2.72,3.25,3046000.0,1496.166
2013-04-01,14572.849609375,3731.419921875,6411.7001953125,7795.31005859375,12695.099609375,22299.630859375,3239.169921875,12135.01953125,91400000.0,109480800.0,731507000.0,128175600.0,101529800.0,2203094400.0,1481360000.0,198200000.0,1569.1800537109375,1562.1700439453125,2753110000.0,26.72998046875,3.57,0.15,1.9,3.9,0.08,375000.0,0.14,0.25,-0.65781,68.019,0.78,4.82,9394.0598,96.08,3.12,1776.369,2.73,2.76,3.25,3080000.0,1504.93
2013-04-08,14613.48046875,3666.780029296875,6276.89990234375,7662.64013671875,12344.599609375,21718.05078125,3222.25,13192.58984375,106680000.0,79621800.0,650412500.0,85361000.0,131839800.0,1362666000.0,1323520000.0,313900000.0,1553.260009765625,1563.0699462890625,2887120000.0,26.72998046875,3.54,0.12,1.81,3.82,0.07,359000.0,0.13,0.24,-0.66462,76.144,0.73,4.7,9363.6167,95.07,3.02,1801.101,2.64,2.74,3.25,3076000.0,1503.3441
2013-04-15,14599.2001953125,3710.47998046875,6343.60009765625,7712.6298828125,12004.900390625,21772.669921875,3216.489990234375,13275.66015625,161680000.0,103653000.0,576452100.0,118152700.0,302809200.0,1514316600.0,1779320000.0,321000000.0,1588.8399658203125,1552.3599853515625,4660130000.0,57.8499755859375,3.43,0.15,1.79,3.75,0.07,356000.0,0.12,0.24,-0.67496,58.767,0.72,4.62,9349.3894,93.36,2.96,1843.724,2.58,2.65,3.25,3024000.0,1504.3314
2013-04-22,14567.169921875,3652.1298828125,6280.60009765625,7478.10986328125,12090.7001953125,22044.369140625,3233.550048828125,13568.3701171875,146890000.0,88581400.0,603305900.0,153697200.0,131464000.0,1290323900.0,1628340000.0,246200000.0,1555.25,1562.5,2979880000.0,57.27001953125,3.41,0.15,1.73,3.68,0.06,343000.0,0.12,0.24,-0.68742,82.572,0.71,4.54,9362.961,88.0,2.89,1855.933,2.51,2.64,3.25,3027000.0,1508.8192
2013-04-29,14818.75,3868.679931640625,6458.0,7873.5,12312.7001953125,22580.76953125,3307.02001953125,13884.1298828125,97060000.0,86171400.0,636101000.0,79204300.0,123655900.0,1351365700.0,1594110000.0,248300000.0,1582.3399658203125,1593.6099853515625,2891200000.0,57.25,3.4,0.15,1.73,3.7,0.05,331000.0,0.12,0.23,-0.70237,128.7,0.7,4.53,9354.5997,91.0,2.89,1818.122,2.5,2.61,3.25,3039000.0,1507.1999
2013-05-06,14968.8896484375,3907.0400390625,6521.5,8112.080078125,12453.900390625,22915.08984375,3392.969970703125,13694.0400390625,116160000.0,47146400.0,768857600.0,66147800.0,1430000.0,1327646200.0,1500410000.0,179900000.0,1614.4000244140625,1617.5,3062240000.0,42.2099609375,3.35,0.13,1.7,3.69,0.05,335000.0,0.11,0.21,-0.71524,157.054,0.68,4.52,9384.5871,93.4,2.87,1831.841,2.49,2.56,3.25,3042000.0,1511.5416
2013-05-13,15091.6796875,3945.199951171875,6631.7998046875,8279.2900390625,12529.5,22989.810546875,3438.7900390625,14782.2099609375,94280000.0,75023600.0,560542000.0,85255400.0,1615600.0,1488626800.0,1615510000.0,387200000.0,1632.0999755859375,1633.77001953125,2910600000.0,38.4000244140625,3.42,0.14,1.83,3.81,0.04,360000.0,0.11,0.23,-0.72264,144.071,0.76,4.65,9362.846,95.84,3.02,1853.217,2.63,2.61,3.25,2975000.0,1504.2811
2013-05-20,15335.2802734375,4022.85009765625,6755.60009765625,8455.830078125,12613.0,23493.029296875,3496.429931640625,15360.8095703125,116420000.0,61728800.0,736130700.0,78297000.0,1713800.0,1583330000.0,1745260000.0,368100000.0,1665.7099609375,1666.2900390625,3275080000.0,49.1300048828125,3.51,0.12,1.93,3.91,0.04,343000.0,0.12,0.25,-0.72161,89.999,0.83,4.74,9391.558,94.65,3.14,1917.007,2.74,2.69,3.25,3020000.0,1512.0184
2013-05-27,15303.099609375,3995.159912109375,6654.2998046875,8383.2998046875,12696.400390625,22686.05078125,3459.139892578125,14142.650390625,105660000.0,39186400.0,787892200.0,48707300.0,547000.0,993591200.0,1449210000.0,307400000.0,1646.6700439453125,1649.5999755859375,2758080000.0,51.6500244140625,3.59,0.1,1.99,3.95,0.04,353000.0,0.12,0.26,-0.71127,33.233,0.88,4.78,9402.7553,94.76,3.18,1961.69,2.8,2.77,3.25,3012000.0,1511.0539
2013-06-03,15254.0302734375,3920.669921875,6525.10009765625,8285.7998046875,12609.7998046875,22282.189453125,3465.3701171875,13261.8203125,147980000.0,93646600.0,780013000.0,97748300.0,1688400.0,1550268400.0,2054100000.0,282300000.0,1631.7099609375,1640.4200439453125,3952070000.0,51.6500244140625,3.81,0.09,2.14,4.06,0.05,346000.0,0.14,0.3,-0.69243,13.502,1.03,4.9,9388.801,93.32,3.29,1979.2,2.93,2.98,3.25,2999000.0,1510.2874
2013-06-10,15238.58984375,3864.360107421875,6400.5,8307.6904296875,12382.7001953125,21615.08984375,3473.77001953125,13514.2001953125,94250000.0,67885400.0,597227000.0,75733100.0,1227000.0,1464580800.0,1556520000.0,241400000.0,1644.6700439453125,1642.81005859375,2978730000.0,60.760009765625,3.91,0.09,2.12,4.1,0.05,337000.0,0.14,0.31,-0.66882,30.23,1.04,4.99,9431.8837,94.25,3.28,2018.582,2.93,3.03,3.25,3004000.0,1518.963
2013-06-17,15179.849609375,3863.659912109375,6330.5,8215.73046875,12288.900390625,21225.900390625,3452.1298828125,13033.1201171875,139250000.0,88895600.0,575444200.0,73145700.0,1432800.0,1879428800.0,1581830000.0,171900000.0,1630.6400146484375,1639.0400390625,3137080000.0,40.6199951171875,3.98,0.09,2.2,4.24,0.05,353000.0,0.14,0.32,-0.64532,43.056,1.11,5.11,9447.1165,96.36,3.33,2031.047,3.0,3.1,3.25,2996000.0,1521.7599
2013-06-24,14659.5595703125,3595.6298828125,6029.10009765625,7692.4501953125,11836.900390625,19813.98046875,3320.760009765625,13062.7802734375,158670000.0,133725200.0,864109800.0,121377000.0,1811200.0,2588417600.0,2030960000.0,162500000.0,1588.77001953125,1573.0899658203125,4733660000.0,93.8599853515625,3.93,0.1,2.33,4.33,0.05,347000.0,0.13,0.31,-0.62617,79.129,1.22,5.23,9401.1569,96.65,3.43,1994.315,3.11,3.04,3.25,2962000.0,1519.5176
2013-07-01,14974.9599609375,3767.47998046875,6307.7998046875,7983.919921875,12129.099609375,20803.2890625,3434.489990234375,13852.5,120570000.0,88607000.0,657027100.0,96718600.0,2090800.0,2309679400.0,1586750000.0,172300000.0,1609.780029296875,1614.9599609375,3104690000.0,66.280029296875,4.46,0.1,2.55,4.41,0.06,340000.0,0.16,0.39,-0.61738,97.212,1.44,5.42,9431.0837,95.83,3.56,1981.754,3.26,3.5,3.25,3003000.0,1524.0062
2013-07-08,15224.6904296875,3823.830078125,6450.10009765625,7968.5400390625,12208.900390625,20582.189453125,3484.830078125,14109.33984375,136820000.0,76401000.0,622004000.0,79568700.0,1392800.0,1723942000.0,1521720000.0,220500000.0,1634.199951171875,1640.4599609375,3514590000.0,49.52001953125,4.29,0.09,2.56,4.33,0.04,351000.0,0.15,0.36,-0.6189,118.745,1.45,5.36,9441.5785,100.65,3.53,2023.336,3.25,3.39,3.25,3113000.0,1525.0958
2013-07-15,15484.259765625,3878.580078125,6586.10009765625,8234.8095703125,12528.2998046875,21303.310546875,3607.489990234375,14506.25,99430000.0,55995800.0,585046200.0,67635800.0,1377800.0,1151451300.0,1449130000.0,184900000.0,1679.5899658203125,1682.5,2623200000.0,69.800048828125,4.51,0.1,2.64,4.37,0.04,344000.0,0.13,0.37,-0.62955,88.69,1.48,5.41,9448.1166,104.7,3.65,2070.591,3.36,3.53,3.25,3011000.0,1523.4571
2013-07-22,15545.5498046875,3939.919921875,6623.2001953125,8331.0595703125,12758.400390625,21416.5,3600.389892578125,14658.0400390625,180920000.0,67872400.0,502867700.0,73050600.0,1581400.0,1090755600.0,1507010000.0,177500000.0,1694.4100341796875,1695.530029296875,2779130000.0,25.77001953125,4.37,0.09,2.54,4.31,0.03,355000.0,0.11,0.33,-0.64567,70.158,1.35,5.29,9504.972,106.88,3.59,2092.289,3.28,3.41,3.25,2947000.0,1532.958
2013-07-29,15521.9697265625,3968.909912109375,6560.2998046875,8259.0302734375,12669.0,21850.150390625,3599.139892578125,13661.1298828125,87240000.0,89540800.0,487601100.0,67355500.0,1153400.0,1205803300.0,1545720000.0,184700000.0,1690.3199462890625,1685.3299560546875,2840520000.0,22.75,4.31,0.09,2.57,4.34,0.03,334000.0,0.11,0.32,-0.66067,58.403,1.36,5.25,9510.8574,105.88,3.61,2094.92,3.3,3.39,3.25,3010000.0,1537.6629
2013-08-05,15612.1298828125,4049.969970703125,6619.60009765625,8398.3798828125,12603.2998046875,22222.009765625,3692.949951171875,14258.0400390625,76850000.0,75312500.0,604089200.0,62901100.0,124497400.0,760365400.0,1471860000.0,134100000.0,1708.010009765625,1707.1400146484375,2529300000.0,33.6400146484375,4.39,0.09,2.64,4.42,0.04,339000.0,0.11,0.32,-0.66968,60.063,1.4,5.32,9514.7899,105.54,3.69,2154.522,3.38,3.43,3.25,2944000.0,1536.7767
2013-08-12,15419.6796875,4071.679931640625,6574.2998046875,8359.25,12594.2998046875,22271.279296875,3669.949951171875,13519.4296875,78060000.0,71797900.0,478927500.0,82331800.0,155373100.0,1989388800.0,1422420000.0,117700000.0,1688.3699951171875,1689.469970703125,2789160000.0,26.320068359375,4.4,0.09,2.62,4.43,0.05,327000.0,0.12,0.32,-0.67177,60.845,1.38,5.34,9505.6792,105.17,3.68,2171.441,3.39,3.43,3.25,2987000.0,1532.7266
2013-08-19,15010.740234375,4083.97998046875,6465.7001953125,8366.2900390625,12588.0,22463.69921875,3589.090087890625,13758.1298828125,111660000.0,63656900.0,467686900.0,59793300.0,127044300.0,1090294500.0,1381050000.0,96900000.0,1655.25,1646.06005859375,2904530000.0,53.580078125,4.4,0.08,2.73,4.56,0.05,340000.0,0.12,0.34,-0.6678,64.121,1.5,5.44,9537.8248,106.97,3.77,2175.545,3.5,3.44,3.25,2968000.0,1532.5905
2013-08-26,14946.4599609375,4067.1298828125,6492.10009765625,8435.150390625,12760.2998046875,22005.3203125,3657.570068359375,13636.2802734375,102820000.0,36474700.0,485422600.0,42823800.0,127814600.0,1219710000.0,1404230000.0,104100000.0,1664.2900390625,1656.780029296875,2430670000.0,30.0799560546875,4.58,0.09,2.86,4.67,0.04,336000.0,0.14,0.38,-0.66103,51.174,1.64,5.55,9521.04,105.48,3.87,2193.671,3.61,3.6,3.25,2934000.0,1533.1473
2013-09-02,14810.3095703125,4006.010009765625,6506.2001953125,8243.8701171875,12653.900390625,22175.33984375,3589.8701171875,13572.919921875,135850000.0,67423200.0,596599000.0,66688600.0,1340400.0,1813177000.0,1328320000.0,112600000.0,1638.8900146484375,1632.969970703125,2734300000.0,42.0400390625,4.51,0.08,2.76,4.54,0.03,325000.0,0.13,0.39,-0.65606,37.298,1.6,5.4,9557.0716,108.33,3.72,2222.481,3.48,3.54,3.25,2839000.0,1532.7161
2013-09-09,15063.1201171875,4040.330078125,6530.7001953125,8276.3203125,12854.599609375,22750.650390625,3706.179931640625,14205.23046875,90660000.0,76420300.0,586569100.0,76364800.0,116086200.0,1922622300.0,1664290000.0,173500000.0,1656.8499755859375,1671.7099609375,3102780000.0,42.0400390625,4.57,0.08,2.92,4.67,0.02,300000.0,0.15,0.47,-0.65554,32.432,1.76,5.49,9564.6968,108.77,3.84,2266.587,3.59,3.59,3.25,2822000.0,1538.3326
2013-09-16,15494.7802734375,4152.22021484375,6622.89990234375,8613.0,12816.900390625,23252.41015625,3717.85009765625,14404.669921875,105740000.0,92101800.0,565475200.0,87859100.0,1906200.0,1448448600.0,1542500000.0,180700000.0,1691.699951171875,1697.5999755859375,3079800000.0,64.3299560546875,4.57,0.08,2.92,4.7,0.02,323000.0,0.13,0.46,-0.66008,38.551,1.73,5.54,9558.1374,108.36,3.85,2265.831,3.61,3.59,3.25,2863000.0,1538.3096
2013-09-23,15401.3798828125,4172.080078125,6557.39990234375,8635.2900390625,12811.2001953125,23371.5390625,3765.2900390625,14742.419921875,94920000.0,87034800.0,592407000.0,89113400.0,151447800.0,1514566800.0,1728620000.0,162500000.0,1711.43994140625,1701.8399658203125,3126950000.0,47.6400146484375,4.5,0.08,2.79,4.67,0.01,314000.0,0.11,0.36,-0.66803,48.099,1.54,5.49,9588.878,106.22,3.81,2293.383,3.53,3.54,3.25,2954000.0,1540.8814
2013-09-30,15129.669921875,4143.43994140625,6462.2001953125,8594.400390625,12787.2001953125,22859.859375,3771.47998046875,14455.7998046875,122330000.0,90782800.0,667902900.0,78813900.0,172227500.0,1573033200.0,1895760000.0,157300000.0,1687.260009765625,1681.550048828125,3308630000.0,50.239990234375,4.32,0.08,2.66,4.54,0.02,319000.0,0.1,0.35,-0.67831,44.991,1.43,5.37,9627.0978,103.1,3.68,2278.603,3.41,3.37,3.25,2944000.0,1535.872
2013-10-07,14936.240234375,4165.580078125,6437.2998046875,8591.580078125,12788.2998046875,22973.94921875,3770.3798828125,13853.3203125,79620000.0,70427600.0,484159000.0,87359700.0,123590300.0,1209772900.0,1475990000.0,146100000.0,1687.1500244140625,1676.1199951171875,2678490000.0,26.1900634765625,4.22,0.08,2.64,4.58,0.02,368000.0,0.11,0.33,-0.68956,37.961,1.39,5.41,9658.8796,103.14,3.71,2311.359,3.42,3.29,3.25,2929000.0,1548.609
2013-10-14,15301.259765625,4222.9599609375,6507.7001953125,8723.8095703125,12892.099609375,23218.3203125,3815.280029296875,14404.740234375,81420000.0,68353200.0,434972100.0,64137200.0,115807100.0,1360356000.0,1455160000.0,169900000.0,1699.8599853515625,1710.1400146484375,2580580000.0,64.56005859375,4.23,0.08,2.68,4.58,0.05,368000.0,0.14,0.37,-0.70295,28.728,1.43,5.38,9641.9999,102.7,3.72,2359.39,3.43,3.31,3.25,2925000.0,1541.5752
2013-10-21,15392.2001953125,4276.919921875,6654.2001953125,8867.2197265625,13186.5,23438.150390625,3920.050048828125,14693.5703125,93660000.0,76389900.0,494967200.0,74873400.0,141919000.0,1160840800.0,1674470000.0,99100000.0,1745.199951171875,1744.6600341796875,3052710000.0,59.27001953125,4.28,0.1,2.66,4.55,0.08,351000.0,0.14,0.34,-0.71835,35.301,1.39,5.32,9725.0075,101.51,3.7,2370.944,3.41,3.33,3.25,2933000.0,1554.5206
2013-10-28,15568.9296875,4251.60986328125,6725.7998046875,8978.650390625,13371.7998046875,22806.580078125,3940.1298828125,14396.0400390625,92760000.0,76895900.0,590265200.0,61426900.0,135952600.0,1103232900.0,1904810000.0,109500000.0,1759.4200439453125,1762.1099853515625,3282300000.0,29.25,4.13,0.09,2.55,4.46,0.04,347000.0,0.11,0.32,-0.73497,44.193,1.32,5.21,9697.6262,97.57,3.62,2357.446,3.32,3.24,3.25,2927000.0,1548.8973
2013-11-04,15639.1201171875,4288.58984375,6763.60009765625,9037.23046875,13361.7998046875,23189.619140625,3936.590087890625,14201.5703125,71200000.0,60398200.0,510147600.0,60965300.0,142472000.0,1033387800.0,1817880000.0,170800000.0,1763.4000244140625,1767.9300537109375,3194870000.0,22.77001953125,4.1,0.08,2.57,4.48,0.04,342000.0,0.11,0.32,-0.7506,31.806,1.32,5.23,9694.4492,96.94,3.64,2424.917,3.34,3.2,3.25,2873000.0,1553.2713
2013-11-11,15783.099609375,4290.14013671875,6728.39990234375,9107.8603515625,13358.400390625,23069.849609375,3919.7900390625,14269.83984375,58860000.0,56971900.0,633862400.0,66640400.0,106102900.0,1338415000.0,1595340000.0,113500000.0,1769.9599609375,1771.8900146484375,2534060000.0,28.340087890625,4.16,0.08,2.68,4.6,0.05,340000.0,0.11,0.31,-0.76466,34.358,1.36,5.36,9675.5183,94.31,3.76,2440.588,3.46,3.27,3.25,2925000.0,1549.7613
2013-11-18,15976.01953125,4320.68017578125,6723.5,9225.4296875,13458.099609375,23660.060546875,3949.070068359375,15164.2998046875,94860000.0,80574600.0,538915700.0,88832800.0,141548500.0,3971447800.0,1829870000.0,180100000.0,1798.8199462890625,1791.530029296875,3168520000.0,54.699951171875,4.35,0.08,2.74,4.67,0.08,331000.0,0.13,0.32,-0.77544,45.639,1.4,5.43,9704.313,93.94,3.82,2449.114,3.53,3.35,3.25,2837000.0,1555.0731
2013-11-25,16072.5400390625,4301.97021484375,6694.60009765625,9299.9501953125,13472.2001953125,23684.44921875,3994.570068359375,15619.1298828125,94040000.0,64808400.0,465826500.0,69939100.0,179814400.0,1513617400.0,1795760000.0,176400000.0,1806.3299560546875,1802.47998046875,2998540000.0,30.8699951171875,4.22,0.09,2.74,4.65,0.08,316000.0,0.13,0.3,-0.78215,49.446,1.37,5.4,9716.3449,93.92,3.84,2473.552,3.54,3.27,3.25,2813000.0,1554.2445
2013-12-02,16008.76953125,4285.81005859375,6595.2998046875,9401.9599609375,13419.599609375,24038.55078125,4045.260009765625,15655.0703125,92590000.0,72972900.0,559055100.0,74603100.0,162083300.0,1386380400.0,1680380000.0,143200000.0,1806.550048828125,1800.9000244140625,3095430000.0,31.1900634765625,4.29,0.09,2.74,4.62,0.07,312000.0,0.13,0.29,-0.78667,53.744,1.36,5.37,9776.4554,92.97,3.82,2466.785,3.52,3.3,3.25,2808000.0,1568.7107
2013-12-09,16025.5302734375,4134.10009765625,6559.5,9195.169921875,13312.7998046875,23811.169921875,4068.75,15650.2099609375,91810000.0,77073800.0,506215400.0,62711300.0,163559800.0,1294590800.0,1717120000.0,136900000.0,1806.2099609375,1808.3699951171875,3129500000.0,34.4600830078125,4.46,0.08,2.84,4.69,0.06,354000.0,0.13,0.3,-0.79006,37.947,1.46,5.44,9768.6919,96.21,3.88,2492.609,3.61,3.47,3.25,2892000.0,1569.2741
2013-12-16,15884.5703125,4119.8798828125,6522.2001953125,9163.5595703125,13184.400390625,23114.66015625,4029.52001953125,15152.91015625,101470000.0,93624600.0,653797800.0,99105600.0,148006300.0,1333076000.0,1943830000.0,139600000.0,1777.47998046875,1786.5400390625,3209890000.0,39.239990234375,4.42,0.09,2.86,4.66,0.07,364000.0,0.14,0.32,-0.79381,28.992,1.51,5.4,9776.1039,97.23,3.87,2524.024,3.6,3.43,3.25,2903000.0,1572.0859
2013-12-23,16294.6103515625,4215.2900390625,6678.60009765625,9488.8203125,13447.7001953125,22921.560546875,4148.89990234375,15870.419921875,78930000.0,72498700.0,351999300.0,48372600.0,99247600.0,1094500300.0,1779400000.0,165000000.0,1822.9200439453125,1827.989990234375,2851540000.0,61.760009765625,4.47,0.09,2.89,4.59,0.07,334000.0,0.13,0.34,-0.79705,70.572,1.58,5.35,9774.3517,97.85,3.88,2521.3,3.61,3.51,3.25,2832000.0,1569.1754
2013-12-30,16504.2890625,4275.7099609375,6731.2998046875,9552.16015625,13581.400390625,23244.869140625,4154.2001953125,16291.3095703125,54220000.0,65865100.0,295360600.0,35981600.0,77787400.0,1000190800.0,1349470000.0,182100000.0,1841.469970703125,1841.0699462890625,2293860000.0,65.3299560546875,4.48,0.09,2.99,4.56,0.07,332000.0,0.13,0.4,-0.79886,99.122,1.72,5.35,9848.7316,99.15,3.9,2474.155,3.66,3.52,3.25,2807000.0,1576.9135
2014-01-06,16425.099609375,4227.5400390625,6730.7001953125,9428.0,13495.5,22684.150390625,4113.68017578125,15908.8798828125,89380000.0,68734800.0,524387000.0,53653700.0,129263400.0,1650597100.0,2292840000.0,192700000.0,1832.31005859375,1826.77001953125,3294850000.0,25.7099609375,4.53,0.08,3.01,4.55,0.07,322000.0,0.13,0.39,-0.79502,105.104,1.73,5.35,9845.9191,96.47,3.93,2374.633,3.69,3.55,3.25,2903000.0,1583.5482
2014-01-13,16257.9404296875,4263.27001953125,6757.2001953125,9510.169921875,13681.5,22888.759765625,4113.2998046875,15912.0595703125,111680000.0,103307900.0,598026900.0,85787700.0,247669900.0,1247407800.0,2322240000.0,237500000.0,1841.260009765625,1819.199951171875,3591350000.0,27.929931640625,4.51,0.08,2.96,4.53,0.05,318000.0,0.13,0.41,-0.78832,119.258,1.71,5.28,9837.5105,92.42,3.87,2453.039,3.63,3.56,3.25,2907000.0,1582.4937
2014-01-20,16458.560546875,4322.85986328125,6836.7001953125,9715.900390625,13990.2998046875,22928.94921875,4197.580078125,15641.6796875,184970000.0,75947500.0,424810700.0,78126100.0,103998900.0,1588586200.0,2150370000.0,142200000.0,1844.22998046875,1838.699951171875,3626120000.0,35.3199462890625,4.41,0.07,2.86,4.48,0.04,327000.0,0.11,0.4,-0.77816,80.022,1.65,5.19,9865.089,92.98,3.78,2527.883,3.53,3.45,3.25,2847000.0,1580.6349
2014-01-27,15837.8798828125,4144.56005859375,6550.7001953125,9349.2197265625,13582.2998046875,21976.099609375,4083.610107421875,15005.73046875,127540000.0,138816400.0,985294600.0,112554100.0,179324200.0,2355489900.0,2398280000.0,223900000.0,1791.030029296875,1781.56005859375,4045200000.0,35.3199462890625,4.39,0.07,2.82,4.46,0.04,340000.0,0.11,0.4,-0.7679,77.798,1.65,5.13,9882.6304,96.19,3.7,2522.89,3.47,3.44,3.25,2850000.0,1587.9635
2014-02-03,15372.7998046875,4107.75,6465.7001953125,9186.51953125,13486.2001953125,22035.419921875,3996.9599609375,14619.1298828125,151050000.0,119653500.0,829888700.0,105545400.0,180781600.0,1537678000.0,2617030000.0,202800000.0,1782.6800537109375,1741.8900146484375,4726040000.0,87.2999267578125,4.32,0.07,2.73,4.45,0.04,331000.0,0.11,0.36,-0.76131,89.337,1.55,5.1,9878.6523,97.29,3.65,2519.198,3.39,3.4,3.25,2852000.0,1591.5698
2014-02-10,15801.7900390625,4237.1298828125,6591.60009765625,9289.8603515625,13794.2001953125,21579.259765625,4148.169921875,14718.33984375,84110000.0,101803100.0,593694900.0,59599900.0,149925000.0,1718083400.0,1811970000.0,149800000.0,1796.199951171875,1799.8399658203125,3312160000.0,62.0198974609375,4.23,0.07,2.68,4.45,0.07,337000.0,0.12,0.31,-0.76085,80.081,1.48,5.09,9888.9686,97.78,3.63,2542.276,3.37,3.33,3.25,2859000.0,1605.3724
2014-02-17,16154.3896484375,4335.169921875,6736.0,9656.759765625,14054.7998046875,22535.939453125,4244.02001953125,14393.1103515625,84060000.0,62954100.0,630547500.0,45850100.0,189410300.0,1043804900.0,1881510000.0,149000000.0,1828.4599609375,1838.6300048828125,3114750000.0,88.6600341796875,4.28,0.06,2.75,4.5,0.04,332000.0,0.12,0.33,-0.76556,36.41,1.53,5.13,9930.9702,100.21,3.69,2589.669,3.41,3.33,3.25,2861000.0,1614.7188
2014-02-24,16207.1396484375,4419.1298828125,6865.89990234375,9708.9404296875,14227.099609375,22388.560546875,4292.97021484375,14837.6796875,244580000.0,95223800.0,1068068300.0,67953500.0,178503900.0,1709106200.0,2161300000.0,159500000.0,1836.780029296875,1847.6099853515625,4014530000.0,88.6600341796875,4.33,0.06,2.73,4.48,0.05,341000.0,0.12,0.33,-0.77212,41.184,1.54,5.13,9958.4883,102.93,3.7,2616.352,3.42,3.35,3.25,2823000.0,1622.7805
2014-03-03,16168.0302734375,4290.8701171875,6708.39990234375,9358.8896484375,14212.7001953125,22500.669921875,4277.2998046875,14652.23046875,92760000.0,157761500.0,829082600.0,118040200.0,173739500.0,1634145200.0,2077500000.0,146900000.0,1857.6800537109375,1845.72998046875,3428220000.0,33.4801025390625,4.37,0.07,2.69,4.37,0.05,319000.0,0.11,0.34,-0.77843,46.704,1.52,5.06,9914.9696,102.77,3.64,2599.898,3.35,3.39,3.25,2787000.0,1628.0161
2014-03-10,16418.6796875,4370.83984375,6689.5,9265.5,14302.099609375,22264.9296875,4334.4501953125,15120.1396484375,68210000.0,129388400.0,820416900.0,84875400.0,134744700.0,1621277400.0,2111610000.0,121100000.0,1877.8599853515625,1877.1700439453125,3021350000.0,49.1300048828125,4.28,0.07,2.71,4.38,0.05,322000.0,0.12,0.35,-0.78218,45.394,1.55,5.07,9967.3826,103.07,3.65,2629.608,3.37,3.32,3.25,2816000.0,1637.5935
2014-03-17,16247.2197265625,4271.9599609375,6568.39990234375,9180.8896484375,14231.900390625,21473.94921875,4279.9501953125,14277.669921875,88930000.0,105750500.0,692708400.0,86964500.0,155010600.0,1027124200.0,1810410000.0,138000000.0,1842.81005859375,1858.8299560546875,2860490000.0,44.0,4.37,0.08,2.72,4.41,0.05,321000.0,0.12,0.36,-0.78271,56.141,1.59,5.1,9988.6415,99.55,3.66,2652.021,3.37,3.38,3.25,2764000.0,1631.033
2014-03-24,16276.6904296875,4276.33984375,6520.39990234375,9188.76953125,14278.599609375,21846.44921875,4226.39013671875,14475.2998046875,110620000.0,130239400.0,762850300.0,86790900.0,163174600.0,2460675400.0,2434650000.0,196200000.0,1867.6700439453125,1857.43994140625,3409000000.0,44.4000244140625,4.32,0.08,2.74,4.42,0.06,313000.0,0.14,0.42,-0.78176,88.345,1.67,5.11,10005.752,99.77,3.64,2644.893,3.36,3.32,3.25,2800000.0,1630.2891
2014-03-31,16457.66015625,4391.5,6598.39990234375,9555.91015625,14335.2998046875,22151.060546875,4198.990234375,14827.830078125,104510000.0,89922800.0,868366300.0,68772900.0,210506200.0,1919012500.0,2090850000.0,141600000.0,1859.1600341796875,1872.3399658203125,3274300000.0,41.8599853515625,4.4,0.08,2.72,4.33,0.05,330000.0,0.13,0.46,-0.77962,102.04,1.73,5.0,10002.8396,100.66,3.56,2612.237,3.29,3.42,3.25,2729000.0,1632.9551
2014-04-07,16245.8701171875,4436.080078125,6622.7998046875,9510.849609375,14270.2998046875,22377.150390625,4079.75,14808.849609375,116540000.0,127786600.0,667468200.0,78800000.0,151538100.0,1364755200.0,2554680000.0,112800000.0,1863.9200439453125,1845.0400390625,3801540000.0,55.800048828125,4.41,0.08,2.77,4.31,0.03,311000.0,0.12,0.45,-0.77864,96.163,1.75,5.02,10013.0966,100.46,3.6,2581.373,3.35,3.47,3.25,2730000.0,1637.9081
2014-04-14,16173.240234375,4384.56005859375,6583.7998046875,9339.169921875,14284.400390625,23038.80078125,4022.68994140625,13910.16015625,90020000.0,132160900.0,983152200.0,90916500.0,161845500.0,1332385800.0,1890480000.0,121000000.0,1818.1800537109375,1830.6099853515625,3111540000.0,82.9200439453125,4.34,0.08,2.68,4.24,0.04,308000.0,0.1,0.38,-0.7772,62.436,1.63,4.92,10063.375,102.72,3.53,2684.341,3.27,3.38,3.25,2680000.0,1647.8428
2014-04-21,16449.25,4431.81005859375,6625.2998046875,9409.7099609375,14493.7001953125,22760.240234375,4121.5498046875,14512.3798828125,79500000.0,120776700.0,842349900.0,86295200.0,135970800.0,1043678800.0,1544440000.0,95300000.0,1865.7900390625,1871.8900146484375,2642500000.0,58.1700439453125,4.27,0.09,2.67,4.21,0.04,327000.0,0.11,0.4,-0.7754,65.457,1.67,4.86,10069.4492,103.95,3.48,2724.744,3.23,3.33,3.25,2767000.0,1654.0759
2014-04-28,16448.740234375,4460.52978515625,6700.2001953125,9446.3603515625,14530.900390625,22132.529296875,4074.39990234375,14288.23046875,105510000.0,90359100.0,652775300.0,67539100.0,135655600.0,1204384500.0,2348320000.0,97400000.0,1865.0,1869.4300537109375,4034680000.0,58.1700439453125,4.33,0.1,2.71,4.22,0.03,345000.0,0.11,0.43,-0.77428,111.394,1.74,4.86,10076.4413,102.11,3.48,2641.132,3.23,3.39,3.25,2707000.0,1651.2273
2014-05-05,16530.55078125,4462.68994140625,6822.39990234375,9529.5,14697.0,21976.330078125,4138.06005859375,14457.509765625,70320000.0,83750800.0,746449000.0,61911600.0,126804800.0,1052997700.0,1561170000.0,108600000.0,1879.449951171875,1884.6600341796875,2733730000.0,40.719970703125,4.29,0.09,2.66,4.19,0.03,325000.0,0.1,0.43,-0.77472,84.126,1.7,4.81,10144.0179,100.51,3.44,2609.418,3.2,3.38,3.25,2702000.0,1655.3871
2014-05-12,16695.470703125,4493.64990234375,6851.7998046875,9702.4599609375,14654.900390625,22261.609375,4143.85986328125,14149.51953125,71550000.0,124775600.0,565733200.0,87508500.0,136031700.0,1662352600.0,1880020000.0,109200000.0,1880.030029296875,1896.6500244140625,3005740000.0,37.3399658203125,4.21,0.09,2.62,4.17,0.03,303000.0,0.1,0.41,-0.77733,91.397,1.65,4.79,10111.3089,100.29,3.42,2597.621,3.15,3.32,3.25,2691000.0,1660.7028
2014-05-19,16511.859375,4469.759765625,6844.60009765625,9659.3896484375,14514.7001953125,22704.5,4125.81005859375,14006.4404296875,82180000.0,115554200.0,745674100.0,97857300.0,139016400.0,991514600.0,1601400000.0,114000000.0,1876.6600341796875,1885.0799560546875,2664250000.0,39.81005859375,4.2,0.08,2.57,4.15,0.03,324000.0,0.09,0.39,-0.78262,71.25,1.59,4.77,10131.4001,101.92,3.4,2630.836,3.12,3.29,3.25,2657000.0,1662.6787
2014-05-26,16606.26953125,4526.93017578125,6815.7998046875,9892.8203125,14715.7001953125,22963.1796875,4185.81005859375,14602.51953125,61340000.0,53064100.0,485846000.0,53846400.0,39629400.0,921743100.0,1536610000.0,106900000.0,1893.3199462890625,1900.530029296875,2396280000.0,38.9000244140625,4.14,0.09,2.54,4.18,0.03,305000.0,0.09,0.36,-0.79114,37.745,1.55,4.78,10151.4967,103.82,3.4,2657.729,3.12,3.25,3.25,2646000.0,1662.8711
2014-06-02,16743.630859375,4515.89013671875,6864.10009765625,9950.1201171875,14680.7998046875,23081.650390625,4237.2001953125,14935.919921875,57560000.0,121760600.0,573724300.0,57920300.0,136349000.0,2139411900.0,1631310000.0,130600000.0,1923.8699951171875,1924.969970703125,2509020000.0,38.9000244140625,4.12,0.09,2.47,4.16,0.04,312000.0,0.1,0.38,-0.79984,33.573,1.53,4.7,10165.5832,103.95,3.33,2629.199,3.05,3.21,3.25,2641000.0,1667.2721
2014-06-09,16943.099609375,4589.1201171875,6875.0,10008.6298828125,14871.2001953125,23117.470703125,4336.240234375,15124.0,67130000.0,66662900.0,388132800.0,43200400.0,120795800.0,1175572600.0,1783060000.0,107300000.0,1948.969970703125,1951.27001953125,2812180000.0,39.570068359375,4.14,0.09,2.59,4.27,0.04,317000.0,0.1,0.4,-0.80617,33.895,1.64,4.82,10153.6583,103.23,3.43,2679.071,3.16,3.23,3.25,2598000.0,1663.1604
2014-06-16,16781.009765625,4510.0498046875,6754.60009765625,9883.98046875,15040.400390625,23300.669921875,4321.10009765625,14933.2900390625,77900000.0,95236800.0,604240100.0,64029200.0,150460000.0,1215050700.0,1675120000.0,116000000.0,1934.8399658203125,1937.780029296875,2926130000.0,29.77001953125,4.2,0.09,2.62,4.28,0.04,314000.0,0.11,0.44,-0.80882,46.921,1.69,4.82,10161.0626,105.97,3.44,2709.51,3.17,3.31,3.25,2595000.0,1670.2771
2014-06-23,16937.259765625,4515.56982421875,6800.60009765625,9920.919921875,15105.599609375,22804.810546875,4368.68017578125,15369.2802734375,63640000.0,113645600.0,466639400.0,68730100.0,145504200.0,2005521100.0,1712930000.0,120000000.0,1962.9200439453125,1962.6099853515625,2717630000.0,36.2200927734375,4.17,0.1,2.63,4.27,0.03,315000.0,0.1,0.49,-0.80733,84.475,1.72,4.81,10140.8687,107.23,3.44,2703.925,3.17,3.3,3.25,2583000.0,1673.5377
2014-06-30,16826.599609375,4422.83984375,6743.89990234375,9833.0703125,15146.0,23190.720703125,4408.18017578125,15162.099609375,90360000.0,101095200.0,614336500.0,66649700.0,122514500.0,1476157900.0,1848110000.0,102000000.0,1960.7900390625,1960.22998046875,3037350000.0,23.4801025390625,4.14,0.1,2.57,4.2,0.03,308000.0,0.11,0.47,-0.80158,107.244,1.68,4.76,10198.3653,106.69,3.39,2640.303,3.12,3.22,3.25,2579000.0,1682.08
2014-07-07,17024.2109375,4405.759765625,6823.5,9906.0703125,15172.900390625,23540.919921875,4451.52978515625,15379.4404296875,61480000.0,86253100.0,389059700.0,60506300.0,143433400.0,911913700.0,1691390000.0,84000000.0,1984.219970703125,1977.6500244140625,2681260000.0,40.9000244140625,4.12,0.1,2.6,4.23,0.02,302000.0,0.11,0.49,-0.79262,100.085,1.68,4.79,10185.7995,105.52,3.42,2578.697,3.16,3.22,3.25,2540000.0,1693.5529
2014-07-14,17055.419921875,4350.0400390625,6746.10009765625,9783.009765625,15171.2001953125,23346.669921875,4440.419921875,15296.8203125,60570000.0,78369700.0,468494700.0,56259600.0,141525100.0,1060963400.0,1579660000.0,96300000.0,1969.8599853515625,1977.0999755859375,2744920000.0,40.9000244140625,4.15,0.09,2.57,4.19,0.03,308000.0,0.11,0.5,-0.78215,63.826,1.69,4.76,10212.8322,103.25,3.38,2622.832,3.11,3.24,3.25,2528000.0,1693.3385
2014-07-21,17051.73046875,4304.740234375,6728.39990234375,9612.0498046875,15250.0,23387.140625,4424.7001953125,15215.7099609375,67590000.0,78393400.0,470701900.0,65236500.0,96353600.0,1042281800.0,1557820000.0,92200000.0,1976.9300537109375,1973.6300048828125,2611160000.0,28.3499755859375,4.13,0.09,2.53,4.16,0.02,294000.0,0.11,0.49,-0.77047,59.384,1.69,4.73,10236.9501,102.37,3.33,2639.685,3.06,3.23,3.25,2542000.0,1693.6528
2014-07-28,16982.58984375,4344.77001953125,6788.10009765625,9598.169921875,15445.2001953125,24428.630859375,4444.91015625,15529.400390625,66190000.0,80021000.0,528691400.0,71997100.0,134919100.0,1971910900.0,1783250000.0,115600000.0,1978.25,1978.9100341796875,2803320000.0,30.570068359375,4.13,0.09,2.49,4.12,0.03,303000.0,0.11,0.51,-0.75951,64.138,1.69,4.68,10236.5545,104.35,3.26,2792.302,3.01,3.26,3.25,2524000.0,1692.9825
2014-08-04,16569.279296875,4217.22021484375,6677.5,9154.1396484375,15215.2998046875,24600.080078125,4383.89013671875,15474.5,76260000.0,127194400.0,522832700.0,85304300.0,170392200.0,1183329700.0,1677400000.0,123600000.0,1926.6199951171875,1938.989990234375,3072920000.0,68.47998046875,4.12,0.09,2.53,4.13,0.03,295000.0,0.12,0.53,-0.74952,62.335,1.73,4.72,10213.9274,102.19,3.28,2809.004,3.03,3.23,3.25,2530000.0,1699.0321
2014-08-11,16569.98046875,4197.7001953125,6632.7998046875,9180.740234375,15261.599609375,24646.01953125,4401.330078125,15130.51953125,65560000.0,97124600.0,494367000.0,81228900.0,126262000.0,1129853600.0,1537880000.0,114600000.0,1933.4300537109375,1936.9200439453125,2784890000.0,40.1199951171875,4.14,0.09,2.47,4.14,0.03,309000.0,0.11,0.46,-0.74233,71.513,1.64,4.73,10182.6751,97.5,3.26,2789.33,3.0,3.27,3.25,2508000.0,1704.4959
2014-08-18,16838.740234375,4230.64990234375,6741.2998046875,9245.330078125,15338.5,24955.4609375,4508.31005859375,15322.599609375,75670000.0,73943500.0,413053500.0,63822100.0,109596200.0,1281516900.0,1571100000.0,77300000.0,1958.3599853515625,1971.739990234375,2638160000.0,62.97998046875,4.12,0.09,2.41,4.08,0.04,303000.0,0.1,0.44,-0.73935,78.066,1.59,4.71,10185.5402,97.17,3.22,2786.792,2.95,3.24,3.25,2517000.0,1711.2528
2014-08-25,17076.869140625,4342.10986328125,6775.2998046875,9510.1396484375,15598.7001953125,25166.91015625,4557.35009765625,15613.25,57400000.0,66624700.0,571522600.0,53554100.0,101680900.0,1333447300.0,1384620000.0,81900000.0,1991.739990234375,1997.9200439453125,2233880000.0,60.449951171875,4.1,0.09,2.41,4.08,0.03,300000.0,0.11,0.48,-0.7376,42.803,1.63,4.7,10223.6997,94.95,3.2,2790.174,2.93,3.23,3.25,2483000.0,1713.3501
2014-09-01,17098.44921875,4379.72998046875,6825.2998046875,9479.0302734375,15625.7001953125,24752.08984375,4580.27001953125,15476.599609375,81500000.0,71668900.0,404272400.0,43071900.0,157610200.0,1447773700.0,1352830000.0,74800000.0,1998.449951171875,2003.3699951171875,2259130000.0,20.280029296875,4.1,0.09,2.37,3.98,0.03,303000.0,0.11,0.51,-0.73494,40.217,1.66,4.61,10257.2967,96.25,3.11,2778.794,2.85,3.25,3.25,2486000.0,1712.163
2014-09-08,17111.419921875,4474.93017578125,6834.7998046875,9758.0302734375,15509.400390625,25190.44921875,4592.2900390625,15705.1103515625,65640000.0,84582900.0,754127500.0,53013300.0,132817800.0,1272235200.0,1670210000.0,95600000.0,2007.1700439453125,2001.5400390625,2789090000.0,20.280029296875,4.1,0.08,2.44,4.03,0.03,307000.0,0.1,0.53,-0.72976,42.868,1.7,4.69,10329.2272,94.06,3.19,2777.409,2.93,3.24,3.25,2452000.0,1721.3607
2014-09-15,17031.140625,4428.6298828125,6804.2001953125,9659.6298828125,15482.599609375,24356.990234375,4518.89990234375,15948.2900390625,71740000.0,77011900.0,529231800.0,55750900.0,149597200.0,1479611400.0,1940520000.0,183400000.0,1986.0400390625,1984.1300048828125,2776530000.0,29.22998046875,4.12,0.09,2.54,4.13,0.02,288000.0,0.11,0.57,-0.71904,39.081,1.78,4.79,10308.8949,92.43,3.27,2787.045,3.01,3.26,3.25,2465000.0,1720.889
2014-09-22,17172.6796875,4442.5498046875,6773.60009765625,9749.5400390625,15129.0,23955.490234375,4527.68994140625,16205.900390625,74300000.0,86943400.0,675055200.0,73981000.0,182382400.0,1723753000.0,1881520000.0,129100000.0,2009.0799560546875,1994.2900390625,3349670000.0,40.780029296875,4.23,0.09,2.61,4.21,0.02,295000.0,0.12,0.58,-0.70196,66.417,1.82,4.89,10335.4511,93.52,3.34,2797.996,3.1,3.37,3.25,2447000.0,1729.8832
2014-09-29,17071.220703125,4358.06982421875,6646.60009765625,9422.91015625,14976.900390625,23229.2109375,4505.85009765625,16310.6396484375,70220000.0,84697000.0,564786600.0,77424800.0,161729900.0,2230549900.0,1737750000.0,107900000.0,1978.9599609375,1977.800048828125,3094440000.0,55.219970703125,4.2,0.09,2.55,4.1,0.01,290000.0,0.1,0.58,-0.68112,114.828,1.79,4.82,10364.2212,93.15,3.25,2732.58,3.01,3.36,3.25,2427000.0,1725.1788
2014-10-06,16991.91015625,4286.52001953125,6563.7001953125,9209.509765625,14743.099609375,23315.0390625,4454.7998046875,15890.9501953125,655450000.0,103757200.0,722223000.0,103676300.0,153072300.0,1643058200.0,1828240000.0,127600000.0,1970.010009765625,1964.8199462890625,3358220000.0,60.3399658203125,4.19,0.09,2.47,4.0,0.02,293000.0,0.11,0.56,-0.66088,119.237,1.73,4.76,10314.0955,91.44,3.16,2705.717,2.92,3.36,3.25,2441000.0,1729.3054
2014-10-13,16321.0703125,4078.699951171875,6366.2001953125,8812.4296875,14227.400390625,23143.380859375,4213.66015625,15300.5498046875,107830000.0,136272000.0,846365400.0,112875000.0,245691300.0,1407205100.0,2467830000.0,186100000.0,1905.6500244140625,1874.739990234375,4352580000.0,103.699951171875,4.12,0.09,2.36,3.92,0.01,281000.0,0.1,0.49,-0.64645,96.461,1.61,4.68,10274.392,87.63,3.07,2749.347,2.82,3.3,3.25,2409000.0,1725.0462
2014-10-20,16399.669921875,3991.239990234375,6267.10009765625,8717.759765625,14337.7998046875,23070.259765625,4316.06982421875,15111.23046875,94320000.0,143988900.0,723302900.0,103016000.0,162358900.0,1182134200.0,1717370000.0,162000000.0,1885.6199951171875,1904.010009765625,3331210000.0,116.3199462890625,3.97,0.09,2.19,3.83,0.02,290000.0,0.1,0.37,-0.63822,79.79,1.41,4.62,10301.0411,82.88,2.95,2793.29,2.67,3.18,3.25,2437000.0,1729.3108
2014-10-27,16817.939453125,4096.740234375,6363.5,8902.6103515625,14469.0,23143.23046875,4485.93017578125,15388.7197265625,72580000.0,126568700.0,781565600.0,111764500.0,150434500.0,1229644700.0,1585580000.0,121000000.0,1962.969970703125,1961.6300048828125,3538860000.0,100.3599853515625,3.92,0.09,2.25,3.93,0.02,291000.0,0.11,0.4,-0.64136,123.514,1.47,4.68,10308.5457,82.12,3.01,2688.613,2.73,3.08,3.25,2406000.0,1731.8422
2014-11-03,17366.240234375,4194.02978515625,6488.0,9251.7001953125,14537.599609375,23915.970703125,4638.91015625,16413.759765625,80030000.0,123590300.0,712567500.0,79777600.0,173203200.0,1328913600.0,2033000000.0,268500000.0,2018.2099609375,2017.81005859375,3555440000.0,78.18994140625,3.98,0.09,2.32,3.92,0.02,280000.0,0.11,0.46,-0.64995,118.424,1.57,4.72,10272.4759,81.29,3.05,2629.809,2.78,3.13,3.25,2436000.0,1735.6472
2014-11-10,17613.740234375,4222.81982421875,6611.2998046875,9351.8701171875,14709.7998046875,23744.69921875,4651.6201171875,16780.529296875,71430000.0,123847500.0,575418400.0,71162800.0,191840100.0,1974456300.0,1830010000.0,125600000.0,2032.010009765625,2038.260009765625,3284940000.0,37.68994140625,4.02,0.08,2.36,3.9,0.03,291000.0,0.12,0.52,-0.6605,111.382,1.63,4.76,10317.9332,78.24,3.06,2561.062,2.79,3.21,3.25,2384000.0,1736.0925
2014-11-17,17647.75,4226.10009765625,6672.0,9306.349609375,14882.5,23797.080078125,4671.0,16973.80078125,70330000.0,95508800.0,537365300.0,72034400.0,183312900.0,1728117100.0,1695070000.0,192800000.0,2038.2900390625,2041.3199462890625,3152890000.0,21.110107421875,4.01,0.09,2.36,3.94,0.02,293000.0,0.14,0.54,-0.66728,107.205,1.64,4.8,10388.418,76.5,3.08,2568.099,2.8,3.2,3.25,2351000.0,1743.4876
2014-11-24,17817.900390625,4368.43994140625,6729.7998046875,9785.5400390625,15015.400390625,23893.140625,4754.89013671875,17357.509765625,85510000.0,117173100.0,680406300.0,97612300.0,164249300.0,2862178800.0,1568130000.0,156300000.0,2065.070068359375,2069.409912109375,3128060000.0,37.0,3.99,0.1,2.33,3.96,0.02,303000.0,0.14,0.53,-0.66619,95.281,1.64,4.84,10346.4753,75.38,3.05,2520.171,2.78,3.17,3.25,2389000.0,1751.5476
2014-12-01,17776.80078125,4377.330078125,6656.39990234375,9963.509765625,14625.2998046875,23367.44921875,4727.35009765625,17590.099609375,86390000.0,95799400.0,728046400.0,97092800.0,303964900.0,3135486800.0,1893600000.0,125900000.0,2065.780029296875,2053.43994140625,4159010000.0,33.8399658203125,3.97,0.1,2.25,3.88,0.02,291000.0,0.14,0.51,-0.658,79.769,1.56,4.74,10443.8264,72.36,2.96,2486.574,2.68,3.17,3.25,2484000.0,1764.9699
2014-12-08,17852.48046875,4375.47998046875,6672.2001953125,10014.990234375,14144.2001953125,24047.669921875,4740.68994140625,17935.640625,88680000.0,77425600.0,513903800.0,68931200.0,285279000.0,3826528900.0,1966770000.0,134700000.0,2074.840087890625,2060.31005859375,3800990000.0,29.89990234375,3.89,0.1,2.27,3.9,0.02,291000.0,0.15,0.56,-0.64352,87.426,1.6,4.79,10422.9497,67.18,2.97,2449.444,2.69,3.1,3.25,2381000.0,1759.7328
2014-12-15,17180.83984375,4005.3798828125,6182.7001953125,9334.009765625,13705.099609375,23027.849609375,4605.16015625,17099.400390625,114050000.0,149438700.0,985776000.0,112718700.0,300375700.0,1660208200.0,2143610000.0,146400000.0,2005.030029296875,1989.6300048828125,4361990000.0,97.2099609375,3.93,0.12,2.19,3.75,0.03,286000.0,0.2,0.61,-0.62308,60.092,1.61,4.72,10472.8347,61.14,2.84,2433.138,2.55,3.2,3.25,2379000.0,1769.7812
2014-12-22,17959.439453125,4254.43017578125,6576.7001953125,9865.759765625,14432.400390625,23408.5703125,4781.419921875,17635.140625,98460000.0,86938900.0,483625300.0,61833300.0,210367900.0,2999590500.0,1720070000.0,128500000.0,2069.280029296875,2078.5400390625,3369520000.0,106.199951171875,3.8,0.12,2.14,3.74,0.04,276000.0,0.23,0.63,-0.60116,114.776,1.61,4.72,10476.9273,55.89,2.75,2786.907,2.47,3.09,3.25,2338000.0,1774.1389
2014-12-29,18038.23046875,4317.93017578125,6633.5,9927.1298828125,14663.900390625,23773.1796875,4806.91015625,17729.83984375,53870000.0,74896000.0,350346200.0,47150800.0,122918800.0,2133261100.0,1227740000.0,115200000.0,2087.6298828125,2090.570068359375,2452360000.0,115.0,3.83,0.13,2.24,3.79,0.03,285000.0,0.27,0.73,-0.581,175.093,1.74,4.75,10488.5976,55.58,2.81,2681.801,2.54,3.1,3.25,2422000.0,1782.0225
2015-01-05,17501.650390625,4111.35986328125,6417.2001953125,9473.16015625,14392.7001953125,23721.3203125,4652.56982421875,17408.7109375,116160000.0,137887700.0,728001100.0,105538300.0,224213600.0,2585193100.0,1794470000.0,116500000.0,2054.43994140625,2020.5799560546875,3799120000.0,115.0,3.87,0.12,2.18,3.72,0.03,294000.0,0.25,0.69,-0.55981,192.063,1.67,4.68,10470.2643,53.44,2.75,2574.784,2.47,3.15,3.25,2381000.0,1773.4173
2015-01-12,17640.83984375,4228.240234375,6501.39990234375,9781.900390625,14265.0,24026.4609375,4664.7099609375,17197.73046875,92500000.0,129743900.0,602313100.0,101315800.0,240041100.0,1414586900.0,1861960000.0,155200000.0,2046.1300048828125,2028.260009765625,3456460000.0,79.920166015625,3.73,0.11,2.0,3.54,0.03,304000.0,0.24,0.63,-0.54153,176.817,1.5,4.53,10503.2368,48.77,2.56,2600.598,2.29,3.05,3.25,2400000.0,1783.9599
2015-01-19,17511.5703125,4394.93017578125,6585.5,10242.349609375,14312.5,23738.490234375,4634.3798828125,17014.2890625,140480000.0,107393400.0,537915700.0,80650300.0,97313000.0,2945751300.0,1970520000.0,128000000.0,1992.25,2019.4200439453125,4056410000.0,76.3099365234375,3.66,0.12,1.86,3.46,0.03,298000.0,0.18,0.51,-0.5257,158.268,1.32,4.45,10503.652,47.07,2.46,2753.903,2.19,2.98,3.25,2336000.0,1793.1109
2015-01-26,17678.69921875,4675.1298828125,6852.39990234375,10798.330078125,14797.7998046875,24909.900390625,4771.759765625,17468.51953125,87220000.0,127771700.0,611915000.0,105118600.0,186840600.0,1321615900.0,1717510000.0,111600000.0,2050.419921875,2057.090087890625,3465760000.0,76.3099365234375,3.63,0.13,1.85,3.45,0.03,261000.0,0.17,0.53,-0.51609,170.152,1.35,4.45,10511.6391,46.46,2.42,2722.392,2.17,2.93,3.25,2335000.0,1794.5144
2015-02-02,17361.0390625,4627.669921875,6782.60009765625,10828.009765625,14900.5,24484.740234375,4676.68994140625,17558.0390625,108090000.0,123784000.0,757554400.0,100490400.0,228902300.0,1576244000.0,2006450000.0,136000000.0,1996.6700439453125,2020.8499755859375,4008330000.0,82.0799560546875,3.66,0.12,1.77,3.36,0.02,281000.0,0.17,0.51,-0.5123,201.192,1.28,4.36,10539.8565,45.32,2.33,2665.153,2.1,2.98,3.25,2297000.0,1793.8614
2015-02-09,17729.2109375,4651.080078125,6837.2001953125,10663.509765625,15100.7001953125,24521.0,4726.009765625,17711.9296875,81590000.0,138917900.0,620697200.0,102797300.0,207884000.0,1285537200.0,1654680000.0,129500000.0,2053.469970703125,2046.739990234375,3549540000.0,91.4998779296875,3.59,0.09,1.81,3.42,0.02,298000.0,0.21,0.54,-0.51445,167.272,1.31,4.41,10580.7848,50.58,2.39,2684.263,2.18,2.92,3.25,2344000.0,1794.2098
2015-02-16,18019.349609375,4751.9501953125,6857.10009765625,10923.23046875,15264.7998046875,24726.529296875,4893.83984375,18004.76953125,85230000.0,99362700.0,415979100.0,61995500.0,194129800.0,926608300.0,1942240000.0,152600000.0,2088.780029296875,2096.989990234375,3527450000.0,55.1500244140625,3.69,0.12,2.0,3.62,0.01,285000.0,0.24,0.65,-0.52075,158.907,1.51,4.53,10591.2369,51.14,2.58,2536.607,2.33,2.99,3.25,2319000.0,1800.4492
2015-02-23,18116.83984375,4862.2998046875,6912.2001953125,11130.919921875,15200.2998046875,24836.759765625,4960.97021484375,18466.919921875,83670000.0,102128000.0,680805600.0,76625500.0,188332600.0,1019276400.0,1754850000.0,157500000.0,2109.830078125,2109.659912109375,3093680000.0,55.1500244140625,3.76,0.12,2.11,3.76,0.02,305000.0,0.24,0.67,-0.5292,118.836,1.58,4.63,10618.691,51.69,2.72,2457.419,2.49,3.05,3.25,2341000.0,1810.1529
2015-03-02,18288.630859375,4917.31982421875,6940.60009765625,11410.3603515625,15264.099609375,24887.439453125,5008.10009765625,18826.880859375,89790000.0,149942900.0,778879400.0,80280900.0,192652600.0,1543093900.0,1931110000.0,134800000.0,2105.22998046875,2117.389892578125,3409490000.0,34.150146484375,3.8,0.12,2.01,3.65,0.02,317000.0,0.22,0.63,-0.53681,68.114,1.51,4.48,10667.7441,49.16,2.61,2328.963,2.39,3.07,3.25,2357000.0,1814.0011
2015-03-09,17995.720703125,4937.2001953125,6876.5,11582.1103515625,14854.5,24123.05078125,4942.43994140625,18790.55078125,85820000.0,119543200.0,670579200.0,70116300.0,182390300.0,1619496400.0,1696510000.0,118000000.0,2072.25,2079.429931640625,3349090000.0,50.25,3.75,0.09,2.13,3.74,0.02,293000.0,0.25,0.68,-0.54089,49.803,1.61,4.6,10658.8546,50.38,2.73,2522.095,2.51,3.03,3.25,2361000.0,1826.1867
2015-03-16,17977.419921875,5061.16015625,6804.10009765625,12167.7197265625,14862.7998046875,23949.55078125,4929.509765625,19246.060546875,101760000.0,109124000.0,685731900.0,112369900.0,187656200.0,1187740300.0,1713480000.0,129000000.0,2055.35009765625,2081.18994140625,3295600000.0,61.219970703125,3.86,0.12,2.14,3.7,0.03,290000.0,0.25,0.69,-0.54296,39.431,1.61,4.59,10665.7792,47.69,2.72,2688.257,2.5,3.1,3.25,2361000.0,1826.7931
2015-03-23,18116.0390625,5054.52001953125,7037.7001953125,11895.83984375,14957.2001953125,24494.509765625,5010.97021484375,19754.359375,98030000.0,112901000.0,673591200.0,88385400.0,161626900.0,1461178100.0,1608880000.0,124400000.0,2107.989990234375,2104.419921875,3267960000.0,73.6900634765625,3.78,0.11,2.0,3.62,0.03,284000.0,0.25,0.63,-0.54474,60.686,1.49,4.51,10657.3364,44.39,2.57,2782.935,2.36,3.06,3.25,2306000.0,1834.0606
2015-03-30,17976.310546875,5083.52001953125,6891.39990234375,12086.009765625,14908.400390625,24855.119140625,4947.43994140625,19411.400390625,104040000.0,112697900.0,639393900.0,75164200.0,167648700.0,2574119600.0,1778520000.0,136300000.0,2064.110107421875,2086.239990234375,2917690000.0,69.360107421875,3.69,0.12,1.94,3.54,0.03,269000.0,0.26,0.59,-0.54636,85.907,1.42,4.47,10673.5996,48.68,2.52,2706.627,2.29,2.97,3.25,2278000.0,1836.0276
2015-04-06,17880.849609375,5074.14013671875,6833.5,11967.3896484375,15100.7001953125,25275.640625,4917.31982421875,19397.98046875,100850000.0,77337100.0,575894800.0,70758500.0,157700500.0,2106782000.0,1737560000.0,96600000.0,2064.8701171875,2080.6201171875,3302970000.0,51.929931640625,3.7,0.11,1.91,3.49,0.03,282000.0,0.25,0.55,-0.54861,75.467,1.34,4.46,10728.2008,48.91,2.52,2667.344,2.28,2.98,3.25,2273000.0,1842.7107
2015-04-13,17977.0390625,5254.1201171875,7064.2998046875,12338.73046875,15383.599609375,28016.33984375,4988.25,19905.4609375,120090000.0,116785400.0,592637100.0,62629800.0,154725200.0,4727115800.0,1544190000.0,107000000.0,2102.030029296875,2092.429931640625,2908420000.0,51.929931640625,3.66,0.12,1.93,3.5,0.03,298000.0,0.22,0.54,-0.55145,55.206,1.36,4.47,10679.6126,51.78,2.56,2744.497,2.31,2.93,3.25,2320000.0,1839.7049
2015-04-20,18034.9296875,5187.58984375,7052.10009765625,11891.91015625,15412.599609375,27094.9296875,4994.60009765625,19634.490234375,103160000.0,116468000.0,583888000.0,73533300.0,153460400.0,3375883900.0,1646340000.0,144100000.0,2084.110107421875,2100.39990234375,3000160000.0,39.539794921875,3.67,0.12,1.9,3.47,0.02,295000.0,0.23,0.52,-0.55272,50.447,1.33,4.44,10699.9897,54.78,2.55,2793.314,2.3,2.94,3.25,2279000.0,1849.8054
2015-04-27,18037.970703125,5268.91015625,7104.0,12039.16015625,15344.099609375,28433.58984375,5060.25,19983.3203125,121110000.0,128430000.0,679761700.0,103024800.0,188782900.0,2790074700.0,2172470000.0,123500000.0,2119.2900390625,2108.919921875,3438750000.0,53.5498046875,3.65,0.13,1.94,3.54,0.03,269000.0,0.24,0.55,-0.55319,150.028,1.36,4.48,10651.1378,56.14,2.61,2679.047,2.36,2.92,3.25,2254000.0,1849.4576
2015-05-04,18070.400390625,5081.97021484375,6986.0,11619.849609375,15367.5,28123.8203125,5016.93017578125,19531.630859375,86010000.0,110373300.0,838058900.0,80328700.0,150908400.0,1999728900.0,1668200000.0,154100000.0,2110.22998046875,2114.489990234375,3091580000.0,48.329833984375,3.68,0.13,2.03,3.68,0.01,267000.0,0.25,0.57,-0.55118,219.702,1.42,4.61,10654.7646,57.98,2.72,2593.777,2.47,2.94,3.25,2261000.0,1852.9063
2015-05-11,18105.169921875,5027.8701171875,7029.89990234375,11673.349609375,15152.599609375,27718.19921875,4993.56982421875,19620.91015625,86050000.0,105803700.0,792210200.0,73175600.0,146601400.0,1540963800.0,1731390000.0,214400000.0,2115.56005859375,2105.330078125,2992670000.0,53.02001953125,3.8,0.12,2.19,3.91,0.01,271000.0,0.24,0.62,-0.5481,227.506,1.54,4.82,10656.1993,59.73,2.91,2595.402,2.65,3.02,3.25,2253000.0,1853.535
2015-05-18,18298.880859375,5012.31005859375,6968.89990234375,11594.2802734375,15108.099609375,27591.25,5078.43994140625,19890.26953125,79080000.0,99355700.0,614216300.0,78737700.0,163163400.0,1378791400.0,1643870000.0,206800000.0,2121.300048828125,2129.199951171875,2888190000.0,46.2099609375,3.85,0.13,2.24,4.02,0.02,276000.0,0.24,0.59,-0.54682,216.211,1.54,4.94,10726.2067,60.01,3.02,2619.317,2.74,3.07,3.25,2258000.0,1857.5535
2015-05-25,18232.01953125,5117.169921875,7031.7001953125,11815.009765625,15187.400390625,27992.830078125,5089.35986328125,20413.76953125,78890000.0,21000700.0,621811200.0,64150300.0,37855100.0,1899363800.0,1544920000.0,139800000.0,2130.360107421875,2126.06005859375,2571860000.0,34.2900390625,3.84,0.13,2.23,4.07,0.02,281000.0,0.23,0.61,-0.54727,181.641,1.56,4.96,10692.3412,58.95,3.02,2635.118,2.75,3.05,3.25,2236000.0,1866.2725
2015-06-01,18040.369140625,5025.2998046875,6953.60009765625,11436.0498046875,15074.099609375,27597.16015625,5082.93017578125,20569.869140625,85640000.0,97082300.0,694968900.0,75686700.0,139629200.0,1972936000.0,1902120000.0,173400000.0,2108.639892578125,2111.72998046875,3011710000.0,34.2900390625,3.87,0.13,2.13,3.95,0.01,275000.0,0.26,0.63,-0.54779,175.577,1.52,4.86,10736.192,58.19,2.89,2510.791,2.64,3.11,3.25,2294000.0,1870.8205
2015-06-08,17766.55078125,4857.66015625,6790.0,11064.919921875,14743.2998046875,27316.279296875,5021.6298828125,20457.189453125,86300000.0,100424300.0,539187300.0,98832900.0,153647900.0,2391660200.0,1712210000.0,139800000.0,2092.340087890625,2079.280029296875,2917150000.0,42.809814453125,3.87,0.1,2.31,4.13,0.02,278000.0,0.27,0.67,-0.54781,185.794,1.65,5.04,10709.2744,59.66,3.04,2444.765,2.8,3.08,3.25,2250000.0,1868.7276
2015-06-15,17791.169921875,4815.35986328125,6710.5,10984.9697265625,14756.099609375,26861.810546875,5029.97021484375,20387.7890625,91920000.0,106993300.0,557004700.0,80597400.0,147917300.0,1324712200.0,1790280000.0,115700000.0,2091.340087890625,2084.429931640625,3061570000.0,42.880126953125,4.04,0.13,2.42,4.2,0.02,269000.0,0.28,0.73,-0.54634,178.468,1.75,5.13,10712.9855,60.07,3.14,2654.281,2.88,3.25,3.25,2268000.0,1876.2712
2015-06-22,18119.779296875,4998.60986328125,6825.7001953125,11460.5,14790.5,27080.849609375,5153.97021484375,20428.189453125,77780000.0,170982500.0,749484400.0,119290900.0,150406700.0,1429174800.0,1619970000.0,140500000.0,2112.5,2122.85009765625,3030020000.0,57.380126953125,4.0,0.13,2.32,4.17,0.01,273000.0,0.27,0.68,-0.54215,207.648,1.65,5.1,10741.9509,59.89,3.09,2621.304,2.81,3.23,3.25,2265000.0,1878.6072
2015-06-29,17596.349609375,4869.81982421875,6620.5,11083.2001953125,14490.2001953125,25966.98046875,4958.47021484375,20109.94921875,116340000.0,171663100.0,762752000.0,134211000.0,162380600.0,3023218900.0,2025580000.0,165300000.0,2098.6298828125,2057.639892578125,3678960000.0,73.230224609375,4.02,0.13,2.41,4.26,0.01,275000.0,0.29,0.69,-0.53788,239.498,1.71,5.22,10784.0911,60.01,3.19,2530.324,2.9,3.21,3.25,2312000.0,1883.0036
2015-07-06,17683.580078125,4711.5400390625,6535.7001953125,10890.6298828125,14593.599609375,25236.279296875,4991.93994140625,20112.119140625,90130000.0,136187400.0,610644900.0,101564300.0,194847500.0,3514118700.0,1741500000.0,163700000.0,2073.949951171875,2068.760009765625,3486360000.0,68.780029296875,4.08,0.12,2.38,4.22,0.01,292000.0,0.27,0.65,-0.53203,227.457,1.65,5.22,10781.3981,57.92,3.15,2457.406,2.87,3.24,3.25,2233000.0,1888.2704
2015-07-13,17977.6796875,4998.10009765625,6738.0,11484.3798828125,14533.2001953125,25224.009765625,5071.509765625,20089.76953125,86380000.0,124421200.0,643184300.0,91886300.0,166202600.0,2124810600.0,1694140000.0,139000000.0,2080.030029296875,2099.60009765625,3096730000.0,68.780029296875,4.04,0.13,2.31,4.15,0.02,285000.0,0.26,0.6,-0.52827,182.596,1.57,5.17,10765.2565,52.38,3.08,2555.1,2.78,3.2,3.25,2226000.0,1888.0504
2015-07-20,18100.41015625,5142.490234375,6788.7001953125,11735.7197265625,14425.599609375,25404.810546875,5218.85986328125,20650.919921875,75060000.0,79072100.0,419532500.0,62910700.0,159506500.0,1088244600.0,1814180000.0,118100000.0,2126.85009765625,2128.280029296875,3245870000.0,80.080078125,4.09,0.13,2.38,4.22,0.02,265000.0,0.28,0.67,-0.52523,176.411,1.67,5.27,10793.5968,51.68,3.15,2620.137,2.85,3.25,3.25,2267000.0,1891.2193
2015-07-27,17440.58984375,4927.60009765625,6505.10009765625,11056.400390625,14001.400390625,24351.9609375,5039.77978515625,20350.099609375,117860000.0,117642300.0,678322600.0,88788400.0,190016900.0,2317678800.0,1942520000.0,122600000.0,2078.18994140625,2067.639892578125,3836750000.0,69.300048828125,4.04,0.13,2.32,4.13,0.04,269000.0,0.33,0.72,-0.51844,194.772,1.68,5.18,10813.4853,49.21,3.03,2631.543,2.73,3.21,3.25,2253000.0,1890.6804
2015-08-03,17598.19921875,5120.52001953125,6688.60009765625,11443.7197265625,14468.400390625,24411.419921875,5115.3798828125,20548.109375,87880000.0,102330900.0,679885300.0,80392800.0,191981600.0,1466970000.0,1790080000.0,173600000.0,2104.489990234375,2098.0400390625,3476770000.0,50.719970703125,3.98,0.13,2.25,4.06,0.06,270000.0,0.33,0.69,-0.50577,196.825,1.59,5.16,10763.0307,47.91,2.95,2624.646,2.65,3.17,3.25,2257000.0,1887.2229
2015-08-10,17615.169921875,5195.41015625,6736.2001953125,11604.7802734375,14466.400390625,24521.119140625,5101.7998046875,20808.689453125,92430000.0,75338800.0,765478700.0,61246000.0,175189600.0,1211647200.0,1784930000.0,138700000.0,2080.97998046875,2104.179931640625,3514460000.0,46.330078125,3.91,0.11,2.22,4.02,0.07,274000.0,0.36,0.72,-0.48739,203.501,1.6,5.12,10799.8294,44.94,2.89,2598.529,2.58,3.13,3.25,2247000.0,1894.6791
2015-08-17,17545.1796875,4984.830078125,6550.2998046875,10940.330078125,14251.5,23814.650390625,5091.7001953125,20620.259765625,73380000.0,80693900.0,471278500.0,71128300.0,145429400.0,1197838600.0,1510790000.0,106600000.0,2089.699951171875,2102.43994140625,2867690000.0,53.260009765625,3.94,0.14,2.18,4.02,0.1,279000.0,0.39,0.71,-0.46489,196.323,1.57,5.14,10812.9137,43.2,2.85,2558.957,2.54,3.17,3.25,2256000.0,1897.6402
2015-08-24,15871.349609375,4383.4599609375,5898.89990234375,9648.4296875,13052.7001953125,21251.5703125,4526.25,18540.6796875,293920000.0,323292800.0,1657266300.0,294378200.0,318857900.0,3579922600.0,3508840000.0,274400000.0,1965.1500244140625,1893.2099609375,6612690000.0,236.4599609375,3.93,0.15,2.12,3.99,0.05,274000.0,0.39,0.69,-0.44038,177.883,1.52,5.16,10839.5967,41.34,2.8,2528.568,2.49,3.15,3.25,2252000.0,1901.626
2015-08-31,16528.029296875,4652.9501953125,6247.89990234375,10259.4599609375,13859.099609375,21670.580078125,4776.509765625,18890.48046875,141440000.0,90060900.0,868831700.0,78175000.0,274554700.0,2686630600.0,1839010000.0,167600000.0,1986.72998046875,1972.1800537109375,3915100000.0,167.0699462890625,3.84,0.15,2.14,4.09,0.06,279000.0,0.36,0.67,-0.41853,128.581,1.47,5.29,10882.3765,40.73,2.87,2682.256,2.56,3.06,3.25,2258000.0,1911.9086
2015-09-07,16102.3798828125,4549.64013671875,6074.5,10108.6103515625,13478.2998046875,20583.51953125,4683.919921875,17860.470703125,127270000.0,67094800.0,464760500.0,56074300.0,142024500.0,1656172300.0,1574720000.0,164600000.0,1947.760009765625,1921.219970703125,3167090000.0,90.4100341796875,3.89,0.13,2.18,4.12,0.04,273000.0,0.37,0.72,-0.40493,120.354,1.5,5.34,10861.6054,46.73,2.94,2682.003,2.63,3.09,3.25,2243000.0,1911.5792
2015-09-14,16370.9599609375,4518.14990234375,6084.60009765625,10131.740234375,13353.2998046875,21561.900390625,4805.759765625,17965.69921875,92660000.0,100294700.0,598665000.0,77501900.0,161268500.0,1472113700.0,1467740000.0,126500000.0,1963.06005859375,1953.030029296875,3000200000.0,90.4100341796875,3.9,0.14,2.21,4.09,0.04,264000.0,0.39,0.74,-0.39974,85.792,1.53,5.33,10874.9141,45.16,2.97,2731.228,2.65,3.1,3.25,2255000.0,1912.2237
2015-09-21,16510.189453125,4585.5,6108.7001953125,9948.509765625,13779.400390625,21756.9296875,4828.9501953125,18070.2109375,90730000.0,103003700.0,697537600.0,117875400.0,185414200.0,1372777800.0,2021530000.0,172000000.0,1960.8399658203125,1966.969970703125,3269350000.0,81.6700439453125,3.91,0.14,2.22,4.1,0.04,269000.0,0.41,0.75,-0.40199,117.411,1.54,5.37,10855.3912,45.48,3.01,2696.511,2.67,3.11,3.25,2234000.0,1915.9675
2015-09-28,16001.8896484375,4357.0498046875,5958.89990234375,9483.5498046875,13004.599609375,21186.3203125,4543.97021484375,17645.109375,139930000.0,134411100.0,968395200.0,106339000.0,188785200.0,1728956700.0,2387610000.0,130800000.0,1929.1800537109375,1881.77001953125,4326660000.0,110.4500732421875,3.86,0.14,2.16,4.03,0.0,272000.0,0.34,0.7,-0.41052,153.512,1.47,5.33,10861.1939,45.57,2.96,2622.865,2.6,3.08,3.25,2240000.0,1912.9399
2015-10-05,16776.4296875,4616.89990234375,6298.89990234375,9814.7900390625,13552.2001953125,21854.5,4781.259765625,18005.490234375,127660000.0,142138000.0,863396300.0,121330200.0,304422500.0,1468789300.0,2005320000.0,120900000.0,1954.3299560546875,1987.050048828125,4334490000.0,117.260009765625,3.85,0.12,2.05,3.98,0.0,267000.0,0.31,0.63,-0.42251,145.165,1.36,5.33,10872.6032,45.0,2.85,2514.321,2.49,3.07,3.25,2207000.0,1921.1877
2015-10-12,17131.859375,4688.7001953125,6371.2001953125,10119.830078125,13964.400390625,22730.9296875,4838.64013671875,18438.669921875,72500000.0,96002100.0,535951300.0,105142500.0,252713400.0,1871862800.0,1343820000.0,185000000.0,2015.6500244140625,2017.4599609375,2893250000.0,126.4300537109375,3.76,0.13,2.09,4.01,0.0,265000.0,0.27,0.63,-0.4399,83.381,1.37,5.38,10880.5572,48.36,2.91,2632.633,2.53,2.99,3.25,2214000.0,1926.2393
2015-10-19,17230.5390625,4704.06982421875,6352.2998046875,10164.3095703125,13758.400390625,23075.609375,4905.47021484375,18131.23046875,118430000.0,88461400.0,476841500.0,68180300.0,180214100.0,1259219800.0,1619920000.0,121300000.0,2031.72998046875,2033.6600341796875,3287320000.0,43.719970703125,3.82,0.13,2.03,3.92,0.01,264000.0,0.23,0.61,-0.4553,66.439,1.34,5.32,10893.5453,46.82,2.87,2697.18,2.46,3.03,3.25,2194000.0,1934.0331
2015-10-26,17623.05078125,4897.1298828125,6417.0,10801.33984375,13790.900390625,23116.25,5034.7001953125,18947.119140625,116660000.0,98118000.0,441044400.0,75352100.0,188864000.0,1465182800.0,1758690000.0,121800000.0,2075.080078125,2071.179931640625,3385800000.0,62.52001953125,3.79,0.13,2.06,3.92,0.01,264000.0,0.23,0.64,-0.46919,60.403,1.38,5.33,10930.0289,45.16,2.89,2693.306,2.5,2.98,3.25,2218000.0,1928.1869
2015-11-02,17828.759765625,4916.2099609375,6361.7998046875,10950.669921875,13623.0,22370.0390625,5127.14990234375,18683.240234375,100840000.0,113864200.0,506603500.0,95950600.0,172222200.0,1688748100.0,1888180000.0,148300000.0,2080.760009765625,2104.050048828125,3760020000.0,48.010009765625,3.76,0.12,2.11,3.94,0.05,275000.0,0.31,0.71,-0.48013,47.1,1.46,5.33,10952.5963,44.99,2.9,2657.762,2.53,2.98,3.25,2205000.0,1931.3631
2015-11-09,17730.48046875,4911.169921875,6295.2001953125,10815.4501953125,13482.599609375,22726.76953125,5095.2998046875,19642.740234375,121210000.0,101330800.0,658685600.0,75764100.0,185883900.0,1544945200.0,1850770000.0,168800000.0,2096.56005859375,2078.580078125,3882350000.0,48.239990234375,3.87,0.1,2.26,4.05,0.06,276000.0,0.41,0.83,-0.48602,29.795,1.64,5.43,10972.513,45.98,3.01,2642.566,2.67,3.09,3.25,2209000.0,1932.1399
2015-11-16,17483.009765625,4804.31005859375,6146.39990234375,10713.23046875,13317.5,22010.8203125,4984.6201171875,19393.689453125,137590000.0,108609700.0,602945000.0,65211900.0,181704800.0,1816444100.0,1819190000.0,111500000.0,2022.0799560546875,2053.18994140625,3741240000.0,82.5198974609375,3.98,0.12,2.32,4.11,0.14,272000.0,0.5,0.88,-0.48444,107.125,1.72,5.5,10967.3027,42.7,3.09,2655.976,2.76,3.2,3.25,2185000.0,1947.8439
2015-11-23,17792.6796875,4889.1201171875,6305.5,11092.3095703125,13382.400390625,22665.900390625,5102.47998046875,19879.810546875,134680000.0,96366200.0,585321500.0,61688400.0,156074700.0,1075994800.0,1668280000.0,109700000.0,2089.409912109375,2086.590087890625,3587980000.0,77.6700439453125,3.97,0.12,2.26,4.07,0.13,261000.0,0.49,0.9,-0.47623,133.021,1.68,5.47,10943.6513,40.62,3.03,2634.137,2.69,3.18,3.25,2181000.0,1945.6362
2015-11-30,17719.919921875,4957.60009765625,6356.10009765625,11382.23046875,13469.7998046875,21996.419921875,5108.669921875,19747.470703125,155560000.0,113125600.0,834458200.0,95920300.0,298491200.0,2928378600.0,2244550000.0,161200000.0,2090.949951171875,2080.409912109375,4275030000.0,51.1600341796875,3.95,0.12,2.24,4.0,0.17,265000.0,0.51,0.93,-0.46222,163.491,1.67,5.44,10978.2008,40.49,3.0,2553.608,2.65,3.18,3.25,2259000.0,1948.0091
2015-12-07,17730.509765625,4756.41015625,6223.5,10886.08984375,13042.7998046875,22203.220703125,5101.81005859375,19698.150390625,99670000.0,103508000.0,542255600.0,72014100.0,228591200.0,1290311100.0,1952690000.0,103300000.0,2090.419921875,2077.070068359375,4043820000.0,61.9200439453125,3.93,0.12,2.23,3.97,0.21,280000.0,0.54,0.94,-0.44278,212.756,1.66,5.41,10933.4174,40.4,2.98,2518.901,2.62,3.16,3.25,2242000.0,1952.5813
2015-12-14,17368.5,4473.06982421875,5874.10009765625,10139.33984375,12695.5,21309.849609375,4952.22998046875,18883.419921875,142540000.0,154702400.0,781019600.0,97320100.0,246218400.0,1716020200.0,2216060000.0,134300000.0,2013.3699951171875,2021.93994140625,4612440000.0,100.580078125,3.95,0.13,2.21,3.95,0.26,268000.0,0.71,0.93,-0.4192,186.624,1.65,5.4,10950.4498,36.93,2.95,2523.87,2.58,3.19,3.25,2190000.0,1952.5749
2015-12-21,17251.619140625,4565.169921875,6034.7998046875,10497.76953125,13034.400390625,21791.6796875,4968.919921875,18916.01953125,114910000.0,114513000.0,545001400.0,79428900.0,192207100.0,1302760700.0,1673400000.0,154800000.0,2010.27001953125,2021.1500244140625,3760280000.0,83.4599609375,3.97,0.14,2.25,3.97,0.24,260000.0,0.69,0.99,-0.39576,196.343,1.7,5.47,10924.6717,35.78,2.96,2535.562,2.59,3.22,3.25,2176000.0,1954.8957
2015-12-28,17528.26953125,4617.9501953125,6254.60009765625,10653.91015625,13309.7998046875,21919.619140625,5040.990234375,18873.349609375,59770000.0,44645300.0,108851800.0,35335900.0,72358500.0,874126000.0,1310650000.0,102300000.0,2057.77001953125,2056.5,2492510000.0,71.3900146484375,3.96,0.37,2.24,3.96,0.21,276000.0,0.65,1.0,-0.37426,267.608,1.71,5.49,10950.2684,36.26,2.96,2408.573,2.6,3.22,3.5,2207000.0,1952.3901
2016-01-04,17148.939453125,4522.4501953125,6093.39990234375,10283.4404296875,12927.2001953125,21327.119140625,4903.08984375,18450.98046875,148060000.0,130633900.0,686232700.0,119844300.0,186952500.0,1712094800.0,2218420000.0,140200000.0,2038.199951171875,2012.6600341796875,4304880000.0,71.3900146484375,4.01,0.36,2.29,4.01,0.21,273000.0,0.66,1.07,-0.35593,290.467,1.78,5.51,10871.732,36.99,3.01,2306.241,2.66,3.24,3.5,2218000.0,1952.46
2016-01-11,16398.5703125,4312.740234375,5871.7998046875,9825.0703125,12319.2998046875,19888.5,4637.990234375,17697.9609375,127790000.0,107025000.0,817313600.0,92547600.0,208496500.0,2127840400.0,2391110000.0,184300000.0,1926.1199951171875,1923.6700439453125,4607290000.0,161.4400634765625,3.97,0.27,2.19,3.98,0.21,284000.0,0.65,0.99,-0.3398,333.22,1.66,5.46,10948.2648,34.65,2.95,2121.654,2.6,3.26,3.5,2190000.0,1954.3336
2016-01-18,15988.080078125,4189.56982421875,5779.89990234375,9521.849609375,11942.2001953125,19237.44921875,4488.419921875,16955.5703125,239210000.0,126059700.0,718879400.0,91275200.0,100097400.0,2038630500.0,2818630000.0,157200000.0,1916.6800537109375,1880.3299560546875,5468460000.0,127.489990234375,3.92,0.36,2.1,3.95,0.22,290000.0,0.58,0.91,-0.32446,302.983,1.52,5.42,10949.9108,30.59,2.88,2421.899,2.5,3.19,3.5,2221000.0,1950.8908
2016-01-25,15885.2197265625,4311.330078125,5877.0,9736.150390625,12143.2001953125,19340.140625,4518.490234375,17110.91015625,123250000.0,119945600.0,803777200.0,94406900.0,224918400.0,1776766600.0,2028880000.0,157000000.0,1906.280029296875,1877.0799560546875,4401380000.0,127.489990234375,3.81,0.36,2.04,4.03,0.28,269000.0,0.46,0.86,-0.3116,285.318,1.47,5.45,10959.1476,29.19,2.8,2454.769,2.44,3.1,3.5,2199000.0,1963.0881
2016-02-01,16449.1796875,4392.330078125,6060.10009765625,9757.8798828125,12674.400390625,19595.5,4620.3701171875,17865.23046875,114450000.0,106985100.0,808643200.0,92729400.0,207051200.0,1596458400.0,1983340000.0,245000000.0,1936.93994140625,1939.3800048828125,4322530000.0,74.5,3.79,0.38,2.0,4.05,0.32,282000.0,0.47,0.83,-0.30129,341.996,1.42,5.46,10968.1389,31.81,2.79,2395.752,2.4,3.07,3.5,2210000.0,1972.7931
2016-02-08,16027.0498046875,4066.31005859375,5689.39990234375,8979.3603515625,12535.400390625,19288.169921875,4283.75,17004.30078125,165880000.0,165143900.0,995838800.0,154467600.0,275959400.0,1264808100.0,2702070000.0,200100000.0,1873.25,1853.43994140625,5636460000.0,118.739990234375,3.72,0.34,1.89,4.03,0.32,266000.0,0.52,0.74,-0.2947,350.858,1.29,5.4,10983.9311,31.26,2.7,2374.971,2.3,3.01,3.5,2213000.0,1987.8978
2016-02-15,15973.83984375,4115.25,5824.2998046875,9206.83984375,12381.2001953125,18918.140625,4337.509765625,16022.580078125,132550000.0,123815300.0,724655800.0,127182100.0,252630300.0,1729340100.0,1983190000.0,232200000.0,1833.4000244140625,1864.780029296875,4696920000.0,117.25,3.65,0.38,1.71,3.92,0.3,262000.0,0.51,0.68,-0.29425,317.303,1.15,5.29,10997.6759,28.14,2.55,2441.826,2.13,2.95,3.5,2206000.0,1980.2693
2016-02-22,16620.66015625,4298.7001953125,6037.7001953125,9573.58984375,12845.599609375,19464.08984375,4570.60986328125,16111.0498046875,102240000.0,104477100.0,822107000.0,93879900.0,293520100.0,1207462000.0,1794020000.0,139800000.0,1924.43994140625,1945.5,4054710000.0,117.25,3.65,0.38,1.78,4.01,0.3,270000.0,0.53,0.74,-0.30495,266.76,1.24,5.37,11026.4012,30.02,2.64,2478.361,2.19,2.95,3.5,2203000.0,1981.5314
2016-02-29,16516.5,4353.5498046875,6097.10009765625,9495.400390625,12860.400390625,19111.9296875,4557.9501953125,16026.759765625,126220000.0,122273800.0,941705500.0,93792500.0,299128600.0,1270443900.0,2065260000.0,164300000.0,1947.1300048828125,1932.22998046875,4588180000.0,71.9599609375,3.62,0.38,1.75,3.91,0.32,269000.0,0.56,0.76,-0.3223,237.95,1.22,5.31,11025.9918,31.32,2.61,2421.445,2.17,2.93,3.5,2180000.0,1982.1134
2016-03-07,17073.94921875,4442.2900390625,6182.39990234375,9778.9296875,13383.599609375,20159.720703125,4708.25,16911.3203125,100290000.0,121147100.0,817955900.0,78146900.0,343216600.0,1930240900.0,2084390000.0,159500000.0,1996.1099853515625,2001.760009765625,4968180000.0,77.3199462890625,3.64,0.36,1.82,3.89,0.31,255000.0,0.66,0.84,-0.34336,237.207,1.32,5.32,11061.4156,34.43,2.67,2481.508,2.25,2.94,3.5,2203000.0,2012.0086
2016-03-14,17229.130859375,4506.58984375,6174.60009765625,9990.259765625,13477.5,20435.33984375,4750.27978515625,17233.75,96350000.0,125097000.0,688585100.0,91438200.0,232678300.0,1722861700.0,1615100000.0,140900000.0,2019.27001953125,2019.6400146484375,3487850000.0,55.3199462890625,3.68,0.36,1.91,3.88,0.31,263000.0,0.68,0.92,-0.36314,211.443,1.42,5.25,11078.0528,37.69,2.69,2515.893,2.28,2.96,3.5,2163000.0,2015.1082
2016-03-21,17623.869140625,4427.7998046875,6184.60009765625,9948.6396484375,13561.099609375,20684.150390625,4808.8701171875,16724.810546875,84410000.0,90434900.0,532073700.0,78954200.0,182302300.0,1520109900.0,1609230000.0,155700000.0,2047.8800048828125,2051.60009765625,3376600000.0,59.199951171875,3.73,0.36,1.93,3.8,0.31,264000.0,0.67,0.91,-0.37878,235.634,1.43,5.13,11072.0629,38.32,2.71,2499.512,2.3,2.99,3.5,2138000.0,2017.3865
2016-03-28,17535.390625,4329.68017578125,6106.5,9851.349609375,13390.2001953125,20345.609375,4766.7900390625,17134.369140625,70460000.0,109844400.0,625282200.0,73414500.0,133834300.0,1460918200.0,1381000000.0,123500000.0,2037.8900146484375,2037.050048828125,2809090000.0,46.56005859375,3.71,0.37,1.91,3.78,0.3,271000.0,0.64,0.89,-0.38731,296.956,1.39,5.01,11122.4121,39.45,2.69,2422.534,2.29,2.96,3.5,2165000.0,2018.7792
2016-04-04,17737.0,4345.22021484375,6164.7001953125,9822.080078125,13336.2001953125,20498.919921875,4891.7998046875,16123.26953125,85230000.0,106194400.0,546684700.0,73483200.0,162699600.0,1633594800.0,1705730000.0,144800000.0,2073.18994140625,2066.1298828125,3485710000.0,46.56005859375,3.71,0.37,1.82,3.73,0.23,273000.0,0.62,0.78,-0.39058,284.66,1.27,4.91,11084.5197,36.82,2.63,2408.417,2.22,2.98,3.5,2151000.0,2019.7564
2016-04-11,17556.41015625,4312.6298828125,6200.10009765625,9682.990234375,13422.7998046875,20440.810546875,4833.39990234375,15751.1298828125,107100000.0,103360100.0,552586500.0,78479700.0,215507800.0,1234203400.0,1545540000.0,129900000.0,2050.22998046875,2041.989990234375,3567840000.0,41.27001953125,3.59,0.35,1.74,3.63,0.23,263000.0,0.55,0.72,-0.39008,264.323,1.18,4.82,11122.3923,36.72,2.56,2391.977,2.14,2.88,3.5,2139000.0,2025.661
2016-04-18,18004.16015625,4506.83984375,6353.5,10120.3095703125,13719.7998046875,21161.5,4960.02001953125,16275.9501953125,89390000.0,92413600.0,594992600.0,66507700.0,223276100.0,1426843200.0,1672260000.0,140600000.0,2078.830078125,2094.340087890625,3316880000.0,54.919921875,3.58,0.37,1.77,3.61,0.22,257000.0,0.54,0.74,-0.38931,239.635,1.22,4.78,11150.8091,41.23,2.58,2496.83,2.16,2.86,3.5,2135000.0,2030.6099
2016-04-25,17977.240234375,4546.1201171875,6260.89990234375,10294.349609375,13796.0,21304.439453125,4895.7900390625,17439.30078125,83770000.0,87927900.0,688678400.0,75159700.0,182890300.0,1199972500.0,1582270000.0,171600000.0,2089.3701171875,2087.7900390625,3319740000.0,37.400146484375,3.59,0.37,1.84,3.57,0.22,259000.0,0.54,0.8,-0.38905,268.785,1.31,4.77,11165.4583,41.86,2.65,2470.25,2.24,2.85,3.5,2137000.0,2035.4418
2016-05-02,17891.16015625,4442.75,6241.89990234375,10123.26953125,13865.599609375,21067.05078125,4817.58984375,16147.3798828125,80100000.0,63246300.0,865553800.0,62290300.0,240760400.0,1603138400.0,1880460000.0,179900000.0,2067.169921875,2081.429931640625,3841110000.0,47.60986328125,3.66,0.37,1.88,3.62,0.23,278000.0,0.58,0.82,-0.38817,346.166,1.33,4.75,11142.5727,44.3,2.71,2374.158,2.3,2.89,3.5,2183000.0,2036.886
2016-05-09,17705.91015625,4322.81005859375,6114.7998046875,9980.490234375,13563.7998046875,20156.810546875,4750.2099609375,16216.0302734375,85590000.0,112215100.0,669494900.0,80186000.0,200744000.0,1323285400.0,1625100000.0,118800000.0,2057.550048828125,2058.68994140625,3788620000.0,43.969970703125,3.61,0.34,1.81,3.66,0.2,289000.0,0.52,0.75,-0.38652,336.357,1.25,4.66,11187.4078,44.22,2.65,2361.0,2.23,2.86,3.5,2185000.0,2042.8593
2016-05-16,17710.7109375,4312.27978515625,6151.39990234375,9952.900390625,13893.5,19883.94921875,4775.4599609375,16466.400390625,88440000.0,48829700.0,445329500.0,85100100.0,213145800.0,1486067400.0,1741510000.0,125100000.0,2046.530029296875,2066.659912109375,3501360000.0,45.420166015625,3.57,0.37,1.75,3.63,0.26,279000.0,0.53,0.74,-0.38462,315.369,1.21,4.64,11183.2587,45.44,2.59,2401.68,2.17,2.81,3.5,2177000.0,2045.9352
2016-05-23,17492.9296875,4325.10009765625,6136.39990234375,9842.2900390625,13919.599609375,19809.029296875,4765.77978515625,16654.599609375,87790000.0,78807700.0,653011400.0,76899500.0,192297500.0,1086593700.0,1865110000.0,116500000.0,2052.22998046875,2048.0400390625,3055480000.0,45.9698486328125,3.58,0.37,1.82,3.65,0.3,267000.0,0.62,0.86,-0.38123,295.339,1.34,4.69,11173.3183,47.99,2.62,2416.214,2.22,2.81,3.5,2186000.0,2043.4594
2016-05-30,17873.220703125,4529.39990234375,6270.7998046875,10333.23046875,14086.7001953125,20629.390625,4933.5,17068.01953125,73190000.0,39995000.0,559788200.0,35396900.0,69147900.0,1793022100.0,1505020000.0,100300000.0,2090.06005859375,2099.06005859375,3079150000.0,73.1500244140625,3.64,0.37,1.85,3.67,0.33,263000.0,0.68,0.9,-0.37587,268.619,1.39,4.71,11201.9201,48.72,2.65,2332.537,2.25,2.89,3.5,2131000.0,2053.7113
2016-06-06,17920.330078125,4423.3798828125,6273.39990234375,10121.080078125,14276.2001953125,21030.220703125,4968.7099609375,16580.029296875,71870000.0,73061400.0,732583800.0,55122000.0,221587400.0,1431229200.0,1663840000.0,122200000.0,2100.830078125,2109.409912109375,3442020000.0,73.1500244140625,3.66,0.36,1.8,3.59,0.3,265000.0,0.67,0.86,-0.36873,267.948,1.34,4.64,11224.5075,49.0,2.59,2393.953,2.18,2.92,3.5,2170000.0,2051.3001
2016-06-13,17732.48046875,4227.02001953125,6045.0,9657.4404296875,13993.900390625,20512.990234375,4848.43994140625,16019.1796875,101690000.0,115884600.0,827452100.0,102325200.0,230786000.0,2083433200.0,1888300000.0,126200000.0,2091.75,2079.06005859375,3392030000.0,42.090087890625,3.6,0.37,1.7,3.51,0.26,273000.0,0.59,0.77,-0.36067,236.351,1.22,4.55,11264.874,50.18,2.5,2429.639,2.07,2.87,3.5,2158000.0,2049.7624
2016-06-20,17804.869140625,4340.759765625,6204.0,9962.01953125,14015.099609375,20510.19921875,4837.2099609375,15965.2998046875,99380000.0,114524100.0,979119000.0,94347700.0,192086300.0,1565765000.0,1779560000.0,132000000.0,2075.580078125,2083.25,3467440000.0,59.199951171875,3.54,0.37,1.61,3.45,0.27,261000.0,0.53,0.71,-0.35169,231.257,1.12,4.49,11287.9279,47.89,2.42,2449.153,1.99,2.81,3.5,2160000.0,2048.3518
2016-06-27,17140.240234375,4030.300048828125,5982.2001953125,9268.66015625,13689.7998046875,20227.30078125,4594.43994140625,15309.2099609375,138740000.0,130042900.0,2430429000.0,209916500.0,285929200.0,1789673800.0,2659650000.0,161900000.0,2031.449951171875,2000.5400390625,5431220000.0,121.6400146484375,3.56,0.38,1.68,3.56,0.28,262000.0,0.55,0.73,-0.34494,316.838,1.18,4.56,11267.6075,48.71,2.49,2361.897,2.05,2.83,3.5,2139000.0,2046.6154
2016-07-04,17949.369140625,4234.85986328125,6522.2998046875,9709.08984375,14258.900390625,21059.19921875,4862.56982421875,15775.7998046875,82160000.0,74903000.0,748239600.0,79934200.0,116770200.0,1838333600.0,1745130000.0,108500000.0,2099.340087890625,2102.949951171875,3458890000.0,121.6400146484375,3.48,0.4,1.47,3.39,0.26,255000.0,0.45,0.6,-0.33979,337.093,1.01,4.39,11250.743,48.17,2.28,2256.344,1.84,2.78,3.5,2131000.0,2056.1484
2016-07-11,18226.9296875,4264.52978515625,6682.89990234375,9833.41015625,14361.900390625,20880.5,4988.64013671875,15708.8203125,80880000.0,93378500.0,939285500.0,80795500.0,209798400.0,1998671500.0,1718450000.0,138900000.0,2131.719970703125,2137.159912109375,3253340000.0,121.6400146484375,3.41,0.39,1.38,3.21,0.28,252000.0,0.46,0.58,-0.33906,303.297,0.95,4.19,11284.1863,46.17,2.13,2253.41,1.71,2.74,3.5,2125000.0,2062.2002
2016-07-18,18533.05078125,4357.740234375,6695.39990234375,10063.1298828125,14532.400390625,21803.1796875,5055.77978515625,16497.849609375,75540000.0,70379900.0,851731500.0,70742900.0,130542800.0,1368767600.0,1585570000.0,171900000.0,2162.0400390625,2166.889892578125,3009310000.0,62.080078125,3.42,0.4,1.51,3.27,0.31,260000.0,0.52,0.68,-0.34203,316.064,1.09,4.21,11281.0717,45.6,2.22,2310.766,1.81,2.72,3.5,2140000.0,2061.5753
2016-07-25,18493.060546875,4388.0,6710.10009765625,10198.240234375,14498.099609375,21993.439453125,5097.6298828125,16620.2890625,76810000.0,77833000.0,661596700.0,58553200.0,155254500.0,1189962100.0,1770620000.0,102900000.0,2173.7099609375,2168.47998046875,3057240000.0,19.83984375,3.45,0.4,1.58,3.34,0.32,264000.0,0.55,0.7,-0.3458,329.15,1.13,4.24,11273.9526,44.44,2.29,2327.654,1.9,2.75,3.5,2134000.0,2057.5981
2016-08-01,18404.509765625,4409.169921875,6694.0,10330.51953125,14582.7001953125,22129.140625,5184.2001953125,16635.76953125,83470000.0,86698300.0,705878400.0,84752800.0,186151000.0,1815980500.0,1866590000.0,174100000.0,2173.14990234375,2170.840087890625,3505990000.0,19.219970703125,3.48,0.4,1.53,3.29,0.29,266000.0,0.53,0.72,-0.35026,325.499,1.1,4.2,11282.3552,41.83,2.24,2322.008,1.85,2.78,3.5,2143000.0,2054.259
2016-08-08,18529.2890625,4415.4599609375,6809.10009765625,10432.3603515625,14755.599609375,22494.759765625,5213.14013671875,16650.5703125,71810000.0,70007000.0,731849100.0,66865100.0,178590800.0,1409047300.0,1624450000.0,141600000.0,2183.760009765625,2180.889892578125,3327550000.0,37.85986328125,3.43,0.36,1.54,3.4,0.28,265000.0,0.52,0.67,-0.35277,298.813,1.07,4.29,11352.151,40.82,2.28,2332.761,1.87,2.74,3.5,2157000.0,2051.867
2016-08-15,18636.05078125,4497.85986328125,6941.2001953125,10739.2099609375,14777.0,22932.509765625,5262.02001953125,16869.560546875,62350000.0,43395900.0,534981000.0,42913900.0,149004800.0,2496263600.0,1533170000.0,83700000.0,2186.080078125,2190.14990234375,3078530000.0,25.02001953125,3.45,0.4,1.54,3.34,0.29,264000.0,0.56,0.72,-0.35273,259.832,1.12,4.25,11349.2538,43.11,2.26,2395.226,1.87,2.76,3.5,2137000.0,2051.0838
2016-08-22,18529.419921875,4389.93994140625,6828.5,10494.349609375,14748.2001953125,22997.91015625,5244.60009765625,16598.189453125,73450000.0,65669900.0,598174100.0,60733200.0,157517700.0,1720666500.0,1560210000.0,95300000.0,2181.580078125,2182.639892578125,2777550000.0,25.31005859375,3.43,0.4,1.56,3.31,0.29,264000.0,0.58,0.74,-0.34939,260.81,1.15,4.25,11394.7865,47.16,2.28,2328.544,1.91,2.74,3.5,2148000.0,2049.1296
2016-08-29,18502.990234375,4424.25,6838.10009765625,10544.4404296875,14682.0,22821.33984375,5232.330078125,16737.490234375,64480000.0,48533900.0,516535900.0,35059800.0,136914200.0,1262573400.0,1416640000.0,113900000.0,2170.18994140625,2180.3798828125,2654780000.0,33.030029296875,3.43,0.4,1.57,3.26,0.31,261000.0,0.59,0.78,-0.34272,254.376,1.16,4.21,11383.6045,47.05,2.26,2358.138,1.9,2.74,3.5,2138000.0,2051.5291
2016-09-05,18491.9609375,4541.080078125,6879.39990234375,10672.2197265625,14795.7001953125,23649.55078125,5249.89990234375,17037.630859375,74350000.0,75716900.0,556659100.0,58164200.0,174034400.0,1915393300.0,1474200000.0,127400000.0,2177.489990234375,2179.97998046875,3091120000.0,30.849853515625,3.46,0.39,1.58,3.24,0.33,257000.0,0.61,0.8,-0.33371,274.195,1.19,4.19,11375.5679,45.11,2.24,2337.96,1.91,2.77,3.5,2149000.0,2053.7318
2016-09-12,18325.0703125,4439.7998046875,6700.89990234375,10431.76953125,14597.099609375,23290.599609375,5211.89013671875,16672.919921875,103260000.0,98367100.0,861327100.0,172217200.0,202210600.0,2533454700.0,2007610000.0,112800000.0,2120.860107421875,2159.0400390625,4010480000.0,30.849853515625,3.44,0.4,1.59,3.33,0.34,252000.0,0.57,0.76,-0.32576,236.154,1.17,4.25,11387.9649,45.96,2.3,2373.809,1.96,2.76,3.5,2110000.0,2065.5109
2016-09-19,18120.169921875,4394.18994140625,6813.60009765625,10373.8701171875,14496.2001953125,23550.44921875,5235.02978515625,16519.2890625,78090000.0,80744000.0,685155700.0,72793700.0,166805200.0,2052783800.0,1792650000.0,127100000.0,2143.989990234375,2139.1201171875,3141820000.0,49.9599609375,3.5,0.4,1.7,3.49,0.33,250000.0,0.61,0.77,-0.31987,243.082,1.22,4.41,11422.3486,44.34,2.45,2368.491,2.1,2.77,3.5,2098000.0,2066.2886
2016-09-26,18094.830078125,4407.85009765625,6818.0,10393.7099609375,14619.5,23317.919921875,5257.490234375,16544.560546875,95510000.0,86235100.0,772058900.0,105447100.0,156349500.0,1652771300.0,1672190000.0,102900000.0,2158.5400390625,2146.10009765625,3199910000.0,48.7900390625,3.48,0.4,1.66,3.47,0.24,247000.0,0.6,0.79,-0.31765,340.448,1.19,4.35,11356.9858,44.59,2.39,2244.467,2.06,2.76,3.5,2081000.0,2072.2951
2016-10-03,18253.849609375,4453.56005859375,6983.5,10511.01953125,14689.0,23584.4296875,5300.8701171875,16598.669921875,68520000.0,61707600.0,723046300.0,188168400.0,159504200.0,953365300.0,1606460000.0,99200000.0,2164.330078125,2161.199951171875,3113850000.0,33.75,3.42,0.4,1.58,3.4,0.26,245000.0,0.59,0.75,-0.32009,351.7,1.13,4.26,11350.1754,46.55,2.3,2131.792,1.97,2.72,3.5,2080000.0,2074.6015
2016-10-10,18329.0390625,4497.259765625,7097.5,10624.080078125,14566.2998046875,23851.8203125,5328.669921875,16860.08984375,72110000.0,87470600.0,848672800.0,101673900.0,192554700.0,1137835500.0,1365600000.0,100300000.0,2160.389892578125,2163.659912109375,2881970000.0,31.2900390625,3.42,0.35,1.7,3.49,0.32,250000.0,0.65,0.83,-0.32718,347.76,1.24,4.34,11369.6996,49.48,2.42,1999.935,2.1,2.72,3.5,2081000.0,2078.7889
2016-10-17,18086.400390625,4450.22998046875,6947.60009765625,10503.5703125,14596.5,23037.5390625,5199.81982421875,16900.119140625,75960000.0,69410300.0,705888600.0,63729900.0,140504400.0,1121480100.0,1427060000.0,95100000.0,2132.949951171875,2126.5,2832440000.0,54.880126953125,3.47,0.4,1.78,3.52,0.33,263000.0,0.67,0.86,-0.33622,356.185,1.29,4.38,11369.4503,50.29,2.51,2129.766,2.18,2.76,3.5,2069000.0,2082.7288
2016-10-24,18223.029296875,4552.580078125,6986.39990234375,10761.169921875,14923.0,23604.080078125,5309.830078125,17234.419921875,88540000.0,83826400.0,657275100.0,79892800.0,175545700.0,1804798700.0,1533370000.0,87700000.0,2148.5,2151.330078125,3359950000.0,30.360107421875,3.52,0.41,1.76,3.48,0.34,256000.0,0.66,0.82,-0.34737,391.988,1.25,4.37,11365.9197,50.56,2.5,2147.216,2.17,2.79,3.5,2066000.0,2088.883
2016-10-31,18142.419921875,4509.259765625,6954.2001953125,10665.009765625,14787.2998046875,22934.5390625,5189.14013671875,17425.01953125,110080000.0,88366600.0,786510100.0,70462700.0,187207800.0,1297925200.0,1709060000.0,157200000.0,2129.780029296875,2126.14990234375,3926560000.0,35.429931640625,3.47,0.41,1.81,3.54,0.32,265000.0,0.67,0.86,-0.36074,429.027,1.3,4.4,11400.4243,49.36,2.55,2061.583,2.22,2.78,3.5,2067000.0,2090.7806
2016-11-07,18259.599609375,4461.2099609375,6806.89990234375,10456.9501953125,14652.5,22801.400390625,5166.169921875,17177.2109375,93450000.0,89701700.0,862189600.0,84888900.0,176604500.0,1376889500.0,1916620000.0,113000000.0,2100.590087890625,2131.52001953125,3739720000.0,56.929931640625,3.54,0.4,1.82,3.62,0.36,250000.0,0.64,0.82,-0.37403,417.665,1.27,4.46,11390.0645,45.51,2.58,2107.987,2.24,2.84,3.5,2046000.0,2088.3943
2016-11-14,18868.689453125,4508.5498046875,6753.2001953125,10693.6904296875,14598.5,22222.220703125,5218.39990234375,17672.619140625,112250000.0,132886300.0,1053182100.0,134894100.0,289726600.0,1910149300.0,2371900000.0,165300000.0,2165.639892578125,2164.199951171875,5373670000.0,98.510009765625,3.57,0.41,1.98,3.77,0.44,232000.0,0.7,0.88,-0.39021,376.217,1.42,4.62,11417.935,44.61,2.76,2175.67,2.41,2.88,3.5,2045000.0,2087.9934
2016-11-21,18956.689453125,4529.580078125,6778.0,10685.1298828125,15039.900390625,22357.779296875,5368.85986328125,18106.01953125,80520000.0,84146400.0,781736600.0,73724200.0,212035000.0,1370598600.0,1748170000.0,135700000.0,2186.429931640625,2198.179931640625,3611500000.0,46.2099609375,3.94,0.41,2.26,3.94,0.47,246000.0,0.77,1.03,-0.40613,400.625,1.71,4.82,11438.5697,45.15,2.98,2167.766,2.66,3.14,3.5,2050000.0,2090.1505
2016-11-28,19097.900390625,4510.39013671875,6799.5,10582.669921875,15015.400390625,22830.5703125,5368.81005859375,18356.890625,88460000.0,82981500.0,688383900.0,75862500.0,189238400.0,1816314100.0,1630150000.0,145000000.0,2210.2099609375,2201.719970703125,3515100000.0,38.420166015625,4.03,0.41,2.34,4.01,0.48,255000.0,0.79,1.1,-0.42012,399.665,1.81,4.84,11428.5367,47.25,3.01,2130.901,2.7,3.25,3.5,2038000.0,2089.0822
2016-12-05,19216.240234375,4574.31982421875,6746.7998046875,10684.830078125,15095.2001953125,22505.55078125,5308.89013671875,18274.990234375,317800000.0,111540300.0,790521700.0,107266900.0,227069700.0,1626049800.0,1800570000.0,134500000.0,2200.64990234375,2204.7099609375,3898530000.0,26.66015625,4.08,0.4,2.37,4.01,0.48,248000.0,0.8,1.11,-0.4318,409.36,1.83,4.81,11428.6872,48.63,3.03,2096.684,2.73,3.34,3.5,2029000.0,2090.0422
2016-12-12,19796.4296875,4760.77001953125,6890.39990234375,11190.2099609375,15287.7001953125,22433.01953125,5412.5400390625,19155.029296875,333660000.0,98372500.0,917840600.0,89811700.0,238602200.0,2014527900.0,1931840000.0,200600000.0,2258.830078125,2256.9599609375,4038850000.0,75.659912109375,4.13,0.41,2.4,4.05,0.5,252000.0,0.84,1.12,-0.44087,343.355,1.84,4.83,11440.1721,50.97,3.08,2143.979,2.79,3.36,3.5,2030000.0,2090.7461
2016-12-19,19883.060546875,4822.77001953125,7017.2001953125,11426.7001953125,15269.900390625,21832.6796875,5457.43994140625,19391.599609375,302310000.0,94842000.0,626061400.0,80884600.0,206908400.0,1328500400.0,1688680000.0,106000000.0,2259.239990234375,2262.530029296875,3252840000.0,29.090087890625,4.16,0.41,2.54,4.09,0.52,260000.0,0.89,1.23,-0.44666,324.525,2.0,4.87,11473.0969,51.91,3.16,2138.296,2.87,3.37,3.5,2078000.0,2086.2034
2016-12-26,19933.810546875,4839.68017578125,7068.2001953125,11449.9296875,15328.2001953125,21574.759765625,5462.68994140625,19396.640625,158260000.0,48362600.0,186159300.0,53446200.0,113543700.0,1775512200.0,1144900000.0,85500000.0,2260.25,2263.7900390625,2021230000.0,18.7900390625,4.3,0.66,2.55,4.06,0.51,257000.0,0.88,1.23,-0.45092,388.497,2.04,4.82,11460.5357,51.95,3.13,2023.009,2.86,3.52,3.75,2077000.0,2083.8156
2017-01-02,19762.599609375,4882.3798828125,7142.7998046875,11598.330078125,15287.599609375,22000.560546875,5383.1201171875,19114.369140625,271910000.0,34310400.0,316700000.0,47456100.0,151033900.0,2396676500.0,1551690000.0,117800000.0,2251.610107421875,2238.830078125,2671550000.0,18.7900390625,4.32,0.66,2.51,4.02,0.5,244000.0,0.87,1.24,-0.45627,380.679,2.0,4.77,11486.1338,53.6,3.09,1952.555,2.83,3.55,3.75,2028000.0,2078.1707
2017-01-09,19887.380859375,4887.56982421875,7237.7998046875,11563.990234375,15389.0,22558.689453125,5531.81982421875,19454.330078125,287510000.0,72709600.0,705536400.0,78728200.0,186465200.0,1303532900.0,1887740000.0,119100000.0,2273.590087890625,2268.89990234375,3219730000.0,18.7900390625,4.2,0.6,2.43,3.91,0.52,245000.0,0.86,1.21,-0.46159,387.989,1.92,4.68,11533.255,53.34,3.01,1845.396,2.75,3.44,3.75,2080000.0,2076.2795
2017-01-16,19885.73046875,4882.18017578125,7327.10009765625,11554.7099609375,15479.2998046875,22718.150390625,5574.1201171875,19095.240234375,263780000.0,71928500.0,633737000.0,61105200.0,73294800.0,1313357700.0,1611260000.0,119100000.0,2272.739990234375,2274.639892578125,3090680000.0,27.85009765625,4.12,0.66,2.38,3.87,0.51,240000.0,0.82,1.2,-0.46736,372.492,1.89,4.62,11502.8011,52.07,2.98,2068.178,2.69,3.37,3.75,2099000.0,2082.7214
2017-01-23,19799.849609375,4821.41015625,7151.2001953125,11545.75,15480.099609375,22898.51953125,5552.93994140625,18891.029296875,326690000.0,78546600.0,714162600.0,77901600.0,189354900.0,1068403800.0,1652370000.0,124800000.0,2267.780029296875,2265.199951171875,3155240000.0,27.85009765625,4.09,0.66,2.43,3.92,0.52,250000.0,0.82,1.21,-0.47206,366.09,1.92,4.65,11539.2033,51.82,3.01,2148.195,2.74,3.34,3.75,2067000.0,2083.5796
2017-01-30,19971.130859375,4784.64013671875,7118.5,11681.8896484375,15405.099609375,23360.779296875,5613.7099609375,19368.849609375,317280000.0,83384600.0,890006700.0,75301200.0,201825700.0,777897700.0,1782380000.0,97800000.0,2286.010009765625,2280.89990234375,3595040000.0,43.969970703125,4.19,0.66,2.48,3.97,0.5,241000.0,0.81,1.21,-0.47486,390.842,1.94,4.69,11518.4445,52.74,3.06,2116.497,2.79,3.4,3.75,2078000.0,2083.7618
2017-02-06,20052.419921875,4778.080078125,7172.2001953125,11509.83984375,15456.900390625,23348.240234375,5663.5498046875,18976.7109375,281720000.0,76878800.0,614802900.0,92395100.0,189735800.0,1439947300.0,1736140000.0,120500000.0,2294.280029296875,2292.56005859375,3112390000.0,31.81005859375,4.19,0.65,2.48,4.0,0.51,230000.0,0.83,1.21,-0.47561,374.841,1.92,4.71,11581.395,53.33,3.08,2155.126,2.8,3.41,3.75,2064000.0,2083.9371
2017-02-13,20412.16015625,4888.18994140625,7278.89990234375,11774.4296875,15756.599609375,23710.98046875,5763.9599609375,19459.150390625,314620000.0,102000800.0,645414300.0,76660400.0,177735900.0,1990274600.0,1843480000.0,117900000.0,2321.719970703125,2328.25,3352370000.0,46.2001953125,4.17,0.66,2.39,3.95,0.53,233000.0,0.8,1.17,-0.4751,305.735,1.86,4.64,11548.0663,52.88,3.01,2220.721,2.73,3.39,3.75,2076000.0,2084.9071
2017-02-20,20624.05078125,4864.990234375,7299.89990234375,11827.6201171875,15838.599609375,24146.080078125,5838.580078125,19251.080078125,340620000.0,68415900.0,635938500.0,54693400.0,201416400.0,1936955000.0,1879030000.0,98900000.0,2343.010009765625,2351.159912109375,3516830000.0,54.699951171875,4.15,0.66,2.46,3.98,0.53,237000.0,0.83,1.23,-0.47295,309.919,1.96,4.66,11579.2381,53.22,3.05,2246.912,2.8,3.35,3.75,2034000.0,2083.2321
2017-02-27,20837.439453125,4845.18017578125,7253.0,11822.669921875,15463.5,23925.05078125,5861.89990234375,19107.470703125,256540000.0,89282400.0,831112100.0,62847100.0,431018400.0,1727456200.0,1882610000.0,124200000.0,2365.22998046875,2369.75,3584680000.0,54.699951171875,4.16,0.66,2.39,3.91,0.52,221000.0,0.82,1.19,-0.46996,258.292,1.88,4.6,11554.9176,54.03,3.01,2239.022,2.75,3.37,3.75,2065000.0,2080.4702
2017-03-06,20954.33984375,4972.18994140625,7350.10009765625,11958.400390625,15629.7998046875,23596.279296875,5849.18017578125,19379.140625,266620000.0,90426900.0,738066600.0,96192800.0,203871700.0,1442731400.0,1774040000.0,88000000.0,2375.22998046875,2375.31005859375,3251800000.0,48.10986328125,4.1,0.65,2.43,3.91,0.6,236000.0,0.91,1.27,-0.46768,175.496,1.96,4.61,11610.1814,53.56,3.04,2261.623,2.78,3.32,3.75,2020000.0,2081.5226
2017-03-13,20881.48046875,4999.60009765625,7367.10009765625,11990.0302734375,15544.7998046875,23829.669921875,5875.77978515625,19633.75,289260000.0,84024800.0,687295500.0,75690500.0,233150100.0,2016201800.0,1812460000.0,92600000.0,2371.56005859375,2373.469970703125,3166650000.0,29.349853515625,4.21,0.66,2.55,4.05,0.73,228000.0,1.02,1.34,-0.46463,88.22,2.08,4.72,11588.7673,50.5,3.14,2343.906,2.89,3.42,3.75,2002000.0,2064.4253
2017-03-20,20905.859375,5012.16015625,7429.7998046875,12052.900390625,15442.2998046875,24501.990234375,5901.52978515625,19521.58984375,253610000.0,64225900.0,611042100.0,107350200.0,188533500.0,1716660600.0,1736790000.0,137100000.0,2378.239990234375,2373.469970703125,3061560000.0,31.830078125,4.3,0.66,2.55,4.09,0.74,235000.0,1.03,1.36,-0.46143,38.579,2.07,4.75,11654.5076,48.03,3.15,2360.216,2.91,3.5,3.75,2021000.0,2071.5346
2017-03-27,20550.98046875,5017.43017578125,7293.5,11996.0703125,15506.2001953125,24193.69921875,5840.3701171875,18985.58984375,269380000.0,94079200.0,779235000.0,86289200.0,188275700.0,1730336000.0,1673060000.0,120800000.0,2329.110107421875,2341.590087890625,3242300000.0,63.4599609375,4.23,0.91,2.42,3.98,0.76,236000.0,1.0,1.27,-0.45893,70.827,1.96,4.65,11644.1177,47.28,3.03,2311.413,2.78,3.44,4.0,2027000.0,2059.4913
2017-04-03,20650.2109375,5085.91015625,7282.7001953125,12257.2001953125,15584.400390625,24261.48046875,5894.68017578125,18983.23046875,285670000.0,81634900.0,746218600.0,85845700.0,208062900.0,1708951000.0,1852990000.0,134200000.0,2362.340087890625,2358.840087890625,3418730000.0,48.169921875,4.14,0.91,2.4,3.93,0.77,216000.0,1.03,1.28,-0.45934,65.187,1.94,4.63,11620.4261,49.14,3.01,2308.932,2.76,3.39,4.0,1990000.0,2061.0309
2017-04-10,20658.01953125,5107.4501953125,7348.89990234375,12200.51953125,15730.7998046875,24262.1796875,5880.93017578125,18797.880859375,230480000.0,70156500.0,668786200.0,56772300.0,164370600.0,1193963800.0,1633190000.0,111300000.0,2357.159912109375,2357.159912109375,2792570000.0,33.630126953125,4.1,0.87,2.35,3.93,0.79,222000.0,1.04,1.25,-0.46194,89.21,1.88,4.62,11656.1046,51.26,2.99,2233.858,2.72,3.36,4.0,1968000.0,2065.1273
2017-04-17,20636.919921875,5071.10009765625,7327.60009765625,12109.0,15684.900390625,24261.66015625,5856.7900390625,18355.259765625,229240000.0,97291600.0,715928200.0,73577600.0,160815800.0,1334077800.0,1383550000.0,0.0,2332.6201171875,2349.010009765625,2826890000.0,49.41015625,4.08,0.91,2.3,3.86,0.81,231000.0,1.05,1.25,-0.46756,122.218,1.83,4.56,11665.5353,53.19,2.93,2358.407,2.67,3.34,4.0,1961000.0,2064.6728
2017-04-24,20763.890625,5268.85009765625,7264.7001953125,12454.98046875,15712.5,24139.48046875,5983.81982421875,18875.880859375,342400000.0,228792800.0,1027266000.0,186060600.0,202147700.0,1338069100.0,1842880000.0,98100000.0,2370.330078125,2374.14990234375,3711170000.0,49.41015625,3.97,0.91,2.23,3.82,0.8,238000.0,1.02,1.2,-0.47565,164.543,1.76,4.51,11677.7848,51.09,2.88,2343.34,2.6,3.23,4.0,1962000.0,2063.7865
2017-05-01,20913.4609375,5267.330078125,7203.89990234375,12438.009765625,15575.599609375,24615.130859375,6091.60009765625,19310.51953125,288160000.0,122645300.0,1148718800.0,101811900.0,202493500.0,1181584600.0,1763100000.0,106500000.0,2388.5,2388.330078125,3201500000.0,53.64990234375,4.03,0.91,2.31,3.87,0.8,232000.0,1.06,1.27,-0.48635,234.219,1.83,4.58,11669.6246,49.12,2.96,2239.041,2.68,3.27,4.0,1896000.0,2070.4477
2017-05-08,21012.279296875,5382.9501953125,7300.89990234375,12694.5498046875,15652.099609375,24577.91015625,6102.66015625,19895.69921875,276150000.0,116136600.0,716672700.0,97719300.0,199934100.0,1357855500.0,1912030000.0,148700000.0,2399.93994140625,2399.3798828125,3429990000.0,21.610107421875,4.02,0.88,2.33,3.89,0.84,233000.0,1.1,1.3,-0.49754,244.655,1.86,4.6,11676.7797,47.21,2.99,2173.987,2.71,3.27,4.0,1892000.0,2075.8484
2017-05-15,20981.939453125,5417.39990234375,7454.39990234375,12807.0400390625,15629.5,25371.58984375,6149.669921875,19869.849609375,313170000.0,97533000.0,831966500.0,84466400.0,207388000.0,2212734400.0,1865450000.0,128300000.0,2393.97998046875,2402.320068359375,3490080000.0,22.31005859375,4.05,0.91,2.39,3.92,0.88,234000.0,1.13,1.34,-0.50896,199.013,1.91,4.62,11706.5822,47.04,3.02,2232.191,2.77,3.29,4.0,1902000.0,2070.2805
2017-05-22,20894.830078125,5322.8798828125,7496.2998046875,12619.4599609375,15458.5,25391.33984375,6133.6201171875,19678.279296875,276120000.0,73526700.0,672758000.0,73068700.0,209881600.0,1410586000.0,1728190000.0,78500000.0,2387.2099609375,2394.02001953125,3176580000.0,53.050048828125,4.02,0.91,2.27,3.81,0.9,236000.0,1.1,1.28,-0.51968,186.08,1.81,4.52,11724.95,49.24,2.94,2240.327,2.68,3.27,4.0,1900000.0,2073.1195
2017-05-29,21080.279296875,5332.47021484375,7547.60009765625,12628.9501953125,15421.900390625,25701.630859375,6210.18994140625,19682.5703125,208000000.0,43001700.0,773534000.0,36925100.0,58843500.0,1077784400.0,1573200000.0,67300000.0,2414.5,2415.820068359375,2806930000.0,65.989990234375,3.95,0.91,2.26,3.82,0.92,253000.0,1.15,1.3,-0.53071,167.165,1.8,4.5,11748.76,50.21,2.92,2222.412,2.65,3.19,4.0,1891000.0,2072.9916
2017-06-05,21184.0390625,5307.89013671875,7525.7998046875,12822.9404296875,15409.7998046875,25862.990234375,6295.68017578125,20170.8203125,269790000.0,48932000.0,606693000.0,88411500.0,143408600.0,1766176100.0,1742160000.0,99100000.0,2437.830078125,2436.10009765625,2916720000.0,65.989990234375,3.94,0.9,2.2,3.75,0.95,251000.0,1.16,1.28,-0.53948,170.984,1.75,4.44,11740.8286,48.48,2.86,2221.628,2.59,3.19,4.0,1909000.0,2067.1154
2017-06-12,21235.669921875,5240.58984375,7511.89990234375,12690.4404296875,15383.7998046875,25708.0390625,6175.4599609375,19908.580078125,528080000.0,85538800.0,691742100.0,94035600.0,213191100.0,1614682000.0,2588860000.0,112100000.0,2425.8798828125,2429.389892578125,4031840000.0,30.5,3.89,0.91,2.18,3.72,0.97,245000.0,1.18,1.32,-0.54611,152.444,1.74,4.41,11730.9244,46.57,2.84,2272.308,2.56,3.16,4.0,1914000.0,2069.3166
2017-06-19,21528.990234375,5310.72021484375,7523.7998046875,12888.9501953125,15266.0,25924.55078125,6239.009765625,20067.75,289400000.0,77527800.0,551165300.0,77935300.0,187796400.0,1116125500.0,1989290000.0,79700000.0,2442.550048828125,2453.4599609375,3271480000.0,38.1201171875,3.91,0.91,2.18,3.7,0.99,249000.0,1.21,1.35,-0.55084,153.646,1.76,4.38,11719.7377,45.3,2.82,2274.716,2.55,3.18,4.0,1915000.0,2069.7023
2017-06-26,21409.55078125,5295.75,7446.7998046875,12770.830078125,15316.0,25871.890625,6247.14990234375,20153.349609375,241880000.0,67071900.0,702710000.0,68282500.0,149923100.0,1206191500.0,2155460000.0,77000000.0,2443.320068359375,2439.070068359375,3243660000.0,30.940185546875,3.9,1.16,2.16,3.62,0.97,247000.0,1.22,1.35,-0.55399,212.275,1.78,4.32,11722.9605,43.09,2.74,2209.82,2.49,3.17,4.25,1929000.0,2078.5938
2017-07-03,21479.26953125,5195.72021484375,7377.10009765625,12475.3095703125,15182.2001953125,25784.169921875,6110.06005859375,20055.80078125,186810000.0,76373400.0,704804300.0,77064400.0,183600900.0,1505017700.0,1091030000.0,83400000.0,2431.389892578125,2429.010009765625,1901480000.0,44.719970703125,3.88,1.16,2.23,3.65,1.0,256000.0,1.22,1.37,-0.55768,208.365,1.83,4.35,11711.323,44.63,2.78,2162.742,2.55,3.17,4.25,1911000.0,2073.5845
2017-07-10,21408.51953125,5165.64013671875,7370.0,12445.919921875,15105.2998046875,25500.060546875,6176.39013671875,20080.98046875,270340000.0,60989800.0,597132300.0,69350000.0,149962300.0,1743504600.0,1681270000.0,85700000.0,2424.510009765625,2427.429931640625,3009880000.0,44.719970703125,3.96,1.12,2.36,3.75,1.03,259000.0,1.23,1.41,-0.5617,177.006,1.94,4.43,11764.9416,44.96,2.89,2076.34,2.67,3.22,4.25,1942000.0,2073.2095
2017-07-17,21629.720703125,5230.169921875,7404.10009765625,12587.16015625,15165.400390625,26470.580078125,6314.43017578125,20118.859375,244780000.0,53978000.0,595711600.0,53127900.0,132561400.0,1837446700.0,1563390000.0,83100000.0,2459.5,2459.139892578125,2800580000.0,50.75,4.03,1.16,2.35,3.74,1.03,245000.0,1.22,1.37,-0.56661,171.033,1.9,4.44,11751.1143,45.51,2.91,2220.769,2.68,3.29,4.25,1929000.0,2072.8826
2017-07-24,21513.169921875,5127.7001953125,7377.7001953125,12208.9501953125,15128.7001953125,26846.830078125,6410.81005859375,19975.669921875,284080000.0,72053200.0,1074177600.0,86156000.0,114964000.0,1532468700.0,1748140000.0,81300000.0,2472.0400390625,2469.909912109375,3019920000.0,30.93017578125,3.96,1.16,2.27,3.65,1.09,249000.0,1.22,1.36,-0.57053,180.4,1.83,4.34,11767.2726,46.41,2.85,2254.092,2.61,3.23,4.25,1928000.0,2075.7073
2017-07-31,21891.119140625,5093.77001953125,7372.0,12118.25,15143.900390625,27323.990234375,6348.1201171875,19925.1796875,307610000.0,87612000.0,898503100.0,86603200.0,159564700.0,1693214100.0,1898830000.0,140300000.0,2475.93994140625,2470.300048828125,3475930000.0,24.110107421875,3.92,1.16,2.3,3.67,1.11,245000.0,1.23,1.37,-0.57109,191.404,1.85,4.36,11801.4992,48.27,2.89,2280.565,2.65,3.2,4.25,1926000.0,2077.9601
2017-08-07,22118.419921875,5207.89013671875,7531.89990234375,12257.169921875,15258.0,27690.359375,6383.77001953125,20055.890625,213010000.0,63788300.0,613223700.0,66014200.0,154934900.0,1484632800.0,1704010000.0,75300000.0,2477.139892578125,2480.909912109375,2935130000.0,16.2900390625,3.93,1.15,2.27,3.64,1.06,254000.0,1.23,1.35,-0.56766,180.348,1.81,4.32,11803.3596,49.52,2.85,2271.315,2.61,3.18,4.25,1928000.0,2082.5843
2017-08-14,21993.7109375,5121.669921875,7353.89990234375,12165.1201171875,15119.900390625,27250.23046875,6340.22998046875,19537.099609375,235030000.0,57283400.0,536696000.0,77716000.0,148058200.0,1416372000.0,1702570000.0,108300000.0,2454.9599609375,2465.840087890625,2824320000.0,53.1201171875,3.9,1.16,2.24,3.64,1.03,245000.0,1.22,1.34,-0.56092,149.862,1.8,4.33,11802.1364,49.08,2.82,2332.293,2.58,3.18,4.25,1926000.0,2083.0093
2017-08-21,21703.75,5087.58984375,7318.89990234375,12065.990234375,14951.900390625,27154.6796875,6213.1298828125,19393.130859375,277880000.0,59101700.0,536324300.0,69988000.0,119609300.0,1770623000.0,1582990000.0,75300000.0,2425.5,2428.3701171875,2803650000.0,57.579833984375,3.89,1.16,2.22,3.65,1.0,245000.0,1.24,1.33,-0.5531,130.954,1.78,4.32,11829.713,47.52,2.8,2336.388,2.57,3.16,4.25,1928000.0,2081.8693
2017-08-28,21808.400390625,5079.75,7401.5,12123.4697265625,15052.0,27863.2890625,6283.02001953125,19449.900390625,218740000.0,37172200.0,498099600.0,34804100.0,126788200.0,3019391000.0,1565110000.0,69500000.0,2447.35009765625,2444.239990234375,2682920000.0,37.419921875,3.86,1.16,2.19,3.63,0.99,247000.0,1.23,1.33,-0.54716,82.077,1.77,4.3,11831.9713,47.68,2.77,2359.64,2.52,3.16,4.25,1912000.0,2084.5294
2017-09-04,21987.560546875,5103.97021484375,7411.5,12102.2099609375,15191.599609375,27740.259765625,6435.330078125,19508.25,256240000.0,44171300.0,389133300.0,43695300.0,129936400.0,1626723800.0,1489120000.0,71700000.0,2474.419921875,2476.550048828125,2712780000.0,52.179931640625,3.82,1.16,2.14,3.62,1.0,297000.0,1.23,1.33,-0.54458,61.057,1.72,4.29,11815.0235,46.68,2.75,2364.546,2.49,3.12,4.25,1911000.0,2086.7012
2017-09-11,22057.369140625,5176.7099609375,7413.60009765625,12475.240234375,15040.2998046875,27955.130859375,6432.259765625,19545.76953125,312770000.0,76915100.0,614926800.0,76820300.0,163375200.0,1381742800.0,1819310000.0,78700000.0,2474.52001953125,2488.110107421875,3293460000.0,52.179931640625,3.78,1.15,2.07,3.59,1.03,280000.0,1.23,1.29,-0.54575,37.563,1.65,4.24,11852.4899,48.58,2.69,2366.129,2.43,3.08,4.25,1939000.0,2090.4349
2017-09-18,22331.349609375,5229.31982421875,7253.2998046875,12559.3896484375,15236.7001953125,28159.76953125,6454.64013671875,19909.5,302740000.0,61537100.0,712298700.0,58346600.0,165350500.0,1546268100.0,1881900000.0,111900000.0,2502.510009765625,2503.8701171875,3204700000.0,48.920166015625,3.78,1.16,2.18,3.65,1.03,261000.0,1.27,1.35,-0.55104,70.232,1.77,4.31,11862.2217,49.07,2.77,2358.933,2.52,3.08,4.25,1872000.0,2095.6574
2017-09-25,22296.08984375,5267.1298828125,7301.2998046875,12594.8095703125,15516.2001953125,27500.33984375,6370.58984375,20397.580078125,332430000.0,64221800.0,584594700.0,78636700.0,199184000.0,1800222600.0,2061150000.0,82800000.0,2499.389892578125,2496.659912109375,3314530000.0,20.820068359375,3.83,1.16,2.26,3.65,1.02,264000.0,1.31,1.43,-0.55826,127.782,1.87,4.33,11873.222,50.12,2.81,2292.801,2.57,3.13,4.25,1871000.0,2108.1053
2017-10-02,22557.599609375,5350.43994140625,7438.7998046875,12902.650390625,15705.0,27554.30078125,6516.72021484375,20400.779296875,268530000.0,68575600.0,864401100.0,72676600.0,156580500.0,1665527400.0,1984400000.0,67600000.0,2521.199951171875,2529.1201171875,3226370000.0,41.199951171875,3.83,1.16,2.28,3.61,1.04,260000.0,1.31,1.46,-0.56608,164.652,1.89,4.32,11873.9396,51.77,2.83,2212.709,2.59,3.13,4.25,1871000.0,2109.522
2017-10-09,22761.0703125,5365.830078125,7507.89990234375,12976.400390625,15728.2998046875,28326.58984375,6579.72998046875,20690.7109375,310770000.0,55296900.0,675841500.0,60873300.0,138492000.0,1745232800.0,1494160000.0,75900000.0,2551.389892578125,2544.72998046875,2486940000.0,44.52001953125,3.85,1.12,2.34,3.61,1.04,252000.0,1.33,1.49,-0.57451,160.433,1.94,4.34,11938.7006,50.23,2.88,2149.215,2.65,3.15,4.25,1869000.0,2117.2602
2017-10-16,22956.9609375,5362.8798828125,7527.0,13003.7001953125,15802.7001953125,28692.80078125,6624.0,21255.560546875,247180000.0,63076900.0,715914400.0,54658400.0,146651400.0,1740653100.0,1632240000.0,102300000.0,2555.570068359375,2557.639892578125,2918030000.0,17.869873046875,3.91,1.16,2.33,3.59,1.07,235000.0,1.41,1.51,-0.58281,169.766,1.94,4.31,11946.7874,50.77,2.86,2264.498,2.62,3.21,4.25,1902000.0,2118.065
2017-10-23,23273.9609375,5386.81005859375,7524.5,13003.1396484375,15855.7998046875,28305.880859375,6586.830078125,21696.650390625,456830000.0,63702000.0,548853900.0,59592200.0,142570700.0,1712055400.0,1813080000.0,87400000.0,2578.080078125,2564.97998046875,3214470000.0,30.3701171875,3.88,1.16,2.33,3.57,1.08,241000.0,1.42,1.57,-0.59085,178.974,1.98,4.28,11900.7727,51.74,2.84,2281.294,2.61,3.19,4.25,1913000.0,2109.0129
2017-10-30,23348.740234375,5493.6298828125,7487.7998046875,13229.5703125,16002.7998046875,28336.189453125,6698.9599609375,22011.669921875,436900000.0,67428800.0,727471900.0,71315000.0,188586400.0,2133304700.0,2015920000.0,135600000.0,2577.75,2572.830078125,3660230000.0,38.97998046875,3.94,1.16,2.42,3.63,1.09,241000.0,1.43,1.6,-0.59816,196.332,2.04,4.35,11949.4198,52.51,2.93,2243.832,2.71,3.25,4.25,1927000.0,2111.1093
2017-11-06,23548.419921875,5507.25,7562.2998046875,13468.7900390625,16092.2001953125,28596.80078125,6786.43994140625,22548.349609375,325190000.0,70213800.0,615052400.0,89626000.0,196882200.0,2260004000.0,2173120000.0,111900000.0,2587.469970703125,2591.1298828125,3541970000.0,27.43994140625,3.94,1.15,2.36,3.56,1.14,248000.0,1.45,1.61,-0.60532,193.546,2.0,4.28,11984.9722,54.59,2.85,2243.215,2.63,3.27,4.25,1939000.0,2108.3435
2017-11-13,23439.69921875,5341.6298828125,7415.2001953125,13074.419921875,16026.2998046875,29182.1796875,6757.60009765625,22380.990234375,491260000.0,84572600.0,745139300.0,101909100.0,138974400.0,1786820800.0,1976460000.0,80700000.0,2576.530029296875,2584.840087890625,3405200000.0,30.68994140625,3.9,1.16,2.34,3.54,1.2,254000.0,1.52,1.64,-0.61021,177.78,2.01,4.24,11952.7965,57.05,2.81,2311.929,2.59,3.24,4.25,1944000.0,2108.262
2017-11-20,23430.330078125,5340.4501953125,7389.5,13058.66015625,16004.400390625,29260.310546875,6790.7099609375,22261.759765625,315330000.0,66757000.0,716131100.0,90392400.0,154502800.0,1619910000.0,1811750000.0,71700000.0,2579.489990234375,2582.139892578125,3023940000.0,32.64013671875,3.95,1.16,2.37,3.64,1.24,246000.0,1.57,1.7,-0.61302,174.631,2.06,4.3,11955.0399,55.81,2.81,2336.255,2.62,3.31,4.25,1974000.0,2106.2495
2017-11-27,23580.779296875,5360.08984375,7383.89990234375,13000.2001953125,16042.099609375,29686.189453125,6878.52001953125,22495.990234375,296320000.0,62120700.0,636742900.0,64100100.0,135241000.0,1485230700.0,1781550000.0,66600000.0,2602.659912109375,2601.419921875,3017720000.0,43.739990234375,3.92,1.16,2.35,3.55,1.27,243000.0,1.62,1.76,-0.61419,163.579,2.08,4.25,11954.9811,57.47,2.76,2339.907,2.58,3.32,4.25,1997000.0,2102.9127
2017-12-04,24290.05078125,5389.2900390625,7339.0,13058.5498046875,15969.0,29138.279296875,6775.3701171875,22707.16015625,424250000.0,81907500.0,745259400.0,85813900.0,172661600.0,1624072100.0,2427170000.0,68900000.0,2657.18994140625,2639.43994140625,4025840000.0,66.31982421875,3.9,1.16,2.36,3.56,1.26,241000.0,1.62,1.77,-0.61388,172.282,2.1,4.27,11916.0416,57.81,2.79,2294.895,2.6,3.3,4.25,1953000.0,2102.5117
2017-12-11,24386.029296875,5386.830078125,7453.5,13123.650390625,16103.5,28965.2890625,6875.080078125,22938.73046875,300580000.0,68771400.0,906705100.0,71491100.0,150667200.0,2127756300.0,1836780000.0,69500000.0,2652.18994140625,2659.989990234375,3141480000.0,59.669921875,3.94,1.15,2.36,3.51,1.27,229000.0,1.66,1.8,-0.61318,127.586,2.14,4.23,11971.0443,56.92,2.75,2325.09,2.57,3.36,4.25,1984000.0,2099.9743
2017-12-18,24792.19921875,5420.580078125,7537.0,13312.2998046875,16131.599609375,29050.41015625,6994.759765625,22901.76953125,354880000.0,81891400.0,568259400.0,93660800.0,172506500.0,1637861800.0,2150580000.0,85200000.0,2685.919921875,2690.159912109375,3727770000.0,50.869873046875,3.93,1.16,2.37,3.48,1.3,244000.0,1.7,1.82,-0.61464,76.208,2.15,4.2,11962.273,57.17,2.74,2352.562,2.56,3.36,4.25,2006000.0,2099.7641
2017-12-25,24754.060546875,5364.72021484375,7592.7001953125,13072.7900390625,16165.2998046875,29578.009765625,6959.9599609375,22939.1796875,255140000.0,46753800.0,243831300.0,52876700.0,133173500.0,1282144300.0,1541880000.0,0.0,2684.219970703125,2683.340087890625,2401030000.0,42.9599609375,3.94,1.41,2.46,3.55,1.34,251000.0,1.72,1.88,-0.61861,155.612,2.23,4.26,11958.8257,57.87,2.82,2269.164,2.66,3.38,4.5,1979000.0,2102.8991
2018-01-01,24719.220703125,5312.56005859375,7687.7998046875,12917.6396484375,16209.099609375,29919.150390625,6903.39013671875,22764.939453125,270760000.0,46218500.0,289238900.0,42169200.0,179568700.0,1365770800.0,1575290000.0,46500000.0,2689.14990234375,2673.610107421875,2447760000.0,42.9599609375,3.99,1.42,2.43,3.48,1.4,248000.0,1.76,1.9,-0.62392,190.283,2.23,4.2,11960.02,59.88,2.77,2201.425,2.61,3.44,4.5,1933000.0,2106.1017
2018-01-08,25283.0,5487.419921875,7696.5,13367.7802734375,16317.7001953125,30899.529296875,7157.39013671875,23714.529296875,341390000.0,72318000.0,635135400.0,95005300.0,166095400.0,2004162500.0,2055010000.0,101900000.0,2742.669921875,2747.7099609375,3246160000.0,74.89990234375,3.95,1.37,2.46,3.5,1.39,252000.0,1.82,1.95,-0.62912,211.566,2.27,4.22,11973.0992,61.36,2.8,2045.93,2.63,3.38,4.5,1971000.0,2111.1178
2018-01-15,25803.189453125,5509.68994140625,7769.10009765625,13200.509765625,16371.7998046875,31338.869140625,7261.06005859375,23714.880859375,376390000.0,56215000.0,551904700.0,58326200.0,123891500.0,2664144600.0,1986600000.0,75400000.0,2770.179931640625,2786.239990234375,3587220000.0,68.780029296875,3.99,1.42,2.54,3.54,1.41,230000.0,1.78,1.98,-0.62883,206.215,2.32,4.25,11962.9887,63.26,2.87,2232.897,2.71,3.44,4.5,1972000.0,2107.7145
2018-01-22,26214.599609375,5541.990234375,7715.39990234375,13463.6904296875,16348.0,32393.41015625,7408.02978515625,23816.330078125,431200000.0,77421200.0,730171300.0,95295700.0,205285200.0,2880231400.0,2118310000.0,65200000.0,2809.159912109375,2832.969970703125,3489480000.0,68.780029296875,4.04,1.42,2.59,3.53,1.43,231000.0,1.79,2.05,-0.62171,227.665,2.41,4.24,11993.4188,63.77,2.87,2249.899,2.74,3.49,4.5,1990000.0,2109.9975
2018-01-29,26439.48046875,5521.58984375,7671.5,13324.48046875,16094.7001953125,32966.890625,7466.509765625,23629.33984375,421000000.0,60112400.0,612924000.0,78822500.0,200161400.0,3605090600.0,2114420000.0,68800000.0,2867.22998046875,2853.530029296875,3587420000.0,74.7900390625,4.15,1.42,2.65,3.58,1.41,228000.0,1.79,2.09,-0.60819,269.118,2.44,4.27,11990.4459,65.14,2.91,2210.944,2.78,3.62,4.5,1985000.0,2104.9218
2018-02-05,24345.75,5285.830078125,7335.0,12687.490234375,15334.7998046875,32245.220703125,6967.52978515625,22682.080078125,714450000.0,96711900.0,888994600.0,113937900.0,264583100.0,3135015100.0,3143210000.0,107600000.0,2741.06005859375,2648.93994140625,5310840000.0,234.7001953125,4.22,1.41,2.75,3.63,1.44,224000.0,1.87,2.14,-0.58942,270.244,2.53,4.33,12026.9292,65.32,2.99,2203.63,2.88,3.68,4.5,1996000.0,2106.0614
2018-02-12,24601.26953125,5140.06005859375,7177.10009765625,12282.76953125,15241.900390625,29459.630859375,6981.9599609375,21382.619140625,496610000.0,93467100.0,718740600.0,120024900.0,254215800.0,2815461600.0,2250650000.0,127600000.0,2636.75,2656.0,4069220000.0,276.22998046875,4.32,1.42,2.82,3.75,1.52,225000.0,1.89,2.1,-0.56815,203.936,2.54,4.45,11971.9703,62.01,3.1,2244.845,2.98,3.77,4.5,1959000.0,2105.8222
2018-02-19,25219.380859375,5256.18017578125,7247.7001953125,12385.599609375,15452.599609375,31115.4296875,7239.47021484375,22149.2109375,406730000.0,51447900.0,511199000.0,66917000.0,215288300.0,2070618100.0,2037710000.0,68500000.0,2727.139892578125,2732.219970703125,3646920000.0,221.72998046875,4.38,1.42,2.87,3.86,1.58,219000.0,1.97,2.15,-0.55125,197.681,2.61,4.53,11971.0575,60.56,3.14,2253.929,3.03,3.84,4.5,1985000.0,2107.2684
2018-02-26,25709.26953125,5344.259765625,7289.60009765625,12527.0400390625,15714.7001953125,31498.599609375,7421.4599609375,22153.630859375,473360000.0,67882600.0,585774600.0,78303000.0,172844500.0,2025591300.0,1876560000.0,64600000.0,2757.3701171875,2779.60009765625,3436590000.0,221.72998046875,4.4,1.42,2.91,3.91,1.62,216000.0,2.02,2.25,-0.53709,214.677,2.66,4.58,11957.0469,62.47,3.19,2223.38,3.07,3.85,4.5,1957000.0,2111.0617
2018-03-05,24874.759765625,5167.22998046875,7116.0,12090.8701171875,15541.2998046875,29886.390625,7330.7099609375,21042.08984375,383910000.0,120940100.0,941867700.0,109920600.0,20663500.0,2279546200.0,2076870000.0,87200000.0,2681.06005859375,2720.93994140625,3733640000.0,141.829833984375,4.43,1.41,2.86,3.87,1.63,228000.0,2.06,2.24,-0.52389,202.62,2.63,4.56,12031.062,62.07,3.14,2232.947,3.02,3.9,4.5,1960000.0,2111.9977
2018-03-12,25178.609375,5276.7099609375,7214.7998046875,12418.3896484375,15604.7998046875,31594.330078125,7588.31982421875,21824.029296875,362580000.0,64074300.0,613077900.0,136801400.0,152231100.0,2173275800.0,2314480000.0,70600000.0,2790.5400390625,2783.02001953125,3216960000.0,149.659912109375,4.46,1.42,2.88,3.89,1.65,223000.0,2.05,2.25,-0.51094,195.071,2.65,4.64,11984.2135,61.65,3.15,2252.016,3.03,3.94,4.5,1948000.0,2111.995
2018-03-19,24610.91015625,5222.83984375,7042.89990234375,12217.01953125,15589.400390625,31513.759765625,7344.240234375,21480.900390625,377990000.0,76919000.0,728214400.0,97309700.0,175993800.0,1440844700.0,2352810000.0,67300000.0,2741.3798828125,2712.919921875,3327460000.0,107.309814453125,4.44,1.42,2.84,3.86,1.72,225000.0,2.06,2.28,-0.49824,249.929,2.63,4.64,12007.9032,61.28,3.08,2204.829,2.96,3.9,4.5,1959000.0,2116.4718
2018-03-26,24202.599609375,5066.27978515625,6888.7001953125,11787.259765625,15298.599609375,30548.76953125,7220.5400390625,20766.099609375,479540000.0,83600900.0,765318100.0,99857900.0,213984100.0,2317282800.0,2341370000.0,97500000.0,2619.35009765625,2658.550048828125,3538080000.0,175.960205078125,4.45,1.43,2.86,3.87,1.73,221000.0,2.06,2.31,-0.48675,316.454,2.65,4.68,11957.9229,64.11,3.09,2123.587,2.97,3.91,4.5,1917000.0,2112.7282
2018-04-02,23644.189453125,5167.2998046875,7056.60009765625,12096.73046875,15213.5,30093.380859375,6870.1201171875,21388.580078125,509820000.0,92382200.0,876227900.0,111589200.0,166742600.0,2167328200.0,2402670000.0,47500000.0,2633.449951171875,2581.8798828125,3635780000.0,153.25,4.44,1.68,2.79,3.83,1.73,232000.0,2.09,2.29,-0.48099,318.858,2.59,4.64,12032.9174,64.97,3.02,2113.321,2.9,3.9,4.75,1943000.0,2123.492
2018-04-09,23979.099609375,5263.39013671875,7194.7998046875,12261.75,15227.7001953125,30229.580078125,6950.33984375,21678.259765625,380790000.0,60670000.0,671088200.0,77287300.0,174468400.0,1841272200.0,2089220000.0,62100000.0,2617.179931640625,2613.159912109375,3076140000.0,153.25,4.4,1.68,2.78,3.8,1.71,234000.0,2.07,2.28,-0.48162,303.916,2.6,4.63,12067.7579,63.07,3.02,2094.045,2.9,3.87,4.75,1949000.0,2154.3887
2018-04-16,24573.0390625,5312.9599609375,7198.2001953125,12391.41015625,15300.400390625,30315.58984375,7156.27978515625,21835.529296875,305070000.0,60319200.0,862881700.0,62656800.0,188529800.0,1827774700.0,1800450000.0,53400000.0,2670.10009765625,2677.840087890625,3020740000.0,100.219970703125,4.42,1.69,2.8,3.77,1.72,236000.0,2.1,2.33,-0.49086,294.083,2.64,4.61,12083.2539,66.02,3.02,2119.965,2.9,3.87,4.75,1900000.0,2160.3193
2018-04-23,24448.689453125,5438.5498046875,7398.89990234375,12572.3896484375,15552.099609375,30254.400390625,7128.60009765625,22088.0390625,351030000.0,65848500.0,777571800.0,78154600.0,202793400.0,1516737400.0,1744480000.0,64000000.0,2675.39990234375,2670.2900390625,3030390000.0,72.43994140625,4.47,1.69,2.88,3.83,1.78,207000.0,2.18,2.42,-0.50632,275.246,2.73,4.65,12083.5199,67.55,3.07,2141.39,2.96,3.94,4.75,1827000.0,2163.7156
2018-04-30,24163.150390625,5520.5,7509.2998046875,12612.1103515625,15607.900390625,30808.44921875,7066.27001953125,22467.869140625,416650000.0,73369100.0,991178200.0,96521000.0,202543600.0,1923280800.0,1998570000.0,89100000.0,2682.510009765625,2648.050048828125,3749510000.0,81.27001953125,4.58,1.7,2.99,3.96,1.81,209000.0,2.25,2.49,-0.5214,359.599,2.82,4.78,12097.4724,67.91,3.17,2052.59,3.07,4.02,4.75,1834000.0,2169.7409
2018-05-07,24357.3203125,5531.419921875,7567.10009765625,12948.1396484375,15808.599609375,29994.259765625,7265.2099609375,22467.16015625,307670000.0,45591900.0,880646600.0,64800000.0,204416700.0,1441380300.0,1950650000.0,69000000.0,2680.340087890625,2672.6298828125,3266810000.0,88.72998046875,4.55,1.7,2.96,3.99,1.81,211000.0,2.24,2.5,-0.53347,399.984,2.79,4.79,12076.2371,68.38,3.12,1994.584,3.02,4.03,4.75,1765000.0,2169.1035
2018-05-14,24899.41015625,5540.68017578125,7711.0,12977.7099609375,16085.599609375,31541.080078125,7411.31982421875,22865.859375,282860000.0,59725700.0,749899600.0,77168000.0,226311000.0,1794416600.0,2085850000.0,68900000.0,2738.469970703125,2730.1298828125,2994360000.0,126.780029296875,4.55,1.7,2.97,4.01,1.85,222000.0,2.27,2.52,-0.54135,353.741,2.82,4.82,12103.0092,70.56,3.13,2025.75,3.04,4.01,4.75,1769000.0,2168.7481
2018-05-21,25013.2890625,5637.509765625,7859.2001953125,13077.7197265625,16162.2998046875,31234.349609375,7394.0400390625,23002.369140625,308920000.0,49392900.0,691927400.0,124262900.0,181368400.0,1599624500.0,1997220000.0,59100000.0,2735.389892578125,2733.010009765625,3053480000.0,40.190185546875,4.61,1.7,3.07,4.05,1.88,230000.0,2.31,2.57,-0.54394,337.258,2.91,4.88,12085.0511,71.3,3.2,2036.27,3.14,4.08,4.75,1751000.0,2167.3523
2018-05-28,24753.08984375,5508.93017578125,7730.2998046875,12863.4599609375,16016.099609375,30792.259765625,7433.85009765625,22481.08984375,257210000.0,58701500.0,844360200.0,69766800.0,83342500.0,1736227200.0,1771950000.0,52900000.0,2723.60009765625,2721.330078125,3015260000.0,34.860107421875,4.66,1.7,3.01,4.01,1.88,222000.0,2.31,2.54,-0.54113,326.445,2.84,4.85,12132.6754,70.98,3.16,2021.946,3.09,4.15,4.75,1737000.0,2169.3983
2018-06-04,24813.689453125,5472.91015625,7741.2998046875,12770.75,16052.2001953125,30997.98046875,7606.4599609375,22475.939453125,340400000.0,79269000.0,722966000.0,84511600.0,172744300.0,1836620100.0,2152170000.0,71900000.0,2741.669921875,2746.8701171875,3410090000.0,34.860107421875,4.56,1.7,2.83,3.88,1.89,223000.0,2.23,2.4,-0.5348,325.351,2.67,4.75,12146.6162,66.96,3.0,2019.681,2.92,4.06,4.75,1690000.0,2173.8928
2018-06-11,25322.310546875,5473.91015625,7737.39990234375,12842.91015625,16263.2998046875,31063.69921875,7659.93017578125,22804.0390625,276740000.0,87500400.0,736070400.0,108719300.0,169658600.0,1323340300.0,1959360000.0,55700000.0,2780.179931640625,2782.0,3262130000.0,71.510009765625,4.54,1.7,2.94,3.96,1.9,222000.0,2.31,2.51,-0.52835,294.069,2.78,4.83,12149.4039,65.35,3.09,2029.579,3.01,4.01,4.75,1693000.0,2178.6132
2018-06-18,24987.470703125,5450.47998046875,7631.2998046875,12834.1103515625,16383.599609375,30309.490234375,7747.02978515625,22680.330078125,337070000.0,84643700.0,664167900.0,89102600.0,203500400.0,2336474000.0,2102660000.0,65000000.0,2765.7900390625,2773.75,3316120000.0,34.349853515625,4.62,1.7,2.95,3.95,1.9,218000.0,2.34,2.56,-0.52126,281.188,2.82,4.83,12152.6367,66.21,3.08,2057.269,3.01,4.07,4.75,1671000.0,2177.1365
2018-06-25,24252.80078125,5283.85986328125,7509.7998046875,12270.330078125,16184.0,28961.390625,7532.009765625,22338.150390625,439130000.0,61986900.0,791358000.0,98566500.0,255366700.0,2300773700.0,2423190000.0,60600000.0,2742.93994140625,2717.070068359375,3663280000.0,84.14013671875,4.57,1.9,2.91,3.97,1.9,222000.0,2.34,2.56,-0.51515,352.777,2.78,4.84,12166.2331,66.32,3.04,1971.983,2.97,4.04,5.0,1671000.0,2197.8356
2018-07-02,24307.1796875,5276.759765625,7547.89990234375,12238.169921875,16277.7001953125,28955.109375,7567.68994140625,21811.9296875,244110000.0,84519600.0,778437000.0,93436600.0,215940200.0,2390149600.0,1777880000.0,67100000.0,2704.949951171875,2726.7099609375,3095040000.0,72.179931640625,4.55,1.92,2.85,3.95,1.89,228000.0,2.33,2.53,-0.51165,373.94,2.73,4.84,12182.9072,74.03,2.99,1940.847,2.92,4.04,5.0,1672000.0,2194.3324
2018-07-09,24776.58984375,5398.10986328125,7688.0,12543.8896484375,16452.30078125,28688.5,7756.2001953125,22052.1796875,240580000.0,68001100.0,676761100.0,74724300.0,149277900.0,1877898300.0,1844440000.0,61200000.0,2775.6201171875,2784.169921875,3070060000.0,54.10009765625,4.52,1.91,2.84,3.9,1.94,216000.0,2.33,2.55,-0.51286,336.026,2.73,4.81,12217.8563,73.73,2.96,1917.987,2.89,3.99,5.0,1676000.0,2192.7932
2018-07-16,25064.359375,5409.43017578125,7600.5,12561.01953125,16494.69921875,28539.66015625,7805.72021484375,22597.349609375,231270000.0,56645300.0,591161000.0,97107500.0,152593700.0,1239642900.0,1739360000.0,0.0,2797.360107421875,2798.429931640625,2819860000.0,71.010009765625,4.53,1.91,2.85,3.83,1.94,205000.0,2.36,2.59,-0.51927,326.476,2.75,4.76,12190.0286,71.96,2.95,1958.085,2.89,4.02,5.0,1659000.0,2207.6201
2018-07-23,25044.2890625,5378.25,7655.7998046875,12548.5703125,16420.80078125,28256.119140625,7841.8701171875,22396.990234375,228820000.0,58933900.0,573514400.0,65205400.0,154956300.0,1893557000.0,1668270000.0,88000000.0,2799.169921875,2806.97998046875,2928490000.0,27.52001953125,4.52,1.91,2.86,3.85,1.97,210000.0,2.4,2.6,-0.52922,324.457,2.76,4.77,12177.8744,68.95,2.98,1967.119,2.92,4.0,5.0,1624000.0,2203.4882
2018-07-30,25306.830078125,5491.22021484375,7700.89990234375,12798.2001953125,16345.5,28733.130859375,7630.0,22544.83984375,296880000.0,68998200.0,732990700.0,70725000.0,143937900.0,1231291800.0,2154140000.0,76200000.0,2819.0,2802.60009765625,3261190000.0,52.89013671875,4.54,1.91,2.96,3.92,1.96,207000.0,2.42,2.66,-0.54092,348.886,2.84,4.83,12227.8445,70.01,3.09,1947.119,3.03,4.02,5.0,1657000.0,2198.7416
2018-08-06,25502.1796875,5477.18017578125,7663.7998046875,12598.2099609375,16420.19921875,27819.560546875,7859.68017578125,22507.3203125,238990000.0,61262700.0,813731500.0,65599400.0,169210300.0,1445836100.0,2245300000.0,67000000.0,2840.2900390625,2850.39990234375,2879020000.0,56.949951171875,4.6,1.91,2.97,3.91,1.99,210000.0,2.44,2.66,-0.55254,351.523,2.85,4.81,12236.4167,69.46,3.11,1937.548,3.05,4.08,5.0,1624000.0,2201.2898
2018-08-13,25187.69921875,5412.31982421875,7642.5,12358.740234375,16250.7998046875,27936.5703125,7819.7099609375,21857.4296875,219990000.0,66875100.0,595242100.0,92773600.0,169202400.0,1484354700.0,1934100000.0,77800000.0,2835.4599609375,2821.929931640625,3173630000.0,43.550048828125,4.59,1.91,2.94,3.9,2.02,206000.0,2.44,2.65,-0.56306,326.471,2.8,4.78,12214.8599,67.9,3.09,1951.389,3.02,4.05,5.0,1625000.0,2199.1523
2018-08-20,25758.689453125,5379.64990234375,7591.2998046875,12331.2998046875,16331.0,27598.01953125,7821.009765625,22199.0,248570000.0,48284100.0,559541000.0,59670900.0,208751900.0,1660834700.0,1709500000.0,46800000.0,2853.929931640625,2857.050048828125,2757150000.0,57.27001953125,4.53,1.91,2.87,3.9,2.03,207000.0,2.44,2.62,-0.57017,342.799,2.75,4.77,12240.1159,66.15,3.04,1922.547,2.96,4.01,5.0,1605000.0,2204.3791
2018-08-27,26049.640625,5479.10009765625,7577.5,12538.3095703125,16444.400390625,28271.26953125,8017.89990234375,22799.640625,220510000.0,43768100.0,507869800.0,52201900.0,213875400.0,2133548500.0,2333790000.0,50200000.0,2884.68994140625,2896.739990234375,2865070000.0,64.52001953125,4.51,1.92,2.83,3.84,2.04,211000.0,2.44,2.61,-0.57526,348.393,2.71,4.72,12237.8121,68.1,2.98,1883.254,2.91,3.98,5.0,1602000.0,2208.9986
2018-09-03,25964.8203125,5413.7998046875,7504.60009765625,12346.41015625,16262.900390625,27712.5390625,8109.5400390625,22707.380859375,273440000.0,48627400.0,455166900.0,50769600.0,217160800.0,1396877700.0,1906900000.0,49900000.0,2898.3701171875,2901.52001953125,2887220000.0,62.469970703125,4.52,1.92,2.87,3.89,2.08,201000.0,2.47,2.65,-0.57921,342.543,2.76,4.77,12223.4096,69.66,3.01,1883.924,2.94,3.97,5.0,1575000.0,2211.9082
2018-09-10,25857.0703125,5269.6298828125,7279.2998046875,11986.33984375,16057.099609375,26613.419921875,7924.16015625,22373.08984375,252170000.0,71394000.0,696321800.0,80490500.0,200681100.0,2045973800.0,2055430000.0,55700000.0,2881.389892578125,2877.1298828125,2751100000.0,62.469970703125,4.54,1.91,2.91,3.97,2.1,204000.0,2.5,2.67,-0.58241,323.764,2.78,4.84,12232.9193,68.51,3.08,1895.01,3.0,3.99,5.0,1538000.0,2216.4965
2018-09-17,26062.119140625,5348.8701171875,7302.10009765625,12096.41015625,16082.2998046875,26932.849609375,7895.7900390625,23094.669921875,230230000.0,66172300.0,620997300.0,69270000.0,222709300.0,1262149500.0,2303600000.0,102700000.0,2903.830078125,2888.800048828125,2967980000.0,44.179931640625,4.6,1.92,2.97,3.94,2.11,206000.0,2.55,2.75,-0.58429,303.654,2.87,4.86,12234.5843,68.96,3.11,1920.976,3.05,4.06,5.0,1544000.0,2218.2159
2018-09-24,26562.05078125,5476.169921875,7458.39990234375,12350.8203125,16207.2998046875,27499.390625,7993.25,23869.9296875,254850000.0,73646100.0,689612600.0,0.0,234911500.0,1511079800.0,2433260000.0,120600000.0,2921.830078125,2919.3701171875,3392030000.0,54.75,4.65,1.92,3.05,4.0,2.13,205000.0,2.58,2.8,-0.58314,335.878,2.94,4.92,12262.4923,70.28,3.19,1879.896,3.13,4.11,5.0,1545000.0,2222.7827
2018-10-01,26651.2109375,5506.81982421875,7495.7001953125,12339.0302734375,16104.400390625,27788.51953125,8037.2998046875,24245.759765625,238320000.0,75188000.0,728276800.0,76918300.0,232645500.0,1636511300.0,2299520000.0,65000000.0,2926.2900390625,2924.590087890625,3375890000.0,37.6298828125,4.72,1.92,3.07,4.0,2.16,210000.0,2.59,2.83,-0.57843,370.031,2.96,4.91,12309.9503,72.84,3.2,1832.5,3.14,4.16,5.0,1553000.0,2223.4175
2018-10-08,26486.779296875,5300.25,7233.2998046875,11947.16015625,15946.2001953125,26202.5703125,7735.9501953125,23783.720703125,273020000.0,69434100.0,675287300.0,77268800.0,208165400.0,2296488600.0,2259300000.0,84600000.0,2877.530029296875,2884.429931640625,3381820000.0,77.780029296875,4.71,2.18,3.14,4.07,2.19,211000.0,2.62,2.85,-0.56956,368.007,3.01,4.98,12298.65,75.13,3.3,1801.576,3.24,4.15,5.25,1565000.0,2238.8519
2018-10-15,25250.55078125,5095.06982421875,7029.2001953125,11614.16015625,15409.5,25445.060546875,7430.740234375,22271.30078125,287320000.0,79093900.0,657640100.0,71968200.0,246963900.0,1614888500.0,2167000000.0,79900000.0,2763.830078125,2750.7900390625,3327160000.0,199.1298828125,4.9,2.18,3.18,4.14,2.22,208000.0,2.66,2.87,-0.55623,324.721,3.03,5.05,12313.6588,72.96,3.35,1865.065,3.28,4.29,5.25,1588000.0,2240.6652
2018-10-22,25317.41015625,5053.31005859375,7042.7998046875,11524.33984375,15412.7001953125,26153.150390625,7468.6298828125,22614.8203125,314940000.0,74610400.0,784032400.0,73772600.0,278747800.0,2222812200.0,2301010000.0,63000000.0,2773.93994140625,2755.8798828125,3331270000.0,87.5,4.85,2.18,3.18,4.14,2.27,217000.0,2.67,2.88,-0.54156,332.923,3.03,5.07,12288.6085,70.24,3.35,1853.533,3.28,4.26,5.25,1603000.0,2246.9346
2018-10-29,24442.919921875,4989.35009765625,7026.2998046875,11335.48046875,14721.7998046875,24812.0390625,7050.2900390625,21149.80078125,443850000.0,83255000.0,780563900.0,98716300.0,283759500.0,2000985900.0,2711900000.0,70800000.0,2682.64990234375,2641.25,4701260000.0,194.22998046875,4.86,2.19,3.14,4.18,2.29,216000.0,2.66,2.86,-0.52617,369.576,2.98,5.11,12314.3862,67.43,3.35,1817.608,3.27,4.29,5.25,1615000.0,2252.7061
2018-11-05,25461.69921875,5101.39013671875,7103.7998046875,11494.9599609375,15217.7001953125,25934.390625,7328.85009765625,21898.990234375,334740000.0,68302600.0,553382600.0,69373800.0,255477900.0,1626675400.0,2186310000.0,78700000.0,2726.3701171875,2738.31005859375,3650910000.0,153.010009765625,4.83,2.2,3.14,4.25,2.29,218000.0,2.67,2.85,-0.51107,373.368,2.97,5.17,12304.8326,65.06,3.38,1802.252,3.29,4.23,5.25,1642000.0,2256.5084
2018-11-12,25387.1796875,5059.08984375,7053.10009765625,11325.4404296875,15156.400390625,25633.1796875,7200.8701171875,22269.880859375,346910000.0,77068100.0,708713400.0,93211100.0,241196100.0,1171178800.0,2305340000.0,59300000.0,2773.929931640625,2726.219970703125,3701570000.0,114.7099609375,4.94,2.2,3.21,4.22,2.31,221000.0,2.73,2.94,-0.4961,319.984,3.06,5.19,12263.4951,61.57,3.42,1826.131,3.34,4.33,5.25,1665000.0,2258.8361
2018-11-19,25017.439453125,4985.4501953125,7000.89990234375,11244.5400390625,15071.0,26372.0,7028.47998046875,21821.16015625,358090000.0,75776800.0,776442400.0,78718200.0,225780400.0,1320040400.0,2381430000.0,72100000.0,2730.739990234375,2690.72998046875,3806940000.0,123.35009765625,4.94,2.19,3.11,4.22,2.33,225000.0,2.7,2.86,-0.47715,341.094,2.95,5.21,12277.2522,56.92,3.35,1801.383,3.26,4.36,5.25,1749000.0,2272.3212
2018-11-26,24640.240234375,4994.97998046875,7036.0,11354.7197265625,15012.7001953125,26376.1796875,7081.85009765625,21812.0,306280000.0,94237200.0,802145500.0,89434600.0,245892100.0,1611982200.0,2036910000.0,78000000.0,2649.969970703125,2673.449951171875,3523520000.0,123.080078125,4.81,2.2,3.06,4.2,2.35,237000.0,2.67,2.8,-0.45454,330.202,2.88,5.23,12282.1367,54.99,3.31,1757.729,3.22,4.24,5.25,1684000.0,2279.7452
2018-12-03,25826.4296875,5053.97998046875,7062.39990234375,11465.4599609375,15275.0,27182.0390625,7441.509765625,22574.759765625,388480000.0,101898900.0,864783000.0,101248500.0,294475600.0,2549703200.0,2643150000.0,70500000.0,2790.5,2790.3701171875,4221580000.0,169.08984375,4.81,2.2,3.05,4.2,2.34,232000.0,2.7,2.82,-0.43047,340.596,2.87,5.27,12305.9935,51.01,3.32,1738.659,3.21,4.25,5.25,1694000.0,2274.6294
2018-12-10,24423.259765625,4742.3798828125,6721.5,10622.0703125,14728.2998046875,25752.380859375,7020.52001953125,21219.5,389690000.0,108458800.0,864359000.0,119543200.0,275806900.0,1544284600.0,2380270000.0,79000000.0,2630.860107421875,2637.719970703125,4162880000.0,150.2099609375,4.75,2.2,2.9,4.1,2.36,208000.0,2.7,2.78,-0.40654,337.564,2.77,5.18,12383.0574,52.63,3.18,1738.141,3.06,4.21,5.25,1745000.0,2286.5488
2018-12-17,23592.98046875,4799.8701171875,6773.2001953125,10772.2001953125,14362.7001953125,26087.98046875,6753.72998046875,21506.880859375,466740000.0,83817900.0,734851100.0,85598700.0,264315200.0,1036879300.0,2697400000.0,63400000.0,2590.75,2545.93994140625,4661420000.0,178.0,4.63,2.19,2.89,4.03,2.38,217000.0,2.69,2.75,-0.38923,334.967,2.74,5.15,12334.4774,51.54,3.14,1735.539,3.03,4.07,5.25,1756000.0,2294.4258
2018-12-24,21792.19921875,4626.39013671875,6686.0,10633.8203125,13780.2001953125,25651.380859375,6192.919921875,20166.189453125,308420000.0,24595900.0,192808000.0,216162200.0,170610500.0,1074120100.0,1647440000.0,116600000.0,2400.56005859375,2351.10009765625,2613670000.0,283.969970703125,4.62,2.19,2.81,3.95,2.35,228000.0,2.64,2.66,-0.38229,350.714,2.65,5.08,12376.9899,46.98,3.05,1699.138,2.94,4.07,5.25,1770000.0,2291.4381
2018-12-31,23327.4609375,4730.68994140625,6728.10009765625,10558.9599609375,14322.900390625,25845.69921875,6635.27978515625,20014.76953125,288830000.0,23249900.0,225303900.0,52604300.0,171356600.0,826507300.0,2109320000.0,70600000.0,2498.93994140625,2506.85009765625,3461920000.0,283.969970703125,4.55,2.4,2.76,4.0,2.38,238000.0,2.59,2.56,-0.38776,374.085,2.6,5.13,12453.1851,45.22,3.04,1661.223,2.91,4.01,5.5,1783000.0,2313.9144
2019-01-07,23531.349609375,4719.169921875,6810.89990234375,10747.8095703125,14504.099609375,25835.69921875,6823.47021484375,20038.970703125,334200000.0,73900700.0,736559900.0,71151400.0,257832000.0,1447090300.0,2523450000.0,81500000.0,2535.610107421875,2549.68994140625,4133120000.0,168.219970703125,4.51,2.4,2.65,3.96,2.38,225000.0,2.58,2.47,-0.40495,379.902,2.47,5.1,12464.291,47.0,2.97,1621.856,2.82,3.99,5.5,1766000.0,2323.1704
2019-01-14,23909.83984375,4762.75,6855.0,10855.91015625,14975.5,26298.330078125,6905.919921875,20359.69921875,277560000.0,69500100.0,683449700.0,65945800.0,228994500.0,1426017400.0,1960780000.0,77700000.0,2580.31005859375,2582.610107421875,3689370000.0,123.489990234375,4.45,2.4,2.72,3.97,2.4,218000.0,2.59,2.56,-0.42937,356.698,2.55,5.13,12466.2362,50.78,3.02,1650.387,2.89,3.89,5.5,1780000.0,2323.544
2019-01-21,24706.349609375,4867.77978515625,6970.60009765625,11136.2001953125,15354.2001953125,27196.5390625,7157.22998046875,20719.330078125,372970000.0,49416900.0,474827100.0,65955200.0,92562500.0,1640014700.0,2459920000.0,61200000.0,2651.27001953125,2670.7099609375,4009010000.0,113.449951171875,4.45,2.4,2.74,3.99,2.38,214000.0,2.58,2.56,-0.45666,351.18,2.56,5.18,12439.9364,51.92,3.07,1664.138,2.93,3.88,5.5,1813000.0,2323.0049
2019-01-28,24528.220703125,4888.580078125,6747.10009765625,11210.3095703125,15378.599609375,27576.9609375,7085.68017578125,20649.0,347170000.0,64841000.0,648213700.0,73121100.0,226010300.0,1705146300.0,2448790000.0,56800000.0,2644.969970703125,2643.85009765625,3630820000.0,113.449951171875,4.45,2.4,2.75,3.88,2.35,234000.0,2.59,2.58,-0.48363,389.626,2.58,5.11,12505.4975,52.88,3.06,1621.876,2.91,3.88,5.5,1759000.0,2326.0049
2019-02-04,25239.369140625,5000.18994140625,7034.10009765625,11176.580078125,15602.2998046875,27990.2109375,7347.5400390625,20883.76953125,298540000.0,70664200.0,611990600.0,74165400.0,245284400.0,808061300.0,2106030000.0,66600000.0,2706.489990234375,2724.8701171875,3369450000.0,100.929931640625,4.46,2.4,2.7,3.83,2.36,232000.0,2.58,2.53,-0.50931,403.276,2.51,5.06,12458.4104,53.63,3.04,1617.539,2.89,3.89,5.5,1806000.0,2317.9867
2019-02-11,25053.109375,5014.47021484375,7129.10009765625,11014.58984375,15568.900390625,28143.83984375,7307.89990234375,20333.169921875,241700000.0,70045200.0,548318300.0,69553100.0,193012400.0,1384082500.0,1908490000.0,86200000.0,2712.39990234375,2709.800048828125,3395330000.0,57.14990234375,4.41,2.4,2.68,3.78,2.37,226000.0,2.56,2.5,-0.53163,352.375,2.49,4.98,12510.9693,53.53,3.02,1648.553,2.87,3.84,5.5,1778000.0,2323.9275
2019-02-18,25883.25,5168.5400390625,7219.5,11299.2001953125,15838.2001953125,28347.009765625,7472.41015625,21281.849609375,328530000.0,60816200.0,440062500.0,55484300.0,255717300.0,1549943500.0,2263640000.0,61800000.0,2760.239990234375,2775.60009765625,3648680000.0,93.829833984375,4.37,2.4,2.67,3.77,2.39,211000.0,2.55,2.51,-0.55103,359.109,2.49,4.96,12489.6095,53.88,3.01,1649.973,2.86,3.81,5.5,1826000.0,2332.568
2019-02-25,26091.94921875,5231.85009765625,7183.7001953125,11505.3896484375,16057.0,28959.30078125,7554.4599609375,21528.23046875,281600000.0,72266600.0,644937500.0,69949900.0,219234400.0,3517972400.0,2399410000.0,51800000.0,2804.35009765625,2796.110107421875,3860260000.0,93.829833984375,4.35,2.4,2.66,3.78,2.41,221000.0,2.55,2.5,-0.56696,333.896,2.48,4.91,12501.1751,56.74,3.02,1632.58,2.86,3.78,5.5,1796000.0,2330.667
2019-03-04,25819.650390625,5286.56982421875,7134.39990234375,11592.66015625,16038.099609375,28959.58984375,7577.56982421875,21822.0390625,295510000.0,63344600.0,634698800.0,58412600.0,286358000.0,2682948700.0,2582090000.0,59100000.0,2814.3701171875,2792.81005859375,3949730000.0,49.219970703125,4.35,2.4,2.7,3.84,2.4,216000.0,2.55,2.51,-0.57817,310.574,2.5,4.93,12516.0538,56.12,3.07,1640.75,2.91,3.77,5.5,1807000.0,2324.324
2019-03-11,25650.880859375,5265.9599609375,7130.60009765625,11543.48046875,16106.2001953125,28503.30078125,7558.06005859375,21125.08984375,309790000.0,71957700.0,674285200.0,71575600.0,250342300.0,1525534800.0,2248460000.0,55600000.0,2747.610107421875,2783.300048828125,3764850000.0,94.60986328125,4.41,2.4,2.68,3.85,2.41,218000.0,2.53,2.51,-0.58461,220.045,2.48,4.92,12541.0826,56.35,3.05,1721.614,2.89,3.83,5.5,1792000.0,2329.5455
2019-03-18,25914.099609375,5412.830078125,7299.2001953125,11657.0595703125,16251.400390625,29409.009765625,7714.47998046875,21584.5,303170000.0,71187100.0,642988100.0,91113700.0,231369100.0,1887811300.0,2302140000.0,55200000.0,2822.610107421875,2832.93994140625,3620770000.0,113.139892578125,4.31,2.4,2.62,3.82,2.4,212000.0,2.52,2.45,-0.58878,245.972,2.42,4.88,12527.4423,57.81,3.02,1703.948,2.84,3.76,5.5,1800000.0,2325.7861
2019-03-25,25516.830078125,5260.64013671875,7177.60009765625,11346.650390625,16065.900390625,28523.349609375,7637.5400390625,20977.109375,303120000.0,77602300.0,586169600.0,75056300.0,234398100.0,2091121900.0,2162490000.0,77700000.0,2796.010009765625,2798.360107421875,3406110000.0,75.2900390625,4.28,2.4,2.55,3.77,2.41,210000.0,2.48,2.41,-0.59251,303.623,2.35,4.83,12561.6926,59.44,2.97,1629.731,2.79,3.71,5.5,1760000.0,2344.1363
2019-04-01,26258.419921875,5405.52978515625,7317.39990234375,11681.990234375,16228.099609375,29562.01953125,7828.91015625,21509.029296875,295570000.0,77183600.0,697005200.0,96979200.0,233225700.0,2475412300.0,2230050000.0,77400000.0,2848.6298828125,2867.18994140625,3560090000.0,84.3798828125,4.06,2.41,2.41,3.63,2.39,203000.0,2.41,2.24,-0.59571,310.868,2.2,4.68,12609.4075,59.49,2.84,1622.282,2.65,3.57,5.5,1742000.0,2337.53
2019-04-08,26341.01953125,5471.77978515625,7451.89990234375,11963.400390625,16407.30078125,30077.150390625,7953.8798828125,21761.650390625,229380000.0,58463400.0,571379100.0,63676500.0,207573900.0,2321011600.0,2075550000.0,54600000.0,2888.4599609375,2895.77001953125,3056460000.0,76.719970703125,4.08,2.42,2.5,3.68,2.38,196000.0,2.41,2.33,-0.60094,310.188,2.31,4.73,12612.9362,62.36,2.91,1600.398,2.72,3.56,5.5,1680000.0,2333.3694
2019-04-15,26384.76953125,5508.72998046875,7436.89990234375,12020.2802734375,16515.5,29810.720703125,7976.009765625,22169.109375,250620000.0,67400500.0,511603500.0,65121600.0,194884000.0,2010638200.0,1827710000.0,66100000.0,2908.320068359375,2905.580078125,3114530000.0,37.2099609375,4.12,2.41,2.52,3.68,2.38,197000.0,2.43,2.35,-0.60566,262.617,2.32,4.71,12612.9191,64.1,2.93,1634.591,2.74,3.6,5.5,1664000.0,2321.5125
2019-04-22,26511.05078125,5580.3798828125,7459.89990234375,12222.3896484375,16577.30078125,29963.259765625,8015.27001953125,22217.900390625,232570000.0,105619800.0,520513300.0,108852300.0,169942700.0,1569930600.0,1790990000.0,42900000.0,2898.780029296875,2907.969970703125,3010130000.0,38.8701171875,4.17,2.41,2.58,3.71,2.38,222000.0,2.44,2.4,-0.60857,285.264,2.39,4.71,12612.3962,63.8,2.98,1604.479,2.79,3.62,5.5,1659000.0,2326.4022
2019-04-29,26554.390625,5580.97998046875,7440.7001953125,12328.01953125,16600.400390625,29892.810546875,8161.85009765625,22258.73046875,279450000.0,67208000.0,491223900.0,70678500.0,180944800.0,1250717200.0,1781860000.0,71900000.0,2940.580078125,2943.030029296875,3150390000.0,38.8701171875,4.2,2.44,2.55,3.71,2.39,224000.0,2.43,2.33,-0.60771,378.602,2.34,4.69,12625.8443,65.28,2.95,1505.43,2.78,3.64,5.5,1663000.0,2325.5872
2019-05-06,26438.48046875,5483.52001953125,7380.60009765625,12286.8798828125,16493.5,29209.8203125,8123.2900390625,22258.73046875,283020000.0,77234200.0,462290200.0,88426500.0,197204000.0,2934065800.0,1979650000.0,71900000.0,2908.889892578125,2932.469970703125,3203260000.0,55.919921875,4.14,2.44,2.53,3.72,2.39,225000.0,2.4,2.31,-0.6033,400.498,2.32,4.65,12678.7703,62.9,2.94,1461.419,2.76,3.6,5.5,1627000.0,2331.5835
2019-05-13,25324.990234375,5262.56982421875,7163.7001953125,11876.650390625,16193.400390625,28550.240234375,7647.02001953125,21191.279296875,361240000.0,87610900.0,773553600.0,110572100.0,232643800.0,2421480000.0,2484820000.0,74500000.0,2840.18994140625,2811.8701171875,3900270000.0,146.420166015625,4.1,2.4,2.47,3.71,2.38,212000.0,2.37,2.28,-0.5953,348.357,2.27,4.65,12661.0503,61.81,2.88,1484.975,2.7,3.57,5.5,1635000.0,2328.1133
2019-05-20,25679.900390625,5358.58984375,7310.89990234375,12041.2900390625,16401.80078125,27787.609375,7702.3798828125,21301.73046875,279560000.0,88787600.0,732464200.0,105412700.0,182489100.0,2260468500.0,2130700000.0,65100000.0,2841.93994140625,2840.22998046875,3293750000.0,90.719970703125,4.07,2.38,2.4,3.69,2.36,215000.0,2.32,2.19,-0.58626,323.786,2.18,4.64,12719.0961,62.1,2.83,1509.867,2.65,3.53,5.5,1621000.0,2336.0261
2019-05-27,25585.689453125,5336.18994140625,7277.7001953125,12071.1796875,16346.7001953125,27288.08984375,7637.009765625,21182.580078125,201370000.0,55120600.0,633553800.0,43767900.0,73315600.0,1264256500.0,1685230000.0,41600000.0,2832.409912109375,2826.06005859375,2889230000.0,86.659912109375,4.06,2.39,2.37,3.67,2.33,222000.0,2.34,2.2,-0.57782,282.864,2.17,4.64,12667.8636,60.72,2.8,1518.157,2.62,3.51,5.5,1629000.0,2334.1247
2019-06-03,24819.779296875,5241.4599609375,7184.7998046875,11792.8095703125,16015.900390625,26893.859375,7333.02001953125,20410.880859375,328240000.0,82486400.0,711561100.0,104353700.0,223718800.0,1716241600.0,2580670000.0,67400000.0,2751.530029296875,2744.449951171875,3952360000.0,86.659912109375,3.99,2.38,2.22,3.56,2.32,223000.0,2.28,2.06,-0.57007,247.777,2.02,4.55,12678.1039,56.93,2.66,1544.711,2.47,3.46,5.5,1631000.0,2324.4411
2019-06-10,26062.6796875,5382.5,7375.5,12045.3798828125,16216.2998046875,27578.640625,7823.169921875,21134.419921875,249280000.0,44478400.0,447077300.0,80549900.0,172571600.0,2272329600.0,2042340000.0,58200000.0,2885.830078125,2886.72998046875,3209890000.0,175.9599609375,3.82,2.39,2.1,3.51,2.28,226000.0,2.05,1.85,-0.5649,223.638,1.86,4.53,12721.6099,52.97,2.59,1537.089,2.39,3.28,5.5,1608000.0,2322.5767
2019-06-17,26112.529296875,5390.9501953125,7357.2998046875,12085.8203125,16353.5,27227.16015625,7845.02001953125,21124.0,199500000.0,60116200.0,531721100.0,84991300.0,185238200.0,1487266700.0,1950550000.0,49100000.0,2889.75,2889.669921875,2828400000.0,57.739990234375,3.82,2.37,2.12,3.49,2.19,217000.0,2.02,1.88,-0.56269,187.56,1.88,4.53,12743.0593,52.52,2.61,1586.963,2.4,3.26,5.5,1634000.0,2330.7731
2019-06-24,26727.5390625,5521.7099609375,7416.7001953125,12274.5703125,16523.5,28513.0,8005.7001953125,21285.990234375,232390000.0,69081000.0,627473100.0,89756300.0,198177100.0,1338833200.0,2073470000.0,43200000.0,2951.419921875,2945.35009765625,3136960000.0,84.52978515625,3.84,2.37,2.05,3.39,2.13,234000.0,1.98,1.79,-0.56247,198.398,1.8,4.44,12769.592,54.75,2.56,1567.955,2.34,3.25,5.5,1625000.0,2335.68
2019-07-01,26717.4296875,5567.91015625,7497.5,12521.3798828125,16382.2001953125,28542.619140625,8091.16015625,21729.970703125,267670000.0,70651600.0,634652500.0,93740000.0,207980500.0,1486688000.0,2219030000.0,66900000.0,2971.409912109375,2964.330078125,3524860000.0,64.93994140625,3.73,2.38,2.02,3.29,2.08,226000.0,1.93,1.74,-0.56537,248.302,1.76,4.34,12818.0666,58.38,2.54,1504.737,2.32,3.16,5.5,1657000.0,2344.0373
2019-07-08,26806.140625,5589.18994140625,7549.2998046875,12543.509765625,16463.0,28331.689453125,8098.3798828125,21534.349609375,214290000.0,54984500.0,538297100.0,91084400.0,172378100.0,1250874300.0,1957160000.0,51900000.0,2979.77001953125,2975.949951171875,2922360000.0,82.85009765625,3.75,2.4,2.0,3.23,2.16,215000.0,1.94,1.8,-0.57065,245.306,1.78,4.28,12795.7575,57.32,2.52,1456.496,2.31,3.18,5.5,1633000.0,2346.2467
2019-07-15,27359.16015625,5578.2099609375,7531.7001953125,12387.33984375,16510.80078125,28554.880859375,8258.1904296875,21685.900390625,199730000.0,53770000.0,482521800.0,70764100.0,147789200.0,1317116400.0,1790770000.0,45400000.0,3017.800048828125,3014.300048828125,2876100000.0,54.360107421875,3.75,2.41,2.09,3.3,2.16,211000.0,1.97,1.86,-0.57442,211.115,1.86,4.33,12750.4229,59.02,2.59,1499.806,2.37,3.22,5.5,1634000.0,2340.7967
2019-07-22,27171.900390625,5567.02001953125,7514.89990234375,12289.400390625,16518.900390625,28371.259765625,8204.1396484375,21416.7890625,216310000.0,58118200.0,513122700.0,58508700.0,138546100.0,1104886500.0,1860440000.0,46900000.0,2981.929931640625,2985.030029296875,3016200000.0,44.7099609375,3.81,2.39,2.07,3.33,2.07,202000.0,1.95,1.82,-0.57562,197.005,1.83,4.32,12780.3285,56.74,2.59,1515.664,2.37,3.23,5.5,1623000.0,2339.9526
2019-07-29,27221.349609375,5601.10009765625,7686.60009765625,12417.4697265625,16492.19921875,28106.41015625,8293.330078125,21616.80078125,250850000.0,59297700.0,759258200.0,64309600.0,184840900.0,1563572300.0,1882980000.0,47000000.0,3024.469970703125,3020.969970703125,3224490000.0,52.119873046875,3.75,2.41,2.07,3.3,2.05,206000.0,1.98,1.84,-0.57236,193.362,1.83,4.25,12806.6702,56.05,2.59,1518.322,2.37,3.18,5.5,1634000.0,2346.6532
2019-08-05,25717.740234375,5241.5498046875,7223.89990234375,11658.509765625,16271.7001953125,26151.3203125,7726.0400390625,20720.2890625,422240000.0,105517800.0,1243484900.0,113784300.0,240108500.0,2120745300.0,2661780000.0,85800000.0,2898.070068359375,2844.739990234375,4542850000.0,205.85986328125,3.75,2.4,1.98,3.24,2.04,208000.0,1.94,1.81,-0.56288,163.763,1.77,4.13,12824.4831,56.55,2.51,1534.523,2.28,3.2,5.5,1656000.0,2345.0074
2019-08-12,25896.439453125,5310.31005859375,7226.7001953125,11679.6796875,16237.7998046875,25824.720703125,7863.41015625,20684.8203125,199390000.0,60267400.0,585461200.0,76120900.0,193944600.0,1200393600.0,2068920000.0,63700000.0,2907.070068359375,2882.699951171875,3328570000.0,123.3798828125,3.6,2.13,1.73,3.11,1.99,212000.0,1.78,1.61,-0.54944,131.704,1.54,3.97,12832.996,53.28,2.26,1539.244,2.03,3.05,5.25,1618000.0,2348.9107
2019-08-19,26135.7890625,5371.56005859375,7189.7001953125,11715.3701171875,16304.099609375,26291.83984375,8002.81005859375,20563.16015625,252640000.0,71538300.0,612867100.0,78455800.0,0.0,2144882700.0,1946440000.0,50600000.0,2913.47998046875,2923.64990234375,3221050000.0,117.800048828125,3.6,2.12,1.6,2.96,1.91,207000.0,1.77,1.56,-0.5353,129.957,1.48,3.84,12816.9422,55.31,2.06,1550.406,1.86,3.07,5.25,1629000.0,2362.6103
2019-08-26,25898.830078125,5351.02001953125,7095.0,11658.0400390625,16098.7998046875,25680.330078125,7853.740234375,20261.0390625,222780000.0,49092000.0,643009300.0,54752500.0,167942900.0,2475604900.0,1691990000.0,69900000.0,2866.699951171875,2878.3798828125,2859790000.0,104.110107421875,3.55,2.13,1.58,2.91,1.92,213000.0,1.75,1.54,-0.52384,125.725,1.45,3.85,12818.3642,55.5,2.06,1516.045,1.86,3.03,5.25,1604000.0,2368.8968
2019-09-02,26403.279296875,5493.0400390625,7281.89990234375,11953.7802734375,16442.099609375,25626.55078125,7962.8798828125,20620.189453125,216160000.0,42347400.0,497764900.0,46207600.0,178987200.0,1295066700.0,1668110000.0,42400000.0,2937.090087890625,2926.4599609375,3009910000.0,105.4599609375,3.58,2.12,1.5,2.85,1.95,215000.0,1.75,1.52,-0.51529,145.957,1.4,3.76,12850.4441,55.21,1.98,1498.68,1.79,3.06,5.25,1591000.0,2367.2154
2019-09-09,26835.509765625,5588.9501953125,7235.7998046875,12226.099609375,16495.099609375,26681.400390625,8087.43994140625,21318.419921875,273120000.0,73880200.0,794831900.0,74246100.0,216894100.0,1700948300.0,2186660000.0,57800000.0,2988.429931640625,2978.429931640625,4031120000.0,105.4599609375,3.49,2.13,1.52,2.89,1.93,207000.0,1.72,1.5,-0.51039,148.74,1.38,3.79,12895.4917,55.73,2.0,1487.555,1.81,3.0,5.25,1596000.0,2366.6965
2019-09-16,27076.8203125,5602.22998046875,7321.39990234375,12380.3095703125,16751.30078125,27124.55078125,8153.5400390625,21988.2890625,220620000.0,76134900.0,908260500.0,80505200.0,307592600.0,2189101500.0,1876540000.0,116300000.0,2996.409912109375,2997.9599609375,4285860000.0,63.72998046875,3.56,2.13,1.76,3.11,1.92,205000.0,1.81,1.69,-0.50652,185.342,1.61,3.98,12869.4804,56.16,2.22,1456.796,2.03,3.09,5.25,1567000.0,2364.6028
2019-09-23,26949.990234375,5630.759765625,7326.10009765625,12342.330078125,16867.19921875,26222.400390625,8112.4599609375,22079.08984375,204240000.0,81625000.0,489660300.0,80383600.0,168552700.0,1285452900.0,1781750000.0,85000000.0,2983.5,2991.780029296875,3187250000.0,43.419921875,3.73,2.19,1.8,3.1,1.91,211000.0,1.86,1.73,-0.50191,250.226,1.66,3.99,12909.2198,59.33,2.24,1394.122,2.06,3.21,5.25,1561000.0,2369.6673
2019-09-30,26916.830078125,5677.7900390625,7408.2001953125,12428.080078125,16658.599609375,26092.26953125,7999.33984375,21755.83984375,222680000.0,77126700.0,655556100.0,70129900.0,200791800.0,1343934800.0,1809050000.0,69900000.0,2967.070068359375,2976.739990234375,3249130000.0,70.840087890625,3.64,1.9,1.7,3.0,1.84,215000.0,1.79,1.65,-0.49845,314.189,1.57,3.88,12978.5957,56.9,2.14,1400.171,1.96,3.16,5.0,1600000.0,2376.4825
2019-10-07,26478.01953125,5521.60986328125,7197.89990234375,12097.4296875,16421.80078125,25821.029296875,7956.2900390625,21375.25,195200000.0,60954000.0,551391300.0,65614000.0,155833300.0,1137243700.0,1759580000.0,47400000.0,2944.22998046875,2938.7900390625,2959050000.0,136.590087890625,3.65,1.85,1.6,2.96,1.74,209000.0,1.66,1.49,-0.49635,335.171,1.43,3.85,13039.6564,53.12,2.07,1469.2,1.89,3.14,5.0,1602000.0,2369.2051
2019-10-14,26787.359375,5643.080078125,7213.5,12486.5595703125,16415.19921875,26521.849609375,8048.64990234375,21798.869140625,178620000.0,65357900.0,780579200.0,59086900.0,200746600.0,2096251800.0,1423700000.0,67400000.0,2965.81005859375,2966.14990234375,2559270000.0,100.6201171875,3.57,1.82,1.62,2.98,1.67,215000.0,1.63,1.5,-0.49956,318.191,1.44,3.9,13035.6185,53.27,2.11,1506.455,1.91,3.05,5.0,1611000.0,2365.5735
2019-10-21,26827.640625,5648.35009765625,7163.60009765625,12747.9599609375,16418.5,26725.6796875,8162.990234375,22548.900390625,241030000.0,77639300.0,853632700.0,80978200.0,155105700.0,1045151500.0,1756640000.0,48400000.0,2996.47998046875,3006.719970703125,3271960000.0,45.35009765625,3.69,1.84,1.76,3.04,1.63,210000.0,1.6,1.59,-0.51024,324.604,1.57,3.97,13066.8627,53.49,2.24,1480.368,2.06,3.15,5.0,1628000.0,2372.8426
2019-10-28,27090.720703125,5730.56982421875,7331.2998046875,12941.7099609375,16387.5,26891.259765625,8325.990234375,22867.26953125,290770000.0,69809000.0,676041800.0,69024100.0,162175300.0,1476176200.0,1959920000.0,48100000.0,3032.1201171875,3039.419921875,3524970000.0,67.77001953125,3.75,1.85,1.78,3.02,1.63,215000.0,1.59,1.6,-0.52704,377.985,1.6,3.96,13067.2834,55.2,2.27,1449.043,2.08,3.18,5.0,1633000.0,2368.6821
2019-11-04,27462.109375,5824.2998046875,7369.7001953125,13136.2802734375,16669.80078125,27547.30078125,8433.2001953125,22850.76953125,273030000.0,86434000.0,582661700.0,84782400.0,244774900.0,1777502800.0,2166830000.0,65400000.0,3078.9599609375,3078.27001953125,4178040000.0,83.260009765625,3.78,1.83,1.78,3.05,1.56,214000.0,1.57,1.59,-0.54538,389.872,1.6,3.94,13036.4943,55.17,2.26,1483.702,2.08,3.19,5.0,1646000.0,2371.4429
2019-11-11,27691.490234375,5893.81982421875,7328.5,13198.3701171875,16882.80078125,26926.55078125,8464.2802734375,23331.83984375,202350000.0,60606400.0,828425100.0,72597200.0,153122700.0,1921659900.0,1719300000.0,61500000.0,3080.330078125,3087.010009765625,3041120000.0,47.050048828125,3.69,1.57,1.86,3.11,1.52,227000.0,1.58,1.64,-0.56138,377.029,1.67,4.0,13097.1158,56.69,2.35,1523.939,2.18,3.13,4.75,1668000.0,2372.3688
2019-11-18,28036.220703125,5929.7900390625,7307.7001953125,13207.009765625,17025.099609375,26681.08984375,8549.9404296875,23416.759765625,252320000.0,70805300.0,764459700.0,69775200.0,206179100.0,1425323100.0,2053260000.0,57300000.0,3117.909912109375,3122.030029296875,3440140000.0,50.58984375,3.75,1.55,1.87,3.11,1.55,229000.0,1.56,1.62,-0.56958,381.955,1.68,3.98,13136.3636,56.85,2.34,1532.316,2.19,3.2,4.75,1702000.0,2369.2873
2019-11-25,28066.470703125,5924.85986328125,7396.2998046875,13246.4501953125,17032.900390625,26993.0390625,8632.490234375,23292.810546875,248420000.0,62132600.0,570982800.0,54920200.0,218539900.0,1497175900.0,2262750000.0,50300000.0,3117.43994140625,3133.639892578125,3514310000.0,42.420166015625,3.66,1.55,1.77,3.04,1.54,221000.0,1.55,1.59,-0.56805,368.813,1.62,3.92,13145.69,56.9,2.24,1518.759,2.09,3.15,4.75,1702000.0,2366.6445
2019-12-02,27783.0390625,5786.740234375,7285.89990234375,12964.6796875,16981.5,26444.720703125,8567.990234375,23529.5,236610000.0,99392100.0,928558400.0,105692200.0,198659100.0,1348911800.0,2240300000.0,47700000.0,3143.85009765625,3113.8701171875,3285750000.0,62.85009765625,3.68,1.55,1.76,2.96,1.58,231000.0,1.59,1.61,-0.55801,360.941,1.61,3.86,13186.8254,58.07,2.2,1526.697,2.06,3.15,4.75,1708000.0,2366.6326
2019-12-09,27909.599609375,5837.25,7233.89990234375,13105.6103515625,16950.900390625,26494.73046875,8621.830078125,23430.69921875,217000000.0,56245200.0,619399300.0,50345100.0,194556800.0,1301819900.0,2123870000.0,55800000.0,3141.860107421875,3135.9599609375,3400470000.0,80.27001953125,3.68,1.56,1.79,3.01,1.53,247000.0,1.57,1.58,-0.54454,346.971,1.62,3.89,13170.4956,57.64,2.24,1573.261,2.1,3.14,4.75,1728000.0,2360.4649
2019-12-16,28235.890625,5991.66015625,7519.10009765625,13407.66015625,17056.400390625,27508.08984375,8814.23046875,23952.349609375,286770000.0,77242800.0,1045291600.0,71200800.0,205035700.0,1421412600.0,2368050000.0,53300000.0,3183.6298828125,3191.449951171875,4070200000.0,71.619873046875,3.73,1.55,1.84,3.0,1.53,236000.0,1.55,1.63,-0.53579,326.865,1.68,3.87,13198.9431,59.25,2.27,1638.657,2.12,3.19,4.75,1753000.0,2361.2471
2019-12-23,28551.529296875,6029.3701171875,7623.60009765625,13300.98046875,17128.69921875,27906.41015625,8945.650390625,23821.109375,223530000.0,46603900.0,539145700.0,56215400.0,162520400.0,1216834000.0,2028670000.0,45200000.0,3226.050048828125,3224.010009765625,3064530000.0,71.27001953125,3.73,1.55,1.91,3.01,1.54,230000.0,1.53,1.63,-0.53303,332.592,1.73,3.89,13192.8441,60.75,2.33,1660.249,2.2,3.19,4.75,1754000.0,2358.9529
2019-12-30,28462.140625,5982.22021484375,7587.10009765625,13249.009765625,17098.599609375,28319.390625,8945.990234375,23656.619140625,181600000.0,40318700.0,304247900.0,31427400.0,128084900.0,1420447400.0,2051320000.0,41600000.0,3240.090087890625,3221.2900390625,3021720000.0,44.150146484375,3.74,1.55,1.9,3.0,1.55,231000.0,1.53,1.62,-0.53938,367.82,1.72,3.87,13193.1298,61.29,2.33,1651.927,2.2,3.19,4.75,1843000.0,2352.3827
2020-01-06,28703.380859375,6013.58984375,7575.2998046875,13126.990234375,17105.5,28226.189453125,9071.4697265625,23204.859375,252760000.0,69063700.0,516783400.0,71778600.0,195351800.0,1793426600.0,2810450000.0,72800000.0,3217.550048828125,3246.280029296875,3702460000.0,46.10986328125,3.72,1.55,1.88,3.0,1.52,222000.0,1.57,1.57,-0.55174,382.553,1.66,3.85,13196.8264,62.09,2.33,1615.846,2.19,3.16,4.75,1832000.0,2344.5644
2020-01-13,28907.05078125,6036.14013671875,7617.60009765625,13451.51953125,17293.400390625,28954.939453125,9273.9296875,23850.5703125,249830000.0,65192400.0,659019400.0,67208300.0,268086800.0,1765055700.0,2536820000.0,55900000.0,3271.1298828125,3288.1298828125,3459390000.0,73.489990234375,3.64,1.55,1.84,3.03,1.51,207000.0,1.54,1.56,-0.56828,367.002,1.64,3.86,13261.773,60.84,2.32,1654.086,2.16,3.07,4.75,1813000.0,2351.6185
2020-01-20,29348.099609375,6078.5400390625,7651.39990234375,13548.9404296875,17597.400390625,28795.91015625,9388.9404296875,24083.509765625,321820000.0,41270000.0,358980900.0,52882400.0,111821100.0,1633383900.0,2542540000.0,38300000.0,3323.659912109375,3329.6201171875,3726220000.0,69.019775390625,3.65,1.54,1.82,2.99,1.53,221000.0,1.54,1.58,-0.58718,350.987,1.63,3.82,13297.8171,58.29,2.27,1686.801,2.13,3.09,4.75,1778000.0,2351.8959
2020-01-27,28535.80078125,5863.02001953125,7412.10009765625,13204.76953125,17442.5,27949.640625,9139.3095703125,23343.509765625,337270000.0,104036300.0,679457100.0,101409200.0,203774000.0,612128700.0,2593910000.0,62400000.0,3247.159912109375,3243.6298828125,3831050000.0,69.019775390625,3.6,1.55,1.75,2.9,1.52,208000.0,1.55,1.52,-0.60387,403.941,1.55,3.72,13296.8634,56.15,2.19,1621.689,2.05,3.04,4.75,1806000.0,2354.8871
2020-02-03,28399.810546875,5832.509765625,7326.2998046875,13045.1904296875,17379.80078125,26356.98046875,9273.400390625,22971.939453125,307910000.0,75677800.0,645846700.0,81389100.0,196331500.0,2421482700.0,2427320000.0,72500000.0,3235.659912109375,3248.919921875,3760460000.0,118.5,3.51,1.55,1.59,2.82,1.53,205000.0,1.5,1.41,-0.61405,432.061,1.41,3.66,13284.929,52.7,2.05,1616.342,1.89,3.0,4.75,1763000.0,2351.0726
2020-02-10,29276.8203125,6015.669921875,7446.89990234375,13494.0302734375,17740.599609375,27241.33984375,9628.3896484375,23685.98046875,250510000.0,65703100.0,612817500.0,60456500.0,210735600.0,1612017900.0,2187520000.0,56500000.0,3318.280029296875,3352.090087890625,3462730000.0,137.580078125,3.45,1.59,1.61,2.84,1.54,202000.0,1.49,1.41,-0.60709,413.322,1.42,3.68,13329.5911,50.36,2.08,1645.016,1.91,2.97,4.75,1789000.0,2350.989
2020-02-17,29398.080078125,6085.9501953125,7433.2998046875,13783.8896484375,17848.400390625,27959.599609375,9731.1796875,23523.240234375,231000000.0,58001900.0,394565700.0,57400100.0,222706800.0,1412999200.0,2226720000.0,54000000.0,3378.080078125,3380.159912109375,3419700000.0,67.320068359375,3.47,1.58,1.59,2.81,1.55,207000.0,1.48,1.42,-0.56412,411.237,1.42,3.65,13331.8928,50.83,2.06,1675.566,1.9,2.97,4.75,1767000.0,2345.8265
2020-02-24,27960.80078125,5791.8701171875,7156.7998046875,13035.240234375,17562.69921875,26820.880859375,9221.2802734375,23386.740234375,452580000.0,175269600.0,1081479400.0,165148900.0,310120500.0,2044657000.0,3188590000.0,62100000.0,3257.610107421875,3225.889892578125,4851160000.0,67.320068359375,3.49,1.58,1.52,2.77,1.55,217000.0,1.46,1.39,-0.46888,428.805,1.37,3.58,13372.7947,53.14,1.97,1654.118,1.82,2.99,4.75,1789000.0,2349.6336
2020-03-02,26703.3203125,5333.52001953125,6654.89990234375,11857.8701171875,16553.30078125,26291.6796875,8952.169921875,21344.080078125,637200000.0,201844000.0,1770844200.0,207214100.0,374721500.0,2201535600.0,4249020000.0,123700000.0,2974.280029296875,3090.22998046875,6381330000.0,504.919921875,3.45,1.58,1.29,2.7,1.43,213000.0,1.21,1.12,-0.31679,439.365,1.1,3.53,13348.9112,48.36,1.78,1626.469,1.6,2.95,4.75,1777000.0,2343.7541
2020-03-09,23851.01953125,4707.91015625,5965.7998046875,10625.01953125,14514.2001953125,25040.4609375,7950.68017578125,19698.759765625,750430000.0,329160800.0,2098798700.0,305324300.0,559227400.0,4677892400.0,4554110000.0,170300000.0,2863.889892578125,2746.56005859375,8441290000.0,402.2900390625,3.29,1.51,0.96,2.53,0.76,207000.0,0.62,0.66,-0.12544,374.515,0.73,3.45,13437.9222,45.57,1.56,1698.855,1.36,2.79,4.68,1760000.0,2342.8256
2020-03-16,20188.51953125,3881.4599609375,5151.10009765625,8742.25,12360.400390625,23063.5703125,6904.58984375,17002.0390625,770130000.0,311603900.0,2111567500.0,302202400.0,525668300.0,4067029300.0,4618120000.0,158100000.0,2508.590087890625,2386.1298828125,7805450000.0,604.989990234375,3.36,1.09,0.79,2.75,0.35,271000.0,0.38,0.47,0.07905,380.556,0.62,3.86,13471.4907,32.39,1.32,1744.525,1.15,2.77,4.25,1853000.0,2356.746
2020-03-23,18591.9296875,3914.31005859375,4993.89990234375,8741.150390625,11228.5,21696.130859375,6860.669921875,16887.779296875,787970000.0,195845200.0,1629604900.0,197208600.0,473241500.0,0.0,4348410000.0,170300000.0,2290.7099609375,2237.39990234375,7411380000.0,519.469970703125,3.65,0.74,0.99,3.64,0.11,2914000.0,0.23,0.44,0.26009,362.576,0.62,4.78,13750.461,24.19,1.61,1895.588,1.41,3.06,3.82,3238000.0,2530.6676
2020-03-30,22327.48046875,4378.509765625,5563.7001953125,9815.9697265625,13038.5,23175.109375,7774.14990234375,19084.970703125,545540000.0,119404100.0,1136875400.0,131120200.0,388246500.0,2553435900.0,3870770000.0,121000000.0,2558.97998046875,2626.64990234375,5751120000.0,445.14990234375,3.5,0.15,0.81,3.27,-0.01,5946000.0,0.17,0.31,0.37547,390.252,0.48,4.94,14112.3635,19.44,1.38,2186.971,1.17,2.92,3.25,8004000.0,2712.6235
2020-04-06,22679.990234375,4346.14013671875,5582.39990234375,10075.169921875,13592.7001953125,23749.119140625,7913.240234375,18576.30078125,610760000.0,141469800.0,1207951800.0,126692200.0,386784300.0,1834036600.0,3849130000.0,105700000.0,2578.280029296875,2663.679931640625,6403840000.0,229.360107421875,3.33,0.09,0.65,2.69,0.1,6137000.0,0.15,0.23,0.41891,429.267,0.38,4.58,14263.6522,21.69,1.29,2533.908,1.08,2.82,3.25,12396000.0,2806.6572
2020-04-13,23390.76953125,4506.85009765625,5842.7001953125,10564.740234375,14075.900390625,24300.330078125,8192.419921875,19043.400390625,394320000.0,126589000.0,1290301300.0,134477100.0,326410100.0,1725334600.0,3184660000.0,65600000.0,2782.4599609375,2761.6298828125,5319530000.0,371.080078125,3.33,0.05,0.73,2.55,0.19,4869000.0,0.22,0.26,0.39509,698.578,0.45,4.5,14251.8967,24.41,1.33,2760.451,1.14,2.77,3.25,16193000.0,2828.5482
2020-04-20,23650.439453125,4528.2998046875,5812.7998046875,10675.900390625,14388.2998046875,24330.01953125,8560.73046875,19669.119140625,423410000.0,79833400.0,822613800.0,103611100.0,334709500.0,1375091600.0,3827370000.0,65000000.0,2845.6201171875,2823.159912109375,5228630000.0,371.080078125,3.31,0.05,0.68,2.33,0.17,4201000.0,0.21,0.22,0.32217,889.815,0.38,4.01,14629.4924,20.12,1.31,2919.041,1.11,2.8,3.25,17789000.0,2868.5512
2020-04-27,24133.779296875,4505.259765625,5846.7998046875,10659.990234375,14642.099609375,24280.140625,8730.16015625,19783.220703125,389390000.0,75900400.0,792246400.0,122476600.0,284519400.0,1592713000.0,3694980000.0,77600000.0,2854.64990234375,2878.47998046875,5203930000.0,160.619873046875,3.33,0.05,0.61,2.32,0.12,3446000.0,0.17,0.21,0.22695,901.331,0.36,3.89,14875.439,3.32,1.19,3103.504,1.0,2.86,3.25,21750000.0,2974.1242
2020-05-04,23749.759765625,4378.22998046875,5753.7998046875,10466.7998046875,14745.0,23613.80078125,8710.7099609375,19619.349609375,355360000.0,124810600.0,1038977200.0,140425100.0,295093500.0,2556774000.0,3443140000.0,86600000.0,2815.010009765625,2842.739990234375,4735930000.0,163.10009765625,3.23,0.04,0.64,2.38,0.11,2796000.0,0.17,0.21,0.11807,997.507,0.37,3.88,15006.4323,15.71,1.25,3159.142,1.03,2.77,3.25,20939000.0,3005.7442
2020-05-11,24221.990234375,4490.22021484375,5939.7001953125,10824.990234375,15103.2001953125,24602.060546875,9192.33984375,20390.66015625,352400000.0,83493200.0,1041393600.0,88080900.0,249605200.0,1458200000.0,3925450000.0,76200000.0,2915.4599609375,2930.18994140625,4819730000.0,146.39990234375,3.26,0.05,0.67,2.49,0.12,2335000.0,0.16,0.17,0.01101,1127.49,0.34,3.98,15183.4865,23.46,1.34,3158.938,1.09,2.73,3.25,23130000.0,3061.8799
2020-05-18,24597.369140625,4498.33984375,6048.60009765625,11058.8701171875,14638.900390625,23934.76953125,9234.830078125,20133.73046875,484190000.0,119506400.0,930325200.0,118984900.0,286946500.0,1645114700.0,4341820000.0,71900000.0,2913.860107421875,2953.909912109375,6373670000.0,201.4501953125,3.28,0.05,0.67,2.58,0.12,2176000.0,0.15,0.16,-0.08675,1177.494,0.33,4.08,15268.3871,26.4,1.36,3156.929,1.08,2.72,3.25,19153000.0,3067.9983
2020-05-25,24465.16015625,4539.91015625,5993.2998046875,11391.2802734375,15075.400390625,22952.240234375,9324.58984375,20741.650390625,255660000.0,65971900.0,986007000.0,72133500.0,127867600.0,1769029000.0,3668070000.0,55100000.0,2948.050048828125,2955.449951171875,3970860000.0,213.650146484375,3.24,0.05,0.69,2.48,0.12,1921000.0,0.16,0.17,-0.17621,1194.41,0.35,3.95,15322.0676,33.1,1.41,3273.303,1.16,2.7,3.25,19194000.0,3035.0525
2020-06-01,25475.01953125,4762.77978515625,6166.39990234375,11586.849609375,15236.2001953125,23732.51953125,9552.0498046875,22062.390625,338310000.0,75978000.0,742112200.0,170600400.0,246513500.0,2569148800.0,3847770000.0,72200000.0,3038.780029296875,3055.72998046875,4684170000.0,213.650146484375,3.15,0.05,0.68,2.46,0.15,1639000.0,0.17,0.18,-0.25094,1310.491,0.33,3.79,15363.0152,34.19,1.44,3268.144,1.2,2.62,3.25,19216000.0,3010.3966
2020-06-08,27572.439453125,5175.52001953125,6472.60009765625,12819.58984375,15974.900390625,24776.76953125,9924.75,23178.099609375,430200000.0,152914400.0,1305560800.0,140371700.0,443015800.0,2123439500.0,6197330000.0,108500000.0,3199.919921875,3232.389892578125,8498300000.0,234.519775390625,3.18,0.05,0.77,2.51,0.15,1575000.0,0.17,0.18,-0.30605,1434.823,0.38,3.78,15367.9766,37.32,1.56,3237.461,1.32,2.62,3.25,18743000.0,2970.2637
2020-06-15,25763.16015625,4815.72021484375,6064.7001953125,11911.349609375,15359.7001953125,23776.94921875,9726.01953125,21530.94921875,461230000.0,111889900.0,907815700.0,99879200.0,294431200.0,2104538300.0,4476010000.0,78500000.0,2993.760009765625,3066.590087890625,5757480000.0,267.469970703125,3.21,0.07,0.77,2.45,0.17,1473000.0,0.19,0.19,-0.33877,1506.558,0.37,3.63,15443.7058,37.87,1.53,3182.228,1.31,2.62,3.25,17860000.0,2961.2049
2020-06-22,26024.9609375,4948.7001953125,6244.60009765625,12262.9697265625,15516.900390625,24511.33984375,10056.48046875,22437.26953125,351780000.0,84695500.0,793214300.0,91977200.0,240802500.0,1612294200.0,4506960000.0,54600000.0,3094.419921875,3117.860107421875,4686690000.0,189.8701171875,3.13,0.08,0.72,2.42,0.17,1467000.0,0.18,0.19,-0.35874,1560.85,0.34,3.61,15520.444,38.35,1.49,3078.491,1.26,2.58,3.25,17501000.0,2930.4303
2020-06-29,25595.80078125,4945.4599609375,6225.7998046875,12232.1201171875,15389.7001953125,24301.279296875,9874.150390625,21995.0390625,378070000.0,94421100.0,720430800.0,121308400.0,216259300.0,1835855400.0,4336290000.0,73700000.0,3018.590087890625,3053.239990234375,4473970000.0,155.7900390625,3.13,0.09,0.69,2.4,0.15,1446000.0,0.17,0.18,-0.37206,1623.942,0.32,3.58,15578.2293,39.22,1.44,2918.756,1.21,2.59,3.25,16610000.0,2905.4426
2020-07-06,26287.029296875,5081.509765625,6285.89990234375,12733.4501953125,15669.7001953125,26339.16015625,10433.650390625,22714.439453125,340690000.0,88519700.0,697122600.0,78193500.0,238091400.0,4883381900.0,4570260000.0,58000000.0,3155.2900390625,3179.719970703125,4759160000.0,166.070068359375,3.07,0.08,0.67,2.37,0.15,1413000.0,0.16,0.16,-0.3854,1657.62,0.29,3.58,15551.5617,39.85,1.42,2884.819,1.19,2.56,3.25,17273000.0,2876.6893
2020-07-13,26085.80078125,5056.22998046875,6176.2001953125,12799.9697265625,15639.400390625,25772.119140625,10390.83984375,22784.740234375,425320000.0,75191300.0,614241100.0,72522700.0,229578300.0,2127288800.0,4851880000.0,71200000.0,3205.080078125,3155.219970703125,4902440000.0,166.070068359375,3.03,0.09,0.66,2.24,0.14,1468000.0,0.15,0.16,-0.40481,1653.098,0.3,3.43,15585.9912,40.44,1.37,2813.967,1.15,2.51,3.25,16251000.0,2865.1021
2020-07-20,26680.869140625,5093.18017578125,6261.5,13046.919921875,16183.7001953125,25057.990234375,10767.08984375,22717.48046875,309390000.0,65186800.0,494263500.0,59658600.0,200331300.0,1650620500.0,4314630000.0,50000000.0,3224.2900390625,3251.840087890625,3979340000.0,130.9501953125,2.98,0.09,0.63,2.15,0.13,1393000.0,0.15,0.15,-0.42889,1655.32,0.29,3.34,15597.3897,40.57,1.32,2777.603,1.1,2.48,3.25,16799000.0,2862.3636
2020-07-27,26584.76953125,4939.6201171875,6104.89990234375,12838.66015625,16161.2998046875,24603.259765625,10536.26953125,22715.849609375,400930000.0,74167000.0,704383900.0,60602800.0,183667000.0,1491211000.0,4244570000.0,71800000.0,3219.840087890625,3239.409912109375,3970310000.0,79.93994140625,3.01,0.09,0.6,2.06,0.12,1260000.0,0.15,0.15,-0.45496,1804.944,0.27,3.21,15491.3133,41.34,1.28,2631.78,1.07,2.54,3.25,15929000.0,2858.8317
2020-08-03,26664.400390625,4875.93017578125,6032.89990234375,12646.98046875,16169.2001953125,24458.130859375,10902.7998046875,22195.380859375,439380000.0,104619900.0,948540800.0,73270900.0,215140900.0,2012723100.0,4203890000.0,84000000.0,3288.260009765625,3294.610107421875,4438940000.0,102.679931640625,2.99,0.09,0.58,2.03,0.1,1044000.0,0.13,0.13,-0.47797,1816.687,0.25,3.17,15443.4419,40.69,1.22,2615.272,1.01,2.51,3.25,15255000.0,2841.0751
2020-08-10,27791.439453125,4909.509765625,6050.60009765625,12687.5302734375,16605.5,24377.4296875,10968.3603515625,22329.939453125,360340000.0,62044500.0,558064500.0,49572900.0,224219200.0,1256444100.0,4048420000.0,66700000.0,3356.0400390625,3360.469970703125,4327920000.0,143.030029296875,2.88,0.1,0.55,2.05,0.1,884000.0,0.13,0.11,-0.49309,1745.228,0.21,3.15,15505.8159,41.57,1.21,2713.287,0.99,2.44,3.25,14184000.0,2835.6403
2020-08-17,27844.91015625,4971.93994140625,6127.39990234375,12920.66015625,16656.099609375,25347.33984375,11129.73046875,23096.75,286860000.0,51855600.0,500314600.0,44400800.0,189274000.0,1955689100.0,3214870000.0,43600000.0,3380.860107421875,3381.989990234375,3460330000.0,61.449951171875,2.96,0.1,0.67,2.19,0.11,927000.0,0.14,0.15,-0.50171,1669.733,0.28,3.25,15518.5321,42.08,1.36,2788.961,1.14,2.46,3.25,13910000.0,2827.5606
2020-08-24,28308.4609375,5007.89013671875,6104.7001953125,13066.5400390625,16626.599609375,25551.580078125,11379.7197265625,22985.509765625,383880000.0,68837200.0,452722200.0,64175000.0,185390100.0,1352263800.0,3907310000.0,40600000.0,3418.090087890625,3431.280029296875,3743410000.0,77.400146484375,2.99,0.1,0.67,2.32,0.1,876000.0,0.13,0.14,-0.50525,1643.505,0.28,3.31,15540.7089,42.73,1.4,2827.685,1.17,2.54,3.25,13217000.0,2811.0653
2020-08-31,28430.05078125,4947.22021484375,5963.60009765625,12945.3798828125,16514.400390625,25177.05078125,11775.4599609375,23139.759765625,517320000.0,97432500.0,928308900.0,59561900.0,240911400.0,3195378200.0,3612050000.0,81000000.0,3509.72998046875,3500.31005859375,4348280000.0,135.4599609375,2.91,0.09,0.7,2.39,0.11,881000.0,0.13,0.15,-0.50422,1622.69,0.29,3.37,15554.6415,42.93,1.43,2815.794,1.22,2.46,3.25,13501000.0,2807.979
2020-09-07,28133.310546875,5053.72021484375,5937.39990234375,13100.2802734375,16218.0,24589.650390625,11313.1298828125,23089.94921875,694640000.0,61686000.0,542562600.0,54819100.0,260641900.0,1682872900.0,4284440000.0,57300000.0,3453.60009765625,3426.9599609375,4438720000.0,238.480224609375,2.93,0.09,0.68,2.32,0.11,892000.0,0.12,0.14,-0.5003,1639.159,0.27,3.34,15594.7328,41.84,1.42,2851.916,1.2,2.42,3.25,12765000.0,2792.8162
2020-09-14,27993.330078125,5051.8798828125,6026.2998046875,13193.66015625,16360.099609375,24640.279296875,11056.650390625,23559.30078125,380750000.0,57540800.0,599027600.0,49242800.0,231781100.0,1091380700.0,3737610000.0,65400000.0,3363.56005859375,3383.5400390625,3839580000.0,238.480224609375,2.86,0.09,0.69,2.33,0.12,861000.0,0.14,0.14,-0.49558,1611.083,0.27,3.37,15652.6183,37.38,1.43,2857.463,1.23,2.37,3.25,12684000.0,2786.9444
2020-09-21,27147.69921875,4792.0400390625,5804.2998046875,12542.4404296875,15981.7998046875,23950.689453125,10778.7998046875,23360.30078125,523660000.0,128894100.0,989724600.0,119641700.0,270490900.0,1602081500.0,3900970000.0,82600000.0,3285.570068359375,3281.06005859375,4836070000.0,199.81982421875,2.87,0.09,0.69,2.31,0.11,859000.0,0.13,0.14,-0.4918,1614.855,0.28,3.35,15730.1247,39.55,1.44,2885.412,1.22,2.35,3.25,11367000.0,2766.4681
2020-09-28,27584.060546875,4843.27001953125,5927.89990234375,12870.8701171875,16242.7998046875,23476.05078125,11117.5302734375,23511.619140625,401860000.0,96864500.0,915339300.0,72431000.0,235688000.0,1446839400.0,3591740000.0,82000000.0,3333.89990234375,3351.60009765625,3950910000.0,152.820068359375,2.9,0.09,0.67,2.3,0.1,795000.0,0.12,0.13,-0.48546,1680.688,0.27,3.36,15713.2498,39.78,1.41,2830.499,1.2,2.4,3.25,10481000.0,2753.6984
2020-10-05,28148.640625,4871.8701171875,5942.89990234375,12828.3095703125,16410.19921875,23767.779296875,11332.490234375,23312.140625,318210000.0,73984600.0,637260500.0,56734400.0,219567000.0,1420427500.0,3623920000.0,59500000.0,3367.27001953125,3408.60009765625,3692720000.0,181.130126953125,2.88,0.09,0.68,2.34,0.1,785000.0,0.12,0.13,-0.48001,1679.152,0.27,3.43,15686.7489,38.99,1.44,2839.316,1.22,2.36,3.25,9270000.0,2725.5911
2020-10-12,28837.51953125,4979.2900390625,6001.39990234375,13138.41015625,16562.80078125,24649.6796875,11876.259765625,23558.689453125,493680000.0,74090900.0,600961600.0,48906400.0,209636000.0,2430403500.0,3885030000.0,44900000.0,3500.02001953125,3534.219970703125,3435760000.0,226.16015625,2.87,0.09,0.78,2.38,0.1,839000.0,0.13,0.15,-0.47705,1697.074,0.33,3.48,15687.4373,40.19,1.58,2840.86,1.34,2.37,3.25,8425000.0,2713.6303
2020-10-19,28195.419921875,4942.6201171875,5884.7001953125,12854.66015625,16274.099609375,24542.259765625,11478.8798828125,23671.130859375,358700000.0,44905900.0,522720700.0,48577300.0,212659200.0,3605537600.0,3477410000.0,46300000.0,3493.659912109375,3426.919921875,4091080000.0,129.920166015625,2.81,0.09,0.74,2.28,0.11,804000.0,0.13,0.15,-0.47655,1680.998,0.31,3.39,15794.7087,40.33,1.52,2861.929,1.29,2.35,3.25,7777000.0,2701.4978
2020-10-26,27685.380859375,4816.1201171875,5792.0,12177.1796875,16079.599609375,24918.779296875,11358.9404296875,23494.33984375,404150000.0,0.0,870052100.0,81595500.0,219833500.0,2368156700.0,3205100000.0,41700000.0,3441.419921875,3400.969970703125,4002210000.0,150.89990234375,2.8,0.09,0.83,2.38,0.1,776000.0,0.13,0.16,-0.48097,1724.792,0.36,3.45,15796.899,40.43,1.62,2860.48,1.39,2.33,3.25,7180000.0,2702.7356
2020-11-02,26925.05078125,4691.14013671875,5655.0,11788.2802734375,15696.900390625,24460.009765625,10957.6103515625,23295.48046875,379990000.0,0.0,755064600.0,78370800.0,197139100.0,2355413200.0,3209000000.0,69700000.0,3296.199951171875,3310.239990234375,4314690000.0,232.52001953125,2.81,0.09,0.82,2.37,0.1,773000.0,0.12,0.16,-0.4897,1680.933,0.36,3.43,15828.3781,37.32,1.6,2880.781,1.37,2.32,3.25,6705000.0,2687.779
2020-11-09,29157.970703125,5336.31982421875,6186.2998046875,13095.9697265625,16475.900390625,26016.169921875,11713.7802734375,24839.83984375,673310000.0,0.0,2067706200.0,189268100.0,476657600.0,2350101500.0,5863900000.0,67000000.0,3583.0400390625,3550.5,8570510000.0,412.050048828125,2.78,0.09,0.83,2.32,0.1,737000.0,0.13,0.15,-0.50486,1621.346,0.36,3.39,15878.0731,37.71,1.6,2966.737,1.37,2.32,3.25,6341000.0,2660.8941
2020-11-16,29950.439453125,5471.47998046875,6421.2998046875,13138.6103515625,16889.80078125,26381.669921875,11924.1298828125,25906.9296875,418290000.0,0.0,1293581100.0,85190200.0,306813300.0,2090236500.0,4172570000.0,84900000.0,3600.159912109375,3626.909912109375,5295510000.0,161.64990234375,2.84,0.09,0.93,2.38,0.1,738000.0,0.12,0.18,-0.52422,1600.837,0.43,3.38,15880.6073,40.66,1.69,2976.17,1.47,2.34,3.25,6088000.0,2653.6567
2020-11-23,29591.26953125,5492.14990234375,6333.7998046875,13126.9697265625,17094.5,26486.19921875,11880.6298828125,25527.369140625,387200000.0,95986700.0,943708400.0,68582800.0,277217400.0,2235155500.0,5473250000.0,63400000.0,3566.820068359375,3577.590087890625,5057550000.0,84.669921875,2.72,0.09,0.87,2.29,0.08,793000.0,0.11,0.17,-0.54287,1556.892,0.39,3.26,15895.994,41.52,1.6,3043.822,1.39,2.28,3.25,5580000.0,2636.3437
2020-11-30,29638.640625,5518.5498046875,6266.2001953125,13291.16015625,17190.30078125,26341.490234375,12198.740234375,26433.619140625,551350000.0,0.0,1355075300.0,107366400.0,445832900.0,5742060100.0,7760390000.0,147700000.0,3634.179931640625,3621.6298828125,6308410000.0,98.469970703125,2.72,0.08,0.87,2.24,0.09,737000.0,0.11,0.16,-0.55851,1517.215,0.39,3.19,15981.9854,44.4,1.59,3083.636,1.38,2.28,3.25,5784000.0,2624.6873
2020-12-07,30069.7890625,5573.3798828125,6555.39990234375,13271.0,17582.400390625,26506.849609375,12519.9501953125,26547.439453125,365810000.0,86156600.0,1058250500.0,54320100.0,337305200.0,2806021200.0,4771820000.0,61600000.0,3694.72998046875,3691.9599609375,4804500000.0,104.81005859375,2.71,0.08,0.92,2.23,0.09,873000.0,0.11,0.16,-0.5713,1531.053,0.4,3.17,15970.3286,45.37,1.67,3117.307,1.46,2.26,3.25,5609000.0,2617.0762
2020-12-14,29861.55078125,5527.83984375,6531.7998046875,13223.16015625,17387.400390625,26389.51953125,12440.0400390625,26732.439453125,371980000.0,0.0,870265400.0,63016100.0,297756300.0,2210976700.0,4491930000.0,60000000.0,3675.27001953125,3647.489990234375,4623850000.0,78.989990234375,2.71,0.09,0.93,2.27,0.08,886000.0,0.1,0.14,-0.58071,1534.243,0.39,3.15,15994.9247,46.04,1.67,3117.48,1.46,2.26,3.25,5416000.0,2603.9535
2020-12-21,30216.44921875,5393.33984375,6416.2998046875,13246.2998046875,17500.900390625,26306.6796875,12742.51953125,26714.419921875,437480000.0,122849400.0,1118314800.0,98290900.0,247287200.0,2044977300.0,5192860000.0,60700000.0,3684.280029296875,3694.919921875,4748580000.0,93.300048828125,2.67,0.09,0.93,2.29,0.08,815000.0,0.09,0.13,-0.58739,1529.698,0.38,3.17,16025.0525,47.97,1.66,3168.24,1.46,2.21,3.25,5332000.0,2590.8635
2020-12-28,30403.970703125,5588.3798828125,6502.10009765625,13790.2900390625,17623.900390625,26314.630859375,12899.419921875,26854.029296875,302490000.0,44706900.0,477470700.0,49250200.0,95985400.0,2669629600.0,5109140000.0,50700000.0,3723.030029296875,3735.360107421875,3535460000.0,90.219970703125,2.66,0.09,0.95,2.26,0.09,773000.0,0.09,0.13,-0.5936,1602.407,0.38,3.18,16017.2922,47.73,1.67,3143.041,1.47,2.19,3.25,5181000.0,2581.3443
2021-01-04,30223.890625,5588.9599609375,6571.89990234375,13726.740234375,17527.80078125,27472.810546875,12698.4501953125,27258.380859375,475080000.0,82741000.0,965097800.0,70206700.0,238981100.0,2870443300.0,6636170000.0,51500000.0,3764.610107421875,3700.64990234375,5015000000.0,90.219970703125,2.67,0.09,0.94,2.24,0.1,803000.0,0.11,0.13,-0.60011,1591.055,0.37,3.14,16061.5929,47.98,1.66,3122.156,1.46,2.17,3.25,5330000.0,2578.3402
2021-01-11,31008.689453125,5662.43017578125,6798.5,13936.66015625,17934.5,27908.220703125,13036.4296875,28139.029296875,356540000.0,76382800.0,707799500.0,67154800.0,225412100.0,4366094600.0,6960470000.0,84900000.0,3803.139892578125,3799.610107421875,4465430000.0,163.97998046875,2.65,0.09,1.03,2.37,0.09,890000.0,0.1,0.13,-0.60631,1669.327,0.42,3.25,16115.1209,50.09,1.78,3068.284,1.57,2.16,3.25,5069000.0,2574.0107
2021-01-18,30814.259765625,5617.27001953125,6720.7001953125,13848.349609375,17944.900390625,28862.76953125,12998.5,28242.2109375,433000000.0,62122300.0,359826900.0,49830600.0,99218700.0,2956444000.0,6458360000.0,51900000.0,3788.72998046875,3768.25,5369820000.0,77.06982421875,2.79,0.09,1.13,2.48,0.09,844000.0,0.11,0.14,-0.61027,1589.421,0.49,3.27,16151.9225,52.75,1.86,3183.917,1.67,2.23,3.25,4877000.0,2563.2867
2021-01-25,30960.0,5472.35986328125,6638.89990234375,13643.9501953125,17906.0,30159.009765625,13635.990234375,28822.2890625,472890000.0,103153900.0,761260500.0,77572000.0,246248500.0,3066515300.0,7193710000.0,57300000.0,3851.679931640625,3855.360107421875,7000840000.0,77.06982421875,2.77,0.09,1.11,2.48,0.09,799000.0,0.1,0.13,-0.61239,1626.906,0.45,3.23,16159.7974,52.82,1.85,3154.624,1.66,2.21,3.25,4789000.0,2557.3296
2021-02-01,30211.91015625,5461.68017578125,6466.39990234375,13622.01953125,17692.5,28892.859375,13403.3896484375,28091.05078125,347060000.0,75051100.0,746038100.0,65321300.0,249639800.0,2464276400.0,7092520000.0,65700000.0,3731.169921875,3773.860107421875,5436230000.0,176.77978515625,2.73,0.08,1.06,2.47,0.07,803000.0,0.09,0.12,-0.61189,1633.54,0.42,3.23,16254.8063,52.52,1.81,3163.008,1.63,2.2,3.25,4658000.0,2558.1336
2021-02-08,31385.759765625,5686.02978515625,6523.5,14059.91015625,18330.30078125,29319.470703125,13987.6396484375,29388.5,322250000.0,75598300.0,818871300.0,61532900.0,304595300.0,2196734100.0,8564530000.0,93600000.0,3892.590087890625,3915.590087890625,4648360000.0,221.64990234375,2.73,0.07,1.14,2.6,0.05,812000.0,0.07,0.11,-0.61302,1625.325,0.45,3.32,16280.4287,55.39,1.91,3193.118,1.72,2.21,3.25,4599000.0,2569.3566
2021-02-15,31458.400390625,5786.25,6756.10009765625,14109.48046875,18460.19921875,30173.5703125,14095.4697265625,30084.150390625,263090000.0,95598000.0,825488200.0,49898700.0,253651600.0,1192111200.0,7416940000.0,70300000.0,3911.64990234375,3934.830078125,4135060000.0,100.570068359375,2.73,0.08,1.18,2.61,0.05,802000.0,0.07,0.11,-0.61436,1608.906,0.48,3.34,16333.678,58.54,1.96,3258.919,1.78,2.19,3.25,4495000.0,2575.603
2021-02-22,31521.689453125,5767.43994140625,6612.2001953125,13950.0400390625,18416.69921875,30319.830078125,13533.0498046875,30156.029296875,387210000.0,83870900.0,846468100.0,66035300.0,334212900.0,4449910100.0,6483740000.0,62800000.0,3885.550048828125,3876.5,5917100000.0,100.570068359375,2.81,0.08,1.31,2.71,0.04,702000.0,0.07,0.12,-0.61667,1567.041,0.57,3.44,16424.2439,60.17,2.09,3378.907,1.93,2.21,3.25,4406000.0,2589.0127
2021-03-01,31535.509765625,5792.7900390625,6588.5,14012.8203125,18299.599609375,29452.5703125,13588.830078125,29663.5,385670000.0,83783600.0,708419900.0,69566200.0,269334400.0,2629062100.0,5079530000.0,62700000.0,3842.510009765625,3901.820068359375,5114820000.0,140.869873046875,2.97,0.07,1.42,2.89,0.04,704000.0,0.08,0.13,-0.62008,1529.977,0.68,3.58,16399.9479,62.3,2.23,3369.02,2.09,2.34,3.25,4227000.0,2593.2413
2021-03-08,31802.439453125,5902.990234375,6719.10009765625,14380.91015625,18457.80078125,28540.830078125,12609.16015625,28743.25,496980000.0,0.0,972755300.0,109071900.0,328558000.0,4906906100.0,6010230000.0,92400000.0,3844.389892578125,3821.35009765625,5871710000.0,191.159912109375,3.02,0.07,1.49,2.93,0.04,693000.0,0.08,0.14,-0.62508,1429.549,0.73,3.62,16456.0045,62.29,2.25,3503.12,2.14,2.34,3.25,4185000.0,2591.6401
2021-03-15,32953.4609375,6035.97021484375,6749.7001953125,14461.419921875,18954.80078125,28833.759765625,13459.7099609375,29766.970703125,360080000.0,78751000.0,670767900.0,62766600.0,265614100.0,3096719600.0,5972370000.0,94100000.0,3942.9599609375,3968.93994140625,4900100000.0,239.89013671875,3.05,0.07,1.57,3.02,0.04,699000.0,0.09,0.16,-0.62983,1360.064,0.82,3.74,16514.3392,65.02,2.3,3592.01,2.2,2.38,3.25,3970000.0,2594.174
2021-03-22,32731.19921875,5968.47998046875,6726.10009765625,14657.2099609375,18815.099609375,28885.33984375,13377.5400390625,29174.150390625,383500000.0,76067200.0,811558900.0,66130200.0,211043900.0,2065830600.0,5321760000.0,78800000.0,3916.47998046875,3940.590087890625,4316260000.0,97.1201171875,3.09,0.07,1.66,3.14,0.02,627000.0,0.07,0.15,-0.63439,1272.583,0.85,3.84,16696.0105,63.22,2.41,3681.03,2.32,2.4,3.25,3887000.0,2580.9915
2021-03-29,33171.37109375,6015.509765625,6736.2001953125,14817.7197265625,18719.19921875,28338.30078125,13059.650390625,29384.51953125,351610000.0,67745900.0,624496600.0,71106000.0,236511600.0,2847744100.0,4965090000.0,107900000.0,3969.31005859375,3971.090087890625,4628180000.0,128.330078125,3.17,0.07,1.65,3.04,0.02,658000.0,0.07,0.14,-0.64027,1061.138,0.84,3.75,16718.9695,59.95,2.35,3826.375,2.25,2.45,3.25,3859000.0,2589.0163
2021-04-05,33527.19140625,6102.9599609375,6737.2998046875,15107.169921875,19026.80078125,28938.740234375,13705.58984375,30089.25,344270000.0,75221700.0,592371100.0,67886600.0,214805600.0,2232972100.0,4459000000.0,55400000.0,4034.43994140625,4077.909912109375,4005030000.0,167.1298828125,3.18,0.07,1.72,3.02,0.02,645000.0,0.06,0.16,-0.6473,1025.727,0.92,3.75,16726.9934,60.66,2.38,3876.162,2.29,2.45,3.25,3830000.0,2578.0536
2021-04-12,33745.3984375,6161.68017578125,6889.10009765625,15215.0,19201.30078125,28453.279296875,13850.0,29538.73046875,327370000.0,0.0,639363600.0,53646400.0,228013000.0,1992325200.0,4250900000.0,50200000.0,4124.7099609375,4127.990234375,3588900000.0,167.1298828125,3.13,0.07,1.68,2.93,0.02,571000.0,0.06,0.16,-0.6563,1010.103,0.88,3.63,16783.474,59.35,2.34,3932.949,2.25,2.42,3.25,3779000.0,2568.9784
2021-04-19,34077.62890625,6296.68994140625,7000.10009765625,15368.3896484375,19204.400390625,29106.150390625,13914.76953125,29685.369140625,312540000.0,58527600.0,529712700.0,61839400.0,192886200.0,2020128300.0,4379610000.0,44700000.0,4179.7998046875,4163.259765625,3810290000.0,95.800048828125,3.04,0.07,1.62,2.87,0.02,566000.0,0.06,0.16,-0.66448,925.094,0.85,3.59,16885.4474,61.93,2.29,3977.813,2.19,2.35,3.25,3776000.0,2556.8335
2021-04-26,33981.5703125,6275.52001953125,6963.10009765625,15296.33984375,19170.599609375,28952.830078125,14138.7802734375,29126.23046875,279300000.0,64366500.0,511633400.0,49117600.0,191570100.0,1786353600.0,4506210000.0,49200000.0,4185.02978515625,4187.6201171875,3748320000.0,75.81005859375,2.97,0.07,1.58,2.88,0.03,574000.0,0.07,0.16,-0.67201,1015.902,0.82,3.58,16900.341,62.18,2.26,3825.455,2.15,2.29,3.25,3767000.0,2550.3141
2021-05-03,34113.23046875,6307.89990234375,6969.7998046875,15236.4697265625,19213.19921875,28357.5390625,13895.1201171875,28812.630859375,289770000.0,49980000.0,831625600.0,48822800.0,185820800.0,1725985500.0,4761430000.0,78400000.0,4191.97998046875,4192.66015625,4070220000.0,80.0,2.98,0.07,1.63,2.91,0.01,517000.0,0.05,0.17,-0.67824,967.689,0.86,3.6,16973.722,63.47,2.29,3829.269,2.18,2.31,3.25,3756000.0,2551.0673
2021-05-10,34742.8203125,6385.990234375,7123.7001953125,15400.41015625,19361.900390625,28595.66015625,13401.8603515625,29518.33984375,361620000.0,76551300.0,744129400.0,65162200.0,272988500.0,2358822100.0,4818670000.0,66300000.0,4228.2900390625,4188.43017578125,4560700000.0,109.4501953125,2.96,0.06,1.6,2.9,0.02,494000.0,0.06,0.16,-0.68357,953.689,0.81,3.57,17068.6152,65.1,2.27,3873.728,2.16,2.3,3.25,3737000.0,2551.4477
2021-05-17,34327.7890625,6367.35009765625,7032.89990234375,15396.6201171875,19474.69921875,28194.08984375,13379.0498046875,27824.830078125,291910000.0,62538700.0,582188300.0,67787000.0,246782700.0,1857027900.0,3997780000.0,63900000.0,4169.919921875,4163.2900390625,4125050000.0,181.16015625,2.94,0.06,1.65,3.02,0.02,467000.0,0.05,0.16,-0.6864,898.779,0.83,3.67,17123.0724,65.07,2.36,3947.565,2.25,2.26,3.25,3618000.0,2554.8926
2021-05-24,34393.98046875,6408.490234375,7051.60009765625,15437.509765625,19527.30078125,28412.259765625,13661.169921875,28364.609375,251010000.0,34996500.0,422927700.0,70065600.0,171957500.0,1719640600.0,3509470000.0,54700000.0,4170.16015625,4197.0498046875,3684800000.0,148.110107421875,3.0,0.06,1.64,3.0,0.01,441000.0,0.05,0.16,-0.68972,866.119,0.84,3.66,17103.8105,64.11,2.36,3919.807,2.27,2.29,3.25,3575000.0,2547.874
2021-05-31,34529.44921875,6447.169921875,7022.60009765625,15421.1298828125,19731.0,29151.80078125,13748.740234375,28860.080078125,290850000.0,41777500.0,786614400.0,36495900.0,102257000.0,2188580800.0,4447940000.0,53800000.0,4210.77001953125,4204.10986328125,4649250000.0,96.3896484375,2.95,0.06,1.59,2.91,0.02,427000.0,0.04,0.14,-0.69343,812.473,0.8,3.58,17073.2643,66.4,2.28,3805.178,2.19,2.27,3.25,3422000.0,2539.737
2021-06-07,34630.23828125,6543.56005859375,7077.2001953125,15677.150390625,20035.30078125,28787.279296875,13881.7197265625,29019.240234375,259120000.0,57848800.0,963131300.0,46954400.0,241189900.0,2573174300.0,4639210000.0,51000000.0,4229.33984375,4226.52001953125,4476920000.0,96.3896484375,2.99,0.05,1.6,2.93,0.02,420000.0,0.05,0.15,-0.69625,783.235,0.81,3.57,17089.9982,68.74,2.28,3814.127,2.2,2.27,3.25,3350000.0,2523.8461
2021-06-14,34393.75,6616.35009765625,7146.7001953125,15673.6396484375,20157.69921875,28842.130859375,14174.1396484375,29161.80078125,295530000.0,64515600.0,551244200.0,46556300.0,276893700.0,2038619100.0,4415160000.0,45000000.0,4248.31005859375,4255.14990234375,4151200000.0,49.5400390625,2.96,0.06,1.5,2.84,0.03,428000.0,0.05,0.15,-0.69621,730.235,0.76,3.48,17190.1955,70.11,2.19,3874.371,2.11,2.23,3.25,3268000.0,2514.8815
2021-06-21,33876.96875,6602.5400390625,7062.2998046875,15603.240234375,20156.400390625,28489.0,14141.48046875,28010.9296875,317260000.0,78939300.0,820495800.0,61783600.0,200461400.0,2182673000.0,4562010000.0,75800000.0,4173.39990234375,4224.7900390625,4128950000.0,92.76025390625,2.93,0.06,1.51,2.76,0.04,422000.0,0.08,0.2,-0.69339,653.889,0.85,3.42,17133.5438,71.55,2.14,3940.038,2.08,2.24,3.25,3263000.0,2472.5871
2021-06-28,34283.26953125,6558.02001953125,7073.0,15554.1796875,20145.30078125,29268.30078125,14500.509765625,29048.01953125,280280000.0,63796100.0,682531900.0,43947600.0,181150800.0,1512611100.0,4283000000.0,47700000.0,4284.89990234375,4290.60986328125,4147890000.0,127.740234375,3.02,0.1,1.5,2.73,0.05,372000.0,0.09,0.26,-0.68813,734.689,0.9,3.39,17116.0968,73.48,2.12,3808.042,2.05,2.34,3.25,3303000.0,2460.2222
2021-07-05,34786.3515625,6567.5400390625,7164.89990234375,15661.9697265625,20281.5,28143.5,14639.330078125,28598.189453125,301860000.0,45905300.0,384449600.0,29752900.0,75507300.0,1827212600.0,3751420000.0,38500000.0,4326.60009765625,4352.33984375,3225840000.0,98.4599609375,2.98,0.1,1.47,2.65,0.05,370000.0,0.08,0.25,-0.68021,745.962,0.88,3.34,17066.3115,74.07,2.08,3780.791,2.01,2.26,3.25,3169000.0,2457.5841
2021-07-12,34996.1796875,6559.25,7125.39990234375,15790.509765625,20233.099609375,27515.240234375,14733.240234375,28569.01953125,294800000.0,61855900.0,484702100.0,47460900.0,173755200.0,2054164700.0,3897090000.0,55500000.0,4372.41015625,4384.6298828125,3384460000.0,98.4599609375,2.9,0.1,1.34,2.58,0.06,339000.0,0.08,0.22,-0.67113,753.364,0.78,3.24,17132.8726,73.35,1.96,3870.568,1.89,2.2,3.25,3058000.0,2455.9909
2021-07-19,33962.0390625,6295.97021484375,6844.39990234375,15133.2001953125,19726.5,27489.779296875,14274.98046875,27652.740234375,440440000.0,0.0,817237100.0,85990500.0,251706500.0,1874176200.0,4537130000.0,49900000.0,4296.39990234375,4258.490234375,5157660000.0,160.55029296875,2.88,0.1,1.36,2.61,0.05,388000.0,0.08,0.24,-0.66221,704.918,0.81,3.27,17208.493,73.19,1.97,3903.058,1.9,2.22,3.25,3129000.0,2452.5605
2021-07-26,35144.30859375,6578.60009765625,7025.39990234375,15618.98046875,20165.0,26192.3203125,14840.7099609375,27833.2890625,259790000.0,0.0,524700700.0,38643700.0,175659800.0,2695215700.0,4437090000.0,54500000.0,4409.580078125,4422.2998046875,4275630000.0,189.60009765625,2.78,0.1,1.26,2.54,0.05,381000.0,0.07,0.21,-0.6541,678.103,0.71,3.22,17265.3357,69.68,1.89,3972.94,1.81,2.12,3.25,2863000.0,2447.6308
2021-08-02,34838.16015625,6675.89990234375,7081.7001953125,15568.73046875,20287.80078125,26235.80078125,14681.0703125,27781.01953125,238620000.0,72373600.0,526271100.0,53799800.0,192685000.0,1768640300.0,3746130000.0,60100000.0,4406.85986328125,4387.16015625,3724090000.0,57.46044921875,2.8,0.1,1.26,2.53,0.05,381000.0,0.07,0.2,-0.64751,578.204,0.72,3.21,17259.1314,72.75,1.9,3984.371,1.83,2.1,3.25,2788000.0,2448.6406
2021-08-09,35101.8515625,6813.18017578125,7132.2998046875,15745.41015625,20437.400390625,26283.400390625,14860.1796875,27820.0390625,207850000.0,47885100.0,525136800.0,41278000.0,182433600.0,1585113300.0,4111640000.0,56400000.0,4437.77001953125,4432.35009765625,3449280000.0,67.81982421875,2.77,0.09,1.22,2.51,0.05,361000.0,0.08,0.19,-0.6416,492.668,0.69,3.18,17279.9415,69.5,1.87,4005.578,1.78,2.1,3.25,2806000.0,2444.7089
2021-08-16,35625.3984375,6838.77001953125,7154.0,15925.73046875,20483.400390625,26181.4609375,14793.759765625,27523.189453125,292590000.0,49720100.0,522255500.0,44305900.0,162557100.0,1648288100.0,3973920000.0,57200000.0,4461.64990234375,4479.7099609375,3370640000.0,55.51953125,2.87,0.1,1.34,2.62,0.06,368000.0,0.08,0.23,-0.63768,434.919,0.81,3.31,17330.9754,68.33,1.98,4090.506,1.89,2.15,3.25,2800000.0,2434.6498
2021-08-23,35335.7109375,6683.10009765625,7109.0,15852.7900390625,20477.30078125,25109.58984375,14942.650390625,27494.240234375,245760000.0,56007000.0,493195600.0,39880400.0,190565400.0,2184980400.0,3906780000.0,56800000.0,4450.2900390625,4479.52978515625,3576530000.0,122.14990234375,2.86,0.1,1.26,2.53,0.06,360000.0,0.07,0.22,-0.63543,338.808,0.78,3.23,17400.7356,65.05,1.9,4186.711,1.81,2.16,3.25,2731000.0,2424.4606
2021-08-30,35399.83984375,6687.2998046875,7148.0,15887.3095703125,20595.0,25539.5390625,15265.8896484375,27789.2890625,245390000.0,37296500.0,425583800.0,27220800.0,176024600.0,1995641000.0,4061760000.0,58600000.0,4513.759765625,4528.7900390625,3168660000.0,130.56005859375,2.87,0.09,1.31,2.54,0.05,353000.0,0.07,0.23,-0.63605,301.43,0.81,3.25,17450.6719,67.59,1.92,4167.748,1.84,2.17,3.25,2783000.0,2422.1945
2021-09-06,35369.08984375,6743.5,7187.2001953125,15932.1201171875,20821.400390625,26163.630859375,15363.51953125,29659.890625,221370000.0,41892000.0,306418900.0,31915300.0,163300500.0,1912471300.0,3706990000.0,68300000.0,4532.419921875,4535.43017578125,3217530000.0,76.85986328125,2.87,0.08,1.3,2.53,0.05,338000.0,0.07,0.2,-0.63737,277.65,0.78,3.23,17507.6015,69.15,1.92,4193.981,1.84,2.18,3.25,2606000.0,2426.8318
2021-09-13,34869.62890625,6676.93017578125,7068.39990234375,15701.419921875,20666.400390625,25813.810546875,15105.580078125,30447.369140625,334190000.0,61573900.0,545721200.0,50515500.0,262623800.0,2315555200.0,4723370000.0,64600000.0,4474.81005859375,4468.72998046875,3914220000.0,76.85986328125,2.88,0.08,1.35,2.54,0.05,344000.0,0.08,0.23,-0.63983,253.496,0.81,3.25,17482.5296,68.98,1.95,4250.506,1.87,2.19,3.25,2750000.0,2423.8993
2021-09-20,33970.46875,6455.81005859375,6903.89990234375,15132.0595703125,20154.5,24099.140625,14713.900390625,30500.05078125,435780000.0,120069400.0,905908000.0,96690100.0,271222600.0,2651590600.0,4879490000.0,97900000.0,4402.9501953125,4357.72998046875,4898070000.0,214.56005859375,2.86,0.08,1.33,2.45,0.04,367000.0,0.07,0.22,-0.64259,230.328,0.83,3.18,17565.8468,71.69,1.88,4271.184,1.82,2.12,3.25,2797000.0,2419.8819
2021-09-27,34869.37109375,6650.91015625,7063.39990234375,15573.8798828125,20463.400390625,24208.779296875,14969.9697265625,30240.060546875,289480000.0,89455000.0,900413700.0,59034800.0,257972100.0,2323611100.0,4650790000.0,74600000.0,4442.1201171875,4443.10986328125,4058650000.0,165.60986328125,2.88,0.08,1.37,2.49,0.03,369000.0,0.08,0.25,-0.64421,308.022,0.89,3.19,17527.0155,72.18,1.89,4156.747,1.84,2.15,3.25,2719000.0,2411.4284
2021-10-04,34002.921875,6477.66015625,7011.0,15036.5498046875,20052.30078125,24036.369140625,14255.48046875,28444.890625,396860000.0,73993600.0,792854800.0,52650700.0,225641400.0,1596284900.0,4557110000.0,76400000.0,4348.83984375,4300.4599609375,4307870000.0,184.18017578125,3.01,0.08,1.51,2.66,0.04,315000.0,0.09,0.29,-0.64505,197.744,0.98,3.33,17554.0074,75.45,2.05,4125.348,2.0,2.28,3.25,2627000.0,2418.3291
2021-10-11,34496.05859375,6570.5400390625,7146.89990234375,15199.1396484375,20416.30078125,25325.08984375,14486.2001953125,28498.19921875,256820000.0,68968500.0,709511700.0,75309100.0,189523800.0,2114303500.0,3539540000.0,72300000.0,4385.43994140625,4361.18994140625,3281970000.0,151.0302734375,2.99,0.08,1.55,2.71,0.04,291000.0,0.09,0.3,-0.64489,135.582,1.0,3.39,17595.7568,78.5,2.1,4130.05,2.05,2.23,3.25,2539000.0,2416.1473
2021-10-18,35258.609375,6673.10009765625,7203.7998046875,15474.4697265625,20985.400390625,25409.75,15021.8095703125,29025.4609375,312640000.0,64526000.0,580835500.0,49463100.0,200005600.0,1648005300.0,4167740000.0,62600000.0,4463.72021484375,4486.4599609375,3662010000.0,158.830078125,3.05,0.08,1.57,2.67,0.05,291000.0,0.11,0.37,-0.64253,77.858,1.09,3.36,17619.3791,81.18,2.06,4194.503,2.01,2.3,3.25,2270000.0,2417.3157
2021-10-25,35741.1484375,6712.8701171875,7222.7998046875,15599.23046875,21284.80078125,26132.029296875,15226.7099609375,28600.41015625,267220000.0,58586000.0,590620500.0,51296300.0,238220000.0,1455214700.0,5750200000.0,62700000.0,4553.68994140625,4566.47998046875,3899400000.0,125.14990234375,3.09,0.08,1.65,2.71,0.06,268000.0,0.11,0.44,-0.63683,83.386,1.19,3.38,17686.5651,83.48,2.09,4134.714,2.06,2.33,3.25,2175000.0,2423.0134
2021-11-01,35913.83984375,6893.2900390625,7288.60009765625,15806.2900390625,21247.0,25154.3203125,15595.919921875,29647.080078125,292880000.0,67294100.0,644379600.0,49160900.0,188454600.0,1586722800.0,5273950000.0,76700000.0,4610.6201171875,4613.669921875,3971540000.0,96.33984375,3.14,0.08,1.59,2.64,0.06,261000.0,0.14,0.48,-0.62522,213.291,1.18,3.29,17716.329,83.84,2.0,4077.17,2.0,2.37,3.25,2202000.0,2425.9926
2021-11-08,36432.21875,7047.47998046875,7300.39990234375,16046.51953125,21556.5,24763.76953125,15982.3603515625,29507.05078125,284400000.0,66513600.0,617444100.0,48903600.0,297444000.0,1762623700.0,5723650000.0,68300000.0,4701.47998046875,4701.7001953125,4269710000.0,150.91015625,3.09,0.08,1.54,2.59,0.05,251000.0,0.15,0.45,-0.6077,280.205,1.14,3.26,17738.227,81.79,1.95,4086.336,1.97,2.35,3.25,2046000.0,2438.6617
2021-11-15,36087.44921875,7128.6298828125,7351.89990234375,16148.6396484375,21683.099609375,25390.91015625,15853.849609375,29776.80078125,280660000.0,64255100.0,604752800.0,53296600.0,262101000.0,1155801200.0,5020180000.0,60400000.0,4689.2998046875,4682.7998046875,3488410000.0,87.64013671875,2.98,0.08,1.53,2.54,0.05,248000.0,0.16,0.48,-0.58535,259.293,1.17,3.21,17778.4658,81.93,1.9,4169.041,1.93,2.27,3.25,1974000.0,2438.1684
2021-11-22,35619.25,7105.0,7255.5,16115.6904296875,21420.80078125,24951.33984375,15854.759765625,29774.109375,420810000.0,85214100.0,638191500.0,65473700.0,244176000.0,1510358900.0,5567830000.0,58800000.0,4712.0,4682.93994140625,4441100000.0,93.06005859375,3.1,0.08,1.6,2.67,0.05,223000.0,0.18,0.53,-0.56206,211.453,1.24,3.32,17805.2346,78.99,1.98,4209.802,2.02,2.39,3.25,1814000.0,2432.3937
2021-11-29,35135.94140625,6776.25,7110.0,15280.8603515625,21149.0,23852.240234375,15782.830078125,28283.919921875,416040000.0,108062500.0,945061900.0,95660000.0,262472000.0,1741008500.0,4836230000.0,85900000.0,4628.75,4655.27001953125,4336410000.0,91.169921875,3.1,0.08,1.61,2.7,0.06,222000.0,0.21,0.59,-0.54151,164.087,1.29,3.35,17858.4481,77.79,1.95,4162.81,2.01,2.42,3.25,1878000.0,2430.9898
2021-12-06,35227.03125,6865.77978515625,7232.2998046875,15380.7900390625,20861.099609375,23349.380859375,15225.150390625,27927.369140625,416720000.0,84991100.0,637274000.0,74842900.0,294213800.0,2357402800.0,5115230000.0,61700000.0,4548.3701171875,4591.669921875,4770800000.0,177.830078125,3.11,0.08,1.43,2.58,0.06,208000.0,0.25,0.56,-0.52817,152.651,1.16,3.24,17896.4265,66.89,1.77,4224.865,1.85,2.39,3.25,1773000.0,2447.8189
2021-12-13,35650.94921875,6942.91015625,7231.39990234375,15621.7197265625,20748.5,23954.580078125,15413.2802734375,28640.490234375,441110000.0,75947300.0,1173948800.0,56995000.0,356758100.0,1538105600.0,4573920000.0,53500000.0,4710.2998046875,4668.97021484375,4397230000.0,218.44970703125,3.1,0.08,1.48,2.61,0.06,228000.0,0.29,0.68,-0.52683,115.117,1.25,3.27,17881.6628,71.31,1.83,4275.806,1.89,2.38,3.25,1772000.0,2454.9961
2021-12-20,34932.16015625,6870.10009765625,7198.0,15239.669921875,20538.19921875,22744.859375,14980.9404296875,27937.810546875,386590000.0,86311700.0,925062200.0,69118800.0,258638000.0,1681615600.0,4602640000.0,65200000.0,4587.89990234375,4568.02001953125,4635700000.0,200.89013671875,3.12,0.08,1.44,2.63,0.05,213000.0,0.27,0.66,-0.53225,104.798,1.21,3.28,17913.9348,71.18,1.84,4251.431,1.88,2.34,3.25,1639000.0,2469.5776
2021-12-27,36302.37890625,7140.39013671875,7372.10009765625,15835.25,21229.69921875,23223.759765625,15871.259765625,28676.4609375,244350000.0,34917800.0,126005500.0,28899600.0,40520600.0,622879700.0,3743920000.0,37500000.0,4733.990234375,4791.18994140625,2770290000.0,209.64013671875,3.05,0.08,1.47,2.7,0.08,195000.0,0.29,0.69,-0.54143,84.954,1.22,3.34,17936.7945,71.63,1.88,4185.009,1.91,2.3,3.25,1706000.0,2482.6527
2022-01-03,36585.05859375,7217.22021484375,7384.5,16020.73046875,21222.80078125,23274.75,15832.7998046875,28791.7109375,347930000.0,54644700.0,179343800.0,56865800.0,128384600.0,734331100.0,4429960000.0,40400000.0,4778.14013671875,4796.56005859375,3831020000.0,209.64013671875,3.11,0.08,1.51,2.71,0.06,225000.0,0.37,0.74,-0.54959,211.849,1.27,3.37,17889.298,76.05,1.91,4116.196,1.95,2.33,3.25,1696000.0,2485.9332
2022-01-10,36068.87109375,7115.77001953125,7445.2998046875,15768.26953125,21072.30078125,23746.5390625,14942.830078125,28478.560546875,430680000.0,80610700.0,1047171300.0,82834300.0,249460500.0,2544917200.0,5317180000.0,75200000.0,4655.33984375,4670.2900390625,4511810000.0,236.3798828125,3.22,0.08,1.7,2.83,0.09,247000.0,0.41,0.83,-0.55285,389.751,1.43,3.5,17952.3112,77.86,2.07,3859.731,2.11,2.43,3.25,1729000.0,2493.5777
2022-01-17,35911.80859375,7201.64013671875,7611.2001953125,15933.7197265625,21537.5,24218.029296875,14893.75,28333.51953125,389200000.0,53465300.0,812336800.0,46576400.0,102382400.0,1633511900.0,4374020000.0,54500000.0,4637.990234375,4662.85009765625,4338490000.0,166.58984375,3.45,0.08,1.75,2.88,0.12,244000.0,0.48,0.93,-0.54951,456.401,1.51,3.53,17964.4625,81.52,2.09,3973.554,2.14,2.62,3.25,1704000.0,2485.884
2022-01-24,34364.5,6787.7900390625,7297.2001953125,15011.1298828125,20571.30078125,24656.4609375,13855.1298828125,27588.369140625,664010000.0,0.0,1332106600.0,115815500.0,395028200.0,1871541000.0,6998770000.0,61000000.0,4356.31982421875,4410.1298828125,6928110000.0,166.58984375,3.56,0.08,1.82,2.97,0.17,237000.0,0.58,1.05,-0.54107,488.697,1.61,3.62,18015.9191,85.93,2.13,3932.521,2.19,2.79,3.25,1713000.0,2488.1012
2022-01-31,35131.859375,6999.2001953125,7464.39990234375,15471.2001953125,21098.30078125,23802.259765625,14239.8798828125,27001.98046875,468070000.0,90912900.0,761419500.0,88305600.0,273255000.0,995464900.0,5124940000.0,78300000.0,4431.7900390625,4515.5498046875,5098610000.0,294.27001953125,3.55,0.08,1.79,3.04,0.2,230000.0,0.69,1.09,-0.52705,614.877,1.6,3.68,18010.6184,86.94,2.11,3796.174,2.17,2.8,3.25,1701000.0,2485.0261
2022-02-07,35091.12890625,7009.25,7573.5,15206.6396484375,21235.5,24579.55078125,14015.669921875,27248.869140625,328910000.0,72651700.0,1073651000.0,71120600.0,267467700.0,0.0,4268730000.0,77100000.0,4505.75,4483.8701171875,4228480000.0,302.85009765625,3.55,0.08,1.83,3.11,0.22,209000.0,0.8,1.2,-0.50897,675.773,1.66,3.75,17997.8271,89.6,2.14,3789.714,2.2,2.77,3.25,1674000.0,2486.6166
2022-02-14,34566.171875,6852.2001953125,7531.60009765625,15113.9697265625,21352.5,24556.5703125,13790.919921875,27079.58984375,370320000.0,117972900.0,925229500.0,119705200.0,296881100.0,1978812000.0,4347350000.0,79800000.0,4412.60986328125,4401.669921875,4600390000.0,225.18994140625,3.69,0.08,1.95,3.21,0.32,232000.0,0.98,1.42,-0.48318,686.384,1.84,3.89,18037.3368,90.61,2.25,3771.911,2.31,2.93,3.25,1639000.0,2486.5314
2022-02-21,34079.1796875,6788.33984375,7484.2998046875,14731.1201171875,21008.19921875,24170.0703125,13548.0703125,26910.869140625,414080000.0,0.0,622636900.0,78145800.0,243061100.0,1618294600.0,4501940000.0,52900000.0,4384.56982421875,4348.8701171875,4708060000.0,261.69970703125,3.92,0.08,1.99,3.31,0.39,222000.0,1.08,1.53,-0.45043,692.541,1.88,4.05,18019.1817,92.89,2.31,3799.973,2.36,3.15,3.25,1621000.0,2492.84
2022-02-28,33892.6015625,6658.830078125,7458.2998046875,14461.01953125,21126.400390625,22713.01953125,13751.400390625,26526.8203125,443460000.0,171929700.0,1584580200.0,160848700.0,399194900.0,2833849000.0,5928130000.0,91100000.0,4354.169921875,4373.93994140625,6071370000.0,261.69970703125,3.89,0.08,1.97,3.36,0.35,208000.0,1.14,1.56,-0.415,697.838,1.86,4.13,18076.9933,92.18,2.28,3769.869,2.35,3.14,3.25,1615000.0,2498.4984
2022-03-07,32817.37890625,5982.27001953125,6959.5,12834.650390625,21304.400390625,21057.630859375,12830.9599609375,25221.41015625,488400000.0,243010200.0,2177431900.0,192412700.0,426010600.0,3322870000.0,6195370000.0,105400000.0,4327.009765625,4201.08984375,6940470000.0,216.9296875,3.76,0.08,1.8,3.27,0.34,220000.0,1.02,1.46,-0.38146,682.903,1.68,4.08,18074.0905,106.8,2.18,3844.716,2.26,3.01,3.25,1587000.0,2519.0413
2022-03-14,32945.23828125,6369.93994140625,7193.5,13929.1103515625,21180.80078125,19531.66015625,12581.2197265625,25307.849609375,394940000.0,113227400.0,916048600.0,118949300.0,327796200.0,4096127300.0,5876710000.0,72600000.0,4202.75,4173.10986328125,5574920000.0,184.25,3.85,0.08,1.91,3.42,0.38,215000.0,1.15,1.67,-0.35896,652.039,1.85,4.26,18060.5933,113.39,2.29,3959.659,2.38,3.09,3.25,1544000.0,2527.8059
2022-03-21,34552.98828125,6582.330078125,7442.39990234375,14326.9697265625,22009.099609375,21221.33984375,13838.4599609375,26827.4296875,408490000.0,78342900.0,811977600.0,69806300.0,264205300.0,2340034100.0,5673940000.0,108200000.0,4462.39990234375,4461.18017578125,4869820000.0,320.02978515625,4.16,0.08,2.16,3.5,0.43,206000.0,1.3,1.92,-0.34976,570.606,2.14,4.41,18073.2225,100.43,2.47,3961.721,2.56,3.39,3.25,1523000.0,2534.5413
2022-03-28,34955.890625,6589.10986328125,7473.10009765625,14417.3701171875,21977.80078125,21684.970703125,14354.900390625,27943.890625,299790000.0,78385700.0,775526800.0,70588000.0,219945400.0,2200278800.0,5129500000.0,65300000.0,4541.08984375,4575.52001953125,4312260000.0,185.080078125,4.42,0.33,2.37,3.5,0.52,212000.0,1.55,2.18,-0.35099,614.616,2.4,4.39,18074.2565,113.69,2.56,3801.095,2.68,3.63,3.5,1532000.0,2538.2517
2022-04-04,34921.87890625,6731.3701171875,7558.89990234375,14518.16015625,22085.599609375,22502.310546875,14532.5498046875,27736.470703125,316570000.0,65186300.0,837403600.0,69362800.0,279845500.0,1868076200.0,4630100000.0,50300000.0,4547.97021484375,4582.64013671875,4547350000.0,136.22998046875,4.67,0.33,2.39,3.42,0.55,213000.0,1.67,2.35,-0.35614,575.065,2.49,4.29,18115.1081,103.89,2.49,3829.68,2.64,3.83,3.5,1494000.0,2547.7498
2022-04-11,34308.078125,6555.81005859375,7618.2998046875,14192.7802734375,21790.5,21208.30078125,13411.9599609375,26821.51953125,333290000.0,87321100.0,835767000.0,69814800.0,289444800.0,2104906000.0,4946680000.0,73500000.0,4462.64013671875,4412.52978515625,4266290000.0,185.0703125,4.72,0.33,2.59,3.49,0.67,215000.0,1.77,2.49,-0.35668,574.451,2.68,4.37,18149.0519,99.21,2.63,3834.183,2.8,3.91,3.5,1429000.0,2549.9489
2022-04-18,34411.69140625,6589.35009765625,7616.39990234375,14163.849609375,21878.400390625,21518.080078125,13332.3603515625,26799.7109375,264110000.0,79048700.0,1005764400.0,87530500.0,228308100.0,1719437600.0,4365230000.0,48300000.0,4385.6298828125,4391.68994140625,3910490000.0,139.8203125,5.0,0.33,2.76,3.78,0.76,209000.0,1.81,2.43,-0.34591,547.308,2.73,4.66,18199.6281,101.46,2.85,3823.644,3.02,4.17,3.5,1426000.0,2562.5354
2022-04-25,34049.4609375,6449.3798828125,7380.5,13924.169921875,21011.900390625,19869.33984375,13004.849609375,26590.779296875,416900000.0,94933200.0,755160100.0,85275400.0,317526500.0,2912292500.0,4845160000.0,62700000.0,4255.33984375,4296.1201171875,5240040000.0,139.8203125,5.11,0.33,2.89,3.92,0.82,210000.0,1.96,2.61,-0.32697,711.406,2.89,4.82,18104.4725,104.02,2.95,3652.101,3.13,4.38,3.5,1419000.0,2568.5187
2022-05-02,33061.5,6425.60986328125,7544.60009765625,13939.0703125,20692.19921875,21089.390625,12536.01953125,26818.529296875,453390000.0,87523700.0,983441700.0,85974500.0,253789500.0,2727108500.0,4918240000.0,74500000.0,4130.60986328125,4155.3798828125,5163790000.0,323.320068359375,5.1,0.33,2.83,3.96,0.85,219000.0,2.03,2.62,-0.30299,944.328,2.84,4.88,18118.2536,102.85,2.91,3331.982,3.08,4.4,3.5,1379000.0,2573.3858
2022-05-09,32245.69921875,6086.02001953125,7216.60009765625,13380.669921875,19999.69921875,20001.9609375,11623.25,26319.33984375,470770000.0,91595000.0,803955700.0,82759800.0,340770200.0,2110559000.0,5939140000.0,79500000.0,4081.27001953125,3991.239990234375,5954520000.0,332.18017578125,5.27,0.33,3.01,4.19,0.87,206000.0,2.1,2.72,-0.28116,945.478,3.0,5.09,18135.811,106.69,3.1,3296.085,3.29,4.52,3.5,1362000.0,2584.3691
2022-05-16,32223.419921875,6347.77001953125,7464.7998046875,13964.3798828125,20206.400390625,19950.2109375,11662.7900390625,26547.05078125,330030000.0,75092100.0,814978400.0,67914800.0,310724000.0,1796370300.0,4930250000.0,87000000.0,4013.02001953125,4008.010009765625,4415030000.0,298.81982421875,5.3,0.83,2.94,4.17,0.93,224000.0,2.0,2.61,-0.26432,945.658,2.89,5.13,18085.6122,105.0,3.09,3288.552,3.3,4.48,4.0,1372000.0,2593.4202
2022-05-23,31880.240234375,6358.740234375,7513.39990234375,14175.400390625,20197.599609375,20470.060546875,11535.26953125,27001.51953125,402010000.0,82641900.0,819767300.0,60577400.0,221995700.0,1696099800.0,4552200000.0,65000000.0,3919.419921875,3973.75,4420030000.0,280.39990234375,5.25,0.83,2.87,4.18,1.04,212000.0,2.11,2.64,-0.25198,886.964,2.86,5.19,18091.2222,112.18,3.07,3356.377,3.26,4.43,4.0,1349000.0,2605.4094
2022-05-30,33212.9609375,6562.39013671875,7600.10009765625,14575.98046875,20919.400390625,21123.9296875,12131.1298828125,27369.4296875,328770000.0,69803300.0,1009169800.0,54721200.0,122884600.0,2609326500.0,4793900000.0,97000000.0,4077.429931640625,4158.240234375,4375620000.0,348.170166015625,5.1,0.83,2.77,4.03,1.06,201000.0,2.02,2.51,-0.23784,821.535,2.75,5.07,18142.4558,113.38,3.0,3306.18,3.18,4.31,4.0,1354000.0,2619.399
2022-06-06,32915.78125,6548.77978515625,7608.2001953125,14653.8095703125,20819.099609375,21653.900390625,12061.3701171875,27915.890625,253010000.0,60142400.0,696171700.0,38135700.0,279744600.0,2244704900.0,4647010000.0,56800000.0,4134.72021484375,4121.43017578125,4332700000.0,348.170166015625,5.09,0.83,2.92,4.02,1.14,215000.0,2.14,2.63,-0.21863,789.532,2.91,5.03,18112.3791,116.37,3.09,3322.03,3.31,4.32,4.0,1339000.0,2633.7212
2022-06-13,30516.740234375,6022.31982421875,7205.7998046875,13427.0302734375,19742.599609375,21067.580078125,10809.23046875,26987.439453125,472290000.0,106541000.0,980090400.0,91214200.0,340413100.0,2607011600.0,5937320000.0,71400000.0,3838.14990234375,3749.6298828125,5636890000.0,434.479736328125,5.23,0.83,3.05,4.13,1.26,214000.0,2.34,2.83,-0.19342,723.384,3.07,5.11,18057.057,120.43,3.18,3339.405,3.4,4.38,4.0,1350000.0,2649.6403
2022-06-20,29888.779296875,5920.08984375,7121.7998046875,13265.599609375,19183.599609375,21163.91015625,10798.349609375,25771.220703125,692830000.0,65998500.0,666757200.0,54602700.0,126178800.0,2085205800.0,7452830000.0,72200000.0,3665.89990234375,3674.840087890625,8520740000.0,482.22998046875,5.78,0.83,3.36,4.41,1.66,216000.0,2.94,3.27,-0.16627,656.87,3.45,5.42,18028.2755,116.46,3.38,3283.954,3.64,4.81,4.0,1355000.0,2664.9032
2022-06-27,31438.259765625,6047.31005859375,7258.2998046875,13186.0703125,19258.30078125,22229.51953125,11524.5498046875,26871.26953125,309910000.0,66242800.0,802411400.0,69024800.0,321214400.0,2994729200.0,5047860000.0,65800000.0,3920.760009765625,3900.110107421875,4325310000.0,482.22998046875,5.81,1.58,3.17,4.28,1.62,213000.0,2.83,3.08,-0.14804,758.283,3.23,5.35,18074.541,107.88,3.28,3147.556,3.52,4.92,4.75,1397000.0,2679.0943
2022-07-04,31097.259765625,5954.64990234375,7232.7001953125,12773.3798828125,19028.900390625,21830.349609375,11127.849609375,26153.810546875,310440000.0,54436800.0,420674600.0,52500200.0,122906700.0,2203708000.0,4865730000.0,68700000.0,3781.0,3825.330078125,4046950000.0,207.190185546875,5.7,1.58,3.07,4.25,1.71,214000.0,2.85,3.0,-0.1437,756.627,3.11,5.35,18021.6844,110.96,3.22,3130.087,3.46,4.83,4.75,1357000.0,2685.9999
2022-07-11,31173.83984375,5996.2998046875,7196.60009765625,12832.4404296875,18816.80078125,21124.19921875,11372.599609375,26812.30078125,245020000.0,59496400.0,676893400.0,55461200.0,225897100.0,1693929400.0,4362910000.0,68500000.0,3880.93994140625,3854.429931640625,3423480000.0,207.190185546875,5.3,1.58,2.96,4.18,1.88,216000.0,2.86,2.99,-0.15429,700.457,2.99,5.32,17995.5735,103.32,3.17,3190.627,3.43,4.45,4.75,1365000.0,2696.0929
2022-07-18,31072.609375,6091.91015625,7223.2001953125,12959.8095703125,18595.599609375,20846.1796875,11360.0498046875,26788.470703125,309960000.0,59881400.0,670662200.0,61274100.0,270479500.0,2053608500.0,5057920000.0,65500000.0,3883.7900390625,3830.85009765625,4046870000.0,196.93994140625,5.51,1.58,2.95,4.09,2.25,217000.0,3.11,3.1,-0.17841,652.572,3.04,5.26,18025.0975,99.92,3.12,3273.436,3.37,4.67,4.75,1387000.0,2692.4845
2022-07-25,31990.0390625,6237.5498046875,7306.2998046875,13210.3203125,19104.5,20562.939453125,11782.669921875,27699.25,255450000.0,60387200.0,711402100.0,56561100.0,219076800.0,1377192600.0,4346520000.0,46500000.0,3965.719970703125,3966.840087890625,3568340000.0,195.260009765625,5.54,1.58,2.94,4.03,2.43,221000.0,3.12,3.14,-0.20871,613.878,3.05,5.19,18031.419,102.24,3.11,3284.324,3.36,4.75,4.75,1416000.0,2700.8568
2022-08-01,32798.3984375,6436.85986328125,7413.39990234375,13479.6298828125,19692.900390625,20165.83984375,12368.98046875,27993.349609375,321180000.0,64439900.0,558506400.0,57227900.0,252031900.0,1970707400.0,4396390000.0,71900000.0,4112.3798828125,4118.6298828125,4202810000.0,234.210205078125,5.3,1.58,2.75,3.92,2.42,229000.0,3.01,2.94,-0.23494,602.945,2.8,5.09,18089.0978,99.6,3.02,3256.875,3.25,4.58,4.75,1426000.0,2705.4737
2022-08-08,32832.5390625,6524.43994140625,7482.39990234375,13687.6904296875,19669.19921875,20045.76953125,12644.4599609375,28249.240234375,275350000.0,57501500.0,626255900.0,51639200.0,243324500.0,1376942200.0,5238600000.0,66100000.0,4155.93017578125,4140.06005859375,4221090000.0,107.400146484375,4.99,2.33,2.72,3.91,2.46,221000.0,3.12,3.07,-0.25211,594.115,2.82,5.03,18006.5313,94.01,2.98,3259.011,3.19,4.26,5.5,1421000.0,2716.5892
2022-08-15,33912.44140625,6569.9501953125,7509.2001953125,13816.6103515625,20180.599609375,20040.859375,13128.0498046875,28871.779296875,262670000.0,41045400.0,460509300.0,37843500.0,272053600.0,1393358500.0,4476040000.0,53700000.0,4269.3701171875,4297.14013671875,3696830000.0,194.47998046875,5.22,2.33,2.81,4.0,2.55,220000.0,3.28,3.24,-0.25927,557.265,2.95,5.09,18033.4387,94.65,3.06,3348.147,3.29,4.59,5.5,1409000.0,2722.0778
2022-08-22,33063.609375,6378.740234375,7533.7998046875,13230.5703125,19974.900390625,19656.98046875,12381.5703125,28794.5,308900000.0,78589600.0,575411700.0,68371700.0,252502700.0,1596111900.0,4270980000.0,49200000.0,4195.080078125,4137.990234375,3907430000.0,195.419921875,5.13,2.33,2.87,4.06,2.62,216000.0,3.25,3.24,-0.25482,545.321,3.01,5.13,18039.8499,91.81,3.14,3346.75,3.36,4.55,5.5,1418000.0,2727.7394
2022-08-29,32098.990234375,6222.27978515625,7427.2998046875,12892.990234375,19836.099609375,20023.220703125,12017.669921875,27878.9609375,317820000.0,54873600.0,627296800.0,54303000.0,286760800.0,1595204700.0,4209850000.0,64100000.0,4034.580078125,4030.610107421875,3396510000.0,248.89013671875,5.55,2.33,3.05,4.2,2.75,210000.0,3.33,3.34,-0.23956,535.267,3.18,5.27,18053.2444,94.47,3.26,3307.365,3.49,4.85,5.5,1417000.0,2731.2057
2022-09-05,31318.439453125,6093.22021484375,7287.39990234375,12760.7802734375,19270.900390625,19225.69921875,11630.8603515625,27619.609375,306180000.0,65693400.0,670793100.0,62869400.0,211097400.0,2181084500.0,4257410000.0,47100000.0,3994.659912109375,3924.260009765625,3665850000.0,299.39013671875,5.66,2.33,3.17,4.3,2.87,205000.0,3.48,3.45,-0.21604,612.536,3.31,5.37,18030.3154,90.79,3.29,3248.654,3.55,4.98,5.5,1396000.0,2726.2533
2022-09-12,32381.33984375,6333.58984375,7473.0,13402.26953125,19987.19921875,19362.25,12266.41015625,28542.109375,339250000.0,77476100.0,903301500.0,67046400.0,286226100.0,1994834000.0,4146680000.0,50500000.0,4083.669921875,4110.41015625,3814200000.0,299.39013671875,5.89,2.33,3.31,4.48,2.97,197000.0,3.62,3.5,-0.18703,581.295,3.41,5.54,17954.0433,85.29,3.46,3285.498,3.7,5.16,5.5,1398000.0,2733.3285
2022-09-19,31019.6796875,6061.58984375,7236.7001953125,12803.240234375,19562.400390625,18565.970703125,11535.01953125,27567.650390625,291200000.0,51601200.0,2140678300.0,49575200.0,264092100.0,1745749500.0,4168670000.0,81600000.0,3849.909912109375,3899.889892578125,3766850000.0,282.19970703125,6.02,2.33,3.42,4.48,3.13,202000.0,3.91,3.77,-0.15586,593.808,3.59,5.59,17978.5424,87.24,3.5,3234.928,3.76,5.21,5.5,1387000.0,2747.5987
2022-09-26,29260.810546875,5769.39013671875,7021.0,12227.919921875,18327.0,17855.140625,10802.919921875,26431.55078125,369450000.0,78603600.0,1161459400.0,67273900.0,350601100.0,2557096600.0,4697730000.0,96500000.0,3682.719970703125,3655.0400390625,4886140000.0,262.31005859375,6.29,2.33,3.59,4.59,3.21,187000.0,4.08,4.05,-0.12673,692.496,3.81,5.71,17950.0987,83.46,3.57,3104.032,3.82,5.44,5.5,1395000.0,2756.5467
2022-10-03,29490.890625,5794.14990234375,6908.7998046875,12209.48046875,18881.19921875,17079.509765625,10815.4296875,26215.7890625,397830000.0,80848100.0,1216065800.0,63674200.0,238315900.0,1361001600.0,4415440000.0,80700000.0,3609.780029296875,3678.429931640625,4806680000.0,152.610107421875,6.7,3.08,3.83,4.85,3.27,204000.0,4.07,4.2,-0.10409,689.569,4.06,6.0,17899.9316,80.08,3.76,2960.598,4.04,5.96,6.25,1394000.0,2755.6859
2022-10-10,29202.880859375,5840.5498046875,6959.2998046875,12272.9404296875,18583.099609375,17216.66015625,10542.099609375,27116.109375,315410000.0,64916700.0,918512600.0,68341800.0,237888300.0,1771824300.0,3989640000.0,66700000.0,3647.510009765625,3612.389892578125,3834320000.0,222.780029296875,6.66,3.08,3.75,4.85,3.32,207000.0,4.15,4.18,-0.09558,633.939,3.98,5.98,17820.0825,88.22,3.78,2972.874,4.04,5.9,6.25,1408000.0,2768.7167
2022-10-17,30185.8203125,6040.66015625,6920.2001953125,12649.0302734375,18621.0,16612.900390625,10675.7998046875,26775.7890625,369820000.0,63825900.0,951222700.0,57195500.0,272425800.0,2061247900.0,4439190000.0,65300000.0,3638.64990234375,3677.949951171875,4352780000.0,220.419921875,6.92,3.08,3.95,5.06,3.6,200000.0,4.38,4.38,-0.10104,608.302,4.18,6.21,17803.6949,88.97,3.95,3087.912,4.22,6.09,6.25,1407000.0,2773.1794
2022-10-24,31499.619140625,6131.35986328125,7014.0,12931.4501953125,18918.400390625,15180.6904296875,10952.6103515625,26974.900390625,345040000.0,78770900.0,620033900.0,62919300.0,236806800.0,3597357500.0,4808710000.0,59100000.0,3762.010009765625,3797.340087890625,4747930000.0,231.06005859375,6.94,3.08,4.12,5.23,3.89,201000.0,4.57,4.51,-0.11901,607.199,4.32,6.41,17796.6367,85.36,4.16,3092.044,4.39,6.23,6.25,1432000.0,2770.3554
2022-10-31,32732.94921875,6266.77001953125,7094.5,13253.740234375,19426.099609375,14687.01953125,10988.150390625,27587.4609375,390890000.0,66506100.0,881761300.0,59049500.0,262561400.0,4183641700.0,4753740000.0,71100000.0,3881.85009765625,3871.97998046875,4820620000.0,258.0,7.08,3.08,4.07,5.24,3.97,202000.0,4.56,4.4,-0.14456,634.548,4.22,6.41,17814.4284,87.87,4.22,3042.838,4.42,6.36,6.25,1432000.0,2776.1462
2022-11-07,32827.0,6416.60986328125,7300.0,13533.51953125,19545.900390625,16595.91015625,10564.51953125,27527.640625,336300000.0,74724700.0,718412900.0,56990600.0,247551300.0,3227830100.0,4456690000.0,78900000.0,3780.7099609375,3806.800048828125,4341620000.0,213.64013671875,6.95,3.08,4.12,5.15,4.05,204000.0,4.74,4.61,-0.17314,598.544,4.31,6.33,17727.2219,89.14,4.19,3062.727,4.43,6.29,6.25,1412000.0,2781.4883
2022-11-14,33536.69921875,6609.169921875,7385.2001953125,14313.2998046875,19921.80078125,17619.7109375,11196.2197265625,27963.470703125,354340000.0,78284400.0,732981800.0,72405100.0,367889200.0,5547517900.0,5004060000.0,85100000.0,3977.969970703125,3957.25,4561930000.0,300.1298828125,7.08,3.83,4.08,5.21,4.11,208000.0,4.73,4.59,-0.19625,527.479,4.23,6.36,17750.4422,88.41,4.24,3067.888,4.44,6.38,7.0,1456000.0,2792.5687
2022-11-21,33700.28125,6634.4501953125,7376.89990234375,14379.9296875,19977.099609375,17655.91015625,11024.509765625,27944.7890625,352960000.0,65020100.0,666262800.0,48082900.0,319942200.0,2230983500.0,3977130000.0,56500000.0,3956.22998046875,3949.93994140625,3850690000.0,122.300048828125,6.61,3.83,3.79,4.83,4.14,219000.0,4.65,4.41,-0.20933,502.982,3.94,6.0,17738.9281,84.02,3.94,3128.277,4.15,5.98,7.0,1470000.0,2792.5951
2022-11-28,33849.4609375,6665.2001953125,7474.0,14383.3603515625,20220.5,17297.939453125,11049.5,28162.830078125,300330000.0,66210300.0,662622600.0,53336900.0,276019100.0,2799254000.0,4271360000.0,64600000.0,4005.360107421875,3963.93994140625,3615430000.0,127.239990234375,6.58,3.83,3.75,4.64,4.22,209000.0,4.76,4.46,-0.21233,479.474,3.91,5.8,17761.0183,78.74,3.81,3160.73,4.03,5.9,7.0,1514000.0,2797.8037
2022-12-05,33947.1015625,6696.9599609375,7567.5,14447.6103515625,20242.30078125,19518.2890625,11239.9404296875,27820.400390625,312960000.0,64996300.0,509145400.0,50074900.0,293487300.0,4890142300.0,4510030000.0,63900000.0,4052.02001953125,3998.840087890625,4280820000.0,162.85986328125,6.49,3.83,3.63,4.53,4.26,210000.0,4.73,4.37,-0.20993,511.474,3.79,5.71,17698.529,79.29,3.71,3168.995,3.93,5.76,7.0,1542000.0,2791.3179
2022-12-12,34005.0390625,6650.5498046875,7446.0,14306.6298828125,20019.69921875,19463.630859375,11143.740234375,27842.330078125,313440000.0,62590500.0,606464000.0,46459100.0,305801700.0,3115198500.0,4829990000.0,49600000.0,3939.2900390625,3990.56005859375,3904130000.0,162.090087890625,6.33,3.83,3.52,4.29,4.22,211000.0,4.72,4.33,-0.20878,432.335,3.72,5.46,17772.0968,73.06,3.51,3199.048,3.76,5.67,7.0,1554000.0,2805.1891
2022-12-19,32757.5390625,6473.2900390625,7361.2998046875,13942.8701171875,19200.80078125,19352.810546875,10546.0302734375,27237.640625,326430000.0,64477300.0,517840400.0,48853600.0,288092500.0,2238224700.0,4631820000.0,58200000.0,3853.7900390625,3817.659912109375,3969610000.0,300.919921875,6.31,3.83,3.51,4.28,4.24,211000.0,4.66,4.25,-0.2137,355.517,3.67,5.44,17756.9387,75.12,3.53,3188.634,3.75,5.54,7.0,1571000.0,2809.0106
2022-12-26,33203.9296875,6504.89990234375,7473.0,13940.9296875,19506.69921875,19593.060546875,10497.8603515625,26405.869140625,221050000.0,42984900.0,222853700.0,28738700.0,195463800.0,1363741800.0,3544680000.0,47300000.0,3815.110107421875,3844.820068359375,2819280000.0,193.880126953125,6.27,4.33,3.67,4.51,4.24,207000.0,4.64,4.25,-0.22599,459.78,3.78,5.67,17761.4513,77.28,3.73,3088.621,3.92,5.69,7.5,1597000.0,2799.8349
2023-01-02,33147.25,6594.56982421875,7451.7001953125,14069.259765625,19384.900390625,19781.41015625,10466.48046875,26094.5,295500000.0,47388200.0,254135300.0,34978500.0,155571700.0,1747706800.0,3959030000.0,52700000.0,3829.06005859375,3839.5,2979870000.0,193.880126953125,6.42,4.33,3.86,4.7,4.34,203000.0,4.73,4.35,-0.24821,427.926,3.96,5.87,17722.1931,79.23,3.95,3017.889,4.12,5.68,7.5,1590000.0,2798.4354
2023-01-09,33517.6484375,6907.35986328125,7724.89990234375,14792.830078125,19857.099609375,21388.33984375,10635.650390625,25973.849609375,327840000.0,78531000.0,847858600.0,64976500.0,211962600.0,2697924400.0,5132190000.0,68200000.0,3910.820068359375,3892.090087890625,4311770000.0,193.880126953125,6.48,4.33,3.69,4.58,4.46,207000.0,4.73,4.36,-0.27539,423.625,3.85,5.74,17746.8079,74.27,3.79,2830.144,3.96,5.73,7.5,1588000.0,2800.214
2023-01-16,34302.609375,7043.31005859375,7860.10009765625,15134.0400390625,20390.30078125,21746.720703125,11079.16015625,25822.3203125,274110000.0,56440600.0,662559400.0,42102700.0,118836200.0,2559091800.0,5077990000.0,71700000.0,3960.60009765625,3999.090087890625,3939700000.0,201.530029296875,6.33,4.33,3.52,4.39,4.54,203000.0,4.7,4.19,-0.30198,372.34,3.63,5.51,17685.1749,77.1,3.65,3081.237,3.82,5.52,7.5,1608000.0,2806.1749
2023-01-23,33629.55859375,7032.02001953125,7784.7001953125,15102.9501953125,20631.599609375,22044.650390625,11364.41015625,26906.0390625,355220000.0,51105500.0,562127700.0,39903900.0,237356600.0,1956241900.0,5997810000.0,60200000.0,3978.139892578125,4019.81005859375,3945210000.0,201.530029296875,6.15,4.33,3.44,4.3,4.56,202000.0,4.66,4.12,-0.32453,339.018,3.52,5.4,17717.7845,80.34,3.6,3147.332,3.73,5.28,7.5,1602000.0,2810.3073
2023-01-30,33717.08984375,7082.009765625,7784.89990234375,15126.080078125,20572.099609375,22069.73046875,11393.8095703125,27433.400390625,343920000.0,60633400.0,1123538000.0,54664400.0,260418500.0,3802780400.0,5122320000.0,65800000.0,4049.27001953125,4017.77001953125,3802000000.0,196.349853515625,6.13,4.33,3.49,4.35,4.57,199000.0,4.69,4.16,-0.34375,491.848,3.59,5.42,17728.7388,80.33,3.64,3031.889,3.76,5.17,7.5,1636000.0,2818.0587
2023-02-06,33891.01953125,7137.10009765625,7836.7001953125,15345.91015625,20628.900390625,21222.16015625,11887.4501953125,27693.650390625,296400000.0,68293300.0,665926500.0,54430400.0,212391500.0,2314469800.0,5538350000.0,88400000.0,4119.56982421875,4111.080078125,4114240000.0,179.889892578125,6.09,4.33,3.48,4.34,4.56,214000.0,4.7,4.19,-0.35301,560.089,3.59,5.36,17700.1575,76.51,3.61,3015.506,3.74,5.14,7.5,1644000.0,2811.0565
2023-02-13,34245.9296875,7208.58984375,7947.60009765625,15397.33984375,20702.19921875,21164.419921875,11891.7900390625,27427.3203125,302600000.0,57944800.0,570125100.0,38580400.0,199921700.0,1772634000.0,4752880000.0,70400000.0,4096.6201171875,4137.2900390625,3448620000.0,121.56982421875,6.12,4.58,3.67,4.49,4.61,217000.0,4.87,4.47,-0.34764,493.277,3.86,5.48,17667.7383,77.51,3.73,3037.584,3.88,5.25,7.75,1647000.0,2805.7698
2023-02-20,33826.69140625,7335.60986328125,8014.2998046875,15477.5498046875,20515.19921875,20886.9609375,11787.26953125,27531.939453125,302900000.0,48622700.0,696068100.0,33610800.0,235929000.0,1915367500.0,4925230000.0,62500000.0,4077.389892578125,4079.090087890625,4045480000.0,111.820068359375,6.32,4.58,3.8,4.6,4.68,215000.0,4.97,4.59,-0.32467,490.379,4.01,5.64,17675.0598,78.51,3.85,3041.038,3.98,5.51,7.75,1641000.0,2800.7484
2023-02-27,32889.08984375,7295.5498046875,7935.10009765625,15381.4296875,20260.099609375,19943.509765625,11466.98046875,27423.9609375,243660000.0,69314300.0,755879000.0,58764200.0,257382400.0,1897627300.0,4494000000.0,59400000.0,3992.360107421875,3982.239990234375,3836950000.0,111.820068359375,6.5,4.58,3.93,4.72,4.72,208000.0,5.06,4.69,-0.28219,477.333,4.14,5.79,17654.6317,75.42,3.93,3016.577,4.09,5.76,7.75,1665000.0,2797.1089
2023-03-06,33431.44140625,7373.2099609375,7929.7998046875,15653.580078125,20514.80078125,20603.189453125,11675.740234375,28237.779296875,329190000.0,68683500.0,629550100.0,69392600.0,240762000.0,2485355800.0,4982880000.0,65700000.0,4055.14990234375,4048.419921875,4000870000.0,150.330078125,6.65,4.58,3.98,4.76,4.73,227000.0,5.04,4.85,-0.22887,381.245,4.24,5.82,17631.0685,77.54,3.95,2998.303,4.15,5.89,7.75,1665000.0,2798.8988
2023-03-13,31819.140625,7011.5,7548.60009765625,14959.4697265625,19588.900390625,19695.970703125,11188.83984375,27832.9609375,429090000.0,141250200.0,1201999000.0,157697900.0,356349500.0,3133740000.0,6201490000.0,96100000.0,3835.1201171875,3855.760009765625,6558020000.0,269.6298828125,6.73,4.57,3.91,4.69,4.84,221000.0,5.12,4.89,-0.17557,333.35,4.22,5.75,17552.4545,77.31,3.85,2999.72,4.07,5.95,7.75,1680000.0,2796.7759
2023-03-20,32244.580078125,7013.14013671875,7403.89990234375,14933.3798828125,19519.400390625,19000.7109375,11675.5400390625,26945.669921875,357210000.0,0.0,1084762200.0,125262600.0,286514000.0,2839042600.0,4970630000.0,79200000.0,3917.469970703125,3951.570068359375,5347140000.0,155.599853515625,6.6,4.57,3.53,4.59,4.59,228000.0,4.34,4.02,-0.12924,232.866,3.64,5.7,17416.2019,69.6,3.7,3251.482,3.84,5.9,7.75,1697000.0,2816.5414
2023-03-27,32432.080078125,7078.27001953125,7471.7998046875,15127.6796875,19624.69921875,19567.689453125,11768.83984375,27476.869140625,291560000.0,80202400.0,703755400.0,90911900.0,264218600.0,2503607400.0,4330320000.0,57400000.0,3982.929931640625,3977.530029296875,4233540000.0,138.219970703125,6.42,4.58,3.46,4.52,4.61,232000.0,4.46,3.91,-0.11613,259.587,3.53,5.65,17298.8918,69.33,3.67,3425.075,3.82,5.68,7.75,1704000.0,2784.0094
2023-04-03,33601.1484375,7345.9599609375,7673.0,15580.919921875,20278.30078125,20409.1796875,12189.4501953125,28188.150390625,311890000.0,64074600.0,921588900.0,70893100.0,334009100.0,2651152300.0,4816440000.0,75000000.0,4102.2001953125,4124.509765625,4234700000.0,218.500244140625,6.32,4.83,3.54,4.49,4.7,216000.0,4.58,4.04,-0.12929,183.577,3.63,5.69,17251.186,73.79,3.75,3437.592,3.88,5.56,8.0,1696000.0,2774.5318
2023-04-10,33586.51953125,7324.75,7741.60009765625,15597.8896484375,20275.80078125,20331.19921875,12084.3603515625,27633.66015625,232920000.0,67271300.0,589778800.0,62790900.0,228205600.0,2143238700.0,4334070000.0,48000000.0,4085.199951171875,4109.10986328125,3423650000.0,133.599853515625,6.28,4.83,3.35,4.38,4.76,220000.0,4.53,3.88,-0.15645,168.793,3.43,5.46,17271.2664,80.62,3.59,3292.058,3.71,5.64,8.0,1737000.0,2774.0275
2023-04-17,33987.1796875,7498.18017578125,7879.5,15789.5302734375,20642.0,20782.44921875,12157.7197265625,28514.779296875,234530000.0,67745800.0,665446000.0,60200000.0,243716600.0,3411232600.0,4823180000.0,58000000.0,4137.169921875,4151.31982421875,3611180000.0,133.599853515625,6.27,4.83,3.44,4.47,4.93,224000.0,4.68,4.0,-0.19143,109.208,3.53,5.51,17218.7085,81.87,3.66,3413.989,3.78,5.54,8.0,1722000.0,2769.8404
2023-04-24,33875.3984375,7573.85986328125,7912.2001953125,15863.9501953125,20676.69921875,19959.939453125,12037.2001953125,28593.51953125,252020000.0,63568000.0,724845900.0,50552200.0,225222700.0,2247902000.0,4854050000.0,50000000.0,4132.06982421875,4137.0400390625,3290940000.0,56.27978515625,6.39,4.83,3.58,4.53,5.01,209000.0,4.8,4.18,-0.22167,166.555,3.68,5.6,17269.3172,79.22,3.78,3303.152,3.9,5.76,8.0,1705000.0,2769.0732
2023-05-01,34051.69921875,7491.5,7870.60009765625,15922.3798828125,20615.099609375,19894.5703125,12212.599609375,29123.1796875,244190000.0,87006000.0,945273500.0,91511200.0,189384700.0,2574855500.0,5168430000.0,73400000.0,4166.7900390625,4167.8701171875,3321370000.0,137.56982421875,6.43,4.83,3.46,4.47,5.0,214000.0,4.72,4.0,-0.23853,291.702,3.52,5.54,17212.3275,76.31,3.7,3135.655,3.82,5.71,8.0,1706000.0,2769.491
2023-05-08,33618.69140625,7440.91015625,7778.39990234375,15952.830078125,20585.19921875,20297.029296875,12256.919921875,28949.880859375,225680000.0,46786900.0,608277200.0,40927300.0,217315900.0,4288098900.0,4216360000.0,74100000.0,4136.97998046875,4138.1201171875,3641640000.0,138.639892578125,6.39,4.83,3.44,4.55,5.09,225000.0,4.72,3.93,-0.24517,269.216,3.43,5.62,17240.8181,71.16,3.75,3089.706,3.84,5.76,8.0,1710000.0,2764.5981
2023-05-15,33348.6015625,7418.2099609375,7777.7001953125,15917.240234375,20540.0,19971.130859375,12365.2099609375,29626.33984375,224020000.0,48638700.0,735218600.0,53099400.0,235032100.0,2580074400.0,3979290000.0,88600000.0,4126.64990234375,4136.27978515625,3562170000.0,69.5498046875,6.35,5.08,3.47,4.6,5.1,225000.0,4.75,3.96,-0.24724,197.666,3.44,5.69,17229.6954,72.03,3.8,3196.429,3.89,5.75,8.25,1710000.0,2766.4479
2023-05-22,33286.578125,7478.16015625,7771.0,16223.990234375,20351.099609375,19678.169921875,12720.7802734375,31086.8203125,268900000.0,57439200.0,1205325000.0,54200300.0,174612100.0,1677939600.0,4278920000.0,75400000.0,4190.77978515625,4192.6298828125,3728520000.0,113.7900390625,6.39,5.08,3.59,4.72,5.1,227000.0,4.91,4.14,-0.24832,116.22,3.6,5.83,17242.5542,71.62,3.89,3248.878,3.99,5.75,8.25,1729000.0,2764.8245
2023-05-29,33093.33984375,7303.81005859375,7627.2001953125,15952.73046875,19968.0,18551.109375,12975.6904296875,31233.5390625,330290000.0,33459400.0,817609400.0,24247000.0,53333800.0,2196594700.0,4434070000.0,78300000.0,4156.16015625,4205.4501953125,3715460000.0,108.93017578125,6.57,5.08,3.76,4.79,5.2,231000.0,5.15,4.38,-0.2504,61.952,3.82,5.91,17301.888,72.62,3.97,3240.172,4.11,5.97,8.25,1712000.0,2761.5212
2023-06-05,33562.859375,7200.91015625,7600.0,15963.8896484375,19931.599609375,19108.5,13229.4296875,32217.4296875,367170000.0,54498100.0,548992900.0,63777600.0,217525700.0,2096394500.0,4344280000.0,98800000.0,4282.990234375,4273.7900390625,3813290000.0,108.93017578125,6.79,5.08,3.66,4.67,5.25,255000.0,5.18,4.42,-0.25333,48.954,3.77,5.8,17337.0898,69.85,3.87,3309.447,4.02,6.18,8.25,1744000.0,2760.954
2023-06-12,34066.328125,7250.35009765625,7570.7001953125,16097.8701171875,19921.30078125,19404.310546875,13461.919921875,32434.0,308130000.0,56911400.0,542917600.0,61393600.0,212148400.0,1688193100.0,4722680000.0,68700000.0,4308.31982421875,4338.93017578125,3945670000.0,99.1201171875,6.71,5.08,3.73,4.7,5.15,260000.0,5.16,4.53,-0.25389,44.756,3.88,5.8,17281.8402,71.56,3.9,3349.751,4.05,6.07,8.25,1753000.0,2753.4301
2023-06-19,34299.12109375,7314.0498046875,7588.5,16201.2001953125,19934.19921875,19912.890625,13689.5703125,33370.421875,595230000.0,0.0,439722500.0,52459700.0,51027700.0,1906054300.0,8076530000.0,82900000.0,4440.9501953125,4409.58984375,6848600000.0,187.400390625,6.69,5.08,3.78,4.68,5.1,261000.0,5.23,4.66,-0.25382,102.118,3.97,5.78,17288.0997,69.42,3.88,3325.261,4.06,6.1,8.25,1750000.0,2762.5346
2023-06-26,33714.7109375,7184.35009765625,7453.60009765625,15813.0595703125,19587.30078125,18794.130859375,13335.7802734375,32698.810546875,265330000.0,52606600.0,850546800.0,72427600.0,207613200.0,2066052200.0,4430600000.0,74100000.0,4344.83984375,4328.81982421875,3415030000.0,187.400390625,6.67,5.08,3.75,4.6,5.15,238000.0,5.26,4.71,-0.2555,276.85,3.98,5.7,17323.5222,70.41,3.84,3251.558,4.02,6.03,8.25,1767000.0,2761.6996
2023-07-03,34418.46875,7386.7001953125,7527.2998046875,16081.0400390625,20155.30078125,19306.58984375,13816.76953125,33753.328125,157590000.0,46756600.0,533889900.0,52047600.0,220958700.0,2214447500.0,2902300000.0,95400000.0,4450.47998046875,4455.58984375,2034280000.0,130.39990234375,6.71,5.07,3.77,4.61,5.2,248000.0,5.35,4.77,-0.25799,390.571,4.04,5.71,17319.2563,69.36,3.85,3171.567,4.04,6.06,8.25,1770000.0,2754.7988
2023-07-10,33944.3984375,7143.68994140625,7273.7998046875,15673.16015625,19822.5,18479.720703125,13685.48046875,32189.73046875,299200000.0,41303800.0,428066100.0,53384600.0,186459900.0,1953461500.0,5275390000.0,101200000.0,4394.22998046875,4409.52978515625,3429600000.0,130.39990234375,6.81,5.08,3.98,4.71,5.22,232000.0,5.42,4.95,-0.26605,415.441,4.29,5.8,17347.1127,71.79,3.97,3114.989,4.19,6.24,8.25,1786000.0,2756.2084
2023-07-17,34585.3515625,7291.66015625,7406.39990234375,16068.650390625,20226.80078125,19413.779296875,14244.9501953125,32391.259765625,359780000.0,35648100.0,439714200.0,45553500.0,205999200.0,2460070700.0,4593160000.0,90300000.0,4508.85986328125,4522.7900390625,3538240000.0,142.93017578125,6.96,5.08,3.89,4.7,5.25,231000.0,5.36,4.76,-0.28076,514.337,4.11,5.76,17283.5265,75.2,3.97,3166.607,4.16,6.3,8.25,1765000.0,2754.4458
2023-07-24,35411.23828125,7427.31005859375,7678.60009765625,16190.9501953125,20582.099609375,18668.150390625,14058.8701171875,32700.939453125,284460000.0,0.0,521826500.0,51532000.0,192374100.0,2212871900.0,4083070000.0,83500000.0,4543.39013671875,4554.64013671875,3856250000.0,78.8701171875,6.78,5.08,3.81,4.6,5.26,231000.0,5.33,4.77,-0.29781,531.135,4.03,5.68,17320.4405,75.61,3.9,3230.457,4.08,6.06,8.25,1776000.0,2753.915
2023-07-31,35559.53125,7497.77978515625,7699.39990234375,16446.830078125,20626.599609375,20078.939453125,14346.01953125,33172.21875,327410000.0,60786100.0,594121300.0,60748100.0,224123400.0,4327873000.0,4934440000.0,134300000.0,4584.81982421875,4588.9599609375,4503600000.0,78.509765625,6.81,5.08,3.92,4.66,5.28,240000.0,5.38,4.85,-0.31423,543.597,4.16,5.73,17316.7471,79.68,3.98,3172.244,4.17,6.11,8.25,1773000.0,2754.919
2023-08-07,35473.12890625,7319.759765625,7554.5,15950.759765625,20236.0,19537.919921875,13994.400390625,32254.560546875,300150000.0,40392600.0,487016200.0,68246900.0,217548900.0,2277019400.0,4892330000.0,94100000.0,4491.580078125,4518.43994140625,3493920000.0,119.67041015625,6.9,5.33,4.07,4.83,5.27,258000.0,5.36,4.87,-0.32974,517.459,4.22,5.89,17344.1303,81.4,4.17,3189.533,4.34,6.25,8.5,1803000.0,2755.5591
2023-08-14,35307.62890625,7348.83984375,7507.2001953125,15904.25,20290.5,18773.55078125,13788.330078125,32059.91015625,300250000.0,37852500.0,1154816600.0,43608500.0,194938800.0,3890510400.0,4272020000.0,95600000.0,4458.1298828125,4489.72021484375,3896410000.0,96.35986328125,6.96,5.33,4.07,4.91,5.29,248000.0,5.34,4.8,-0.34219,444.594,4.18,5.97,17330.4904,83.04,4.23,3222.856,4.39,6.34,8.5,1797000.0,2750.7771
2023-08-21,34463.69140625,7198.06005859375,7257.7998046875,15603.2802734375,19784.900390625,17623.2890625,13497.58984375,31565.640625,396490000.0,39845700.0,469504000.0,45251100.0,201363500.0,3141863900.0,4363070000.0,69500000.0,4380.27978515625,4399.77001953125,3726850000.0,155.02001953125,7.09,5.33,4.25,5.04,5.29,241000.0,5.36,4.94,-0.35156,435.795,4.39,6.11,17301.8221,80.93,4.36,3245.971,4.53,6.46,8.5,1819000.0,2757.8392
2023-08-28,34559.98046875,7324.7099609375,7338.60009765625,15792.6103515625,20025.099609375,18130.740234375,13705.1298828125,32169.990234375,224640000.0,35231600.0,372649700.0,43473300.0,161416000.0,2985842200.0,3666680000.0,69900000.0,4426.02978515625,4433.31005859375,2957230000.0,122.98974609375,7.23,5.33,4.27,5.03,5.31,234000.0,5.39,4.99,-0.35898,413.787,4.43,6.09,17328.3299,79.97,4.35,3186.789,4.54,6.55,8.5,1802000.0,2756.7451
2023-09-04,34837.7109375,7279.509765625,7452.7998046875,15824.849609375,20545.400390625,18844.16015625,14031.8095703125,32939.1796875,286370000.0,34351600.0,391662300.0,34752500.0,208562600.0,4040296000.0,4033960000.0,89600000.0,4530.60009765625,4515.77001953125,3246260000.0,184.9599609375,7.18,5.33,4.14,4.89,5.32,228000.0,5.39,4.89,-0.36537,470.8,4.29,5.97,17284.6397,82.5,4.25,3238.345,4.44,6.55,8.5,1810000.0,2762.2961
2023-09-11,34663.71875,7278.27001953125,7496.89990234375,15800.990234375,20182.80078125,18096.44921875,13917.8896484375,32467.759765625,291720000.0,45367500.0,568717300.0,65431300.0,182505900.0,2522422900.0,4538870000.0,84200000.0,4480.97998046875,4487.4599609375,3369920000.0,184.9599609375,7.12,5.33,4.28,5.02,5.31,227000.0,5.42,4.97,-0.36787,470.881,4.4,6.08,17302.931,87.17,4.36,3307.291,4.55,6.52,8.5,1793000.0,2758.7039
2023-09-18,34624.30078125,7276.14013671875,7652.89990234375,15727.1201171875,20492.80078125,17930.55078125,13710.240234375,33533.08984375,252700000.0,73474400.0,463379300.0,58899600.0,209947200.0,1691546500.0,4855880000.0,166600000.0,4445.1298828125,4453.52978515625,3161230000.0,69.88037109375,7.18,5.33,4.29,5.03,5.32,210000.0,5.42,4.99,-0.36582,521.507,4.41,6.08,17303.2074,89.14,4.37,3335.459,4.56,6.51,8.5,1795000.0,2756.5162
2023-09-25,34006.87890625,7123.8798828125,7624.0,15405.490234375,19800.599609375,17729.2890625,13271.3203125,32678.619140625,229450000.0,50383800.0,541205000.0,64522900.0,223278100.0,1552391300.0,4100290000.0,82100000.0,4310.6201171875,4337.43994140625,3195650000.0,195.27978515625,7.19,5.33,4.39,5.12,5.32,213000.0,5.46,5.09,-0.35792,640.296,4.53,6.12,17336.7174,90.28,4.46,3231.649,4.64,6.54,8.5,1789000.0,2754.3442
2023-10-02,33433.3515625,7068.16015625,7510.7001953125,15247.2099609375,19177.19921875,17809.66015625,13307.76953125,31759.880859375,275630000.0,0.0,570804100.0,61416800.0,240239600.0,1839910300.0,4554700000.0,103100000.0,4284.52001953125,4288.39013671875,3938660000.0,118.77001953125,7.31,5.33,4.58,5.35,5.33,216000.0,5.46,5.06,-0.34501,681.143,4.63,6.35,17372.6318,91.44,4.71,3170.324,4.89,6.72,8.5,1800000.0,2764.7784
2023-10-09,33604.6484375,7021.39990234375,7492.2001953125,15128.1103515625,19246.099609375,17517.400390625,13484.240234375,30994.669921875,228760000.0,52188000.0,738697000.0,52471000.0,171571500.0,1221298000.0,3835930000.0,94600000.0,4289.02001953125,4335.66015625,3174630000.0,125.27978515625,7.49,5.33,4.75,5.55,5.35,211000.0,5.44,5.09,-0.33291,668.009,4.73,6.57,17363.8223,85.5,4.89,3145.72,5.07,6.78,8.5,1808000.0,2773.2139
2023-10-16,33984.5390625,7022.18994140625,7630.60009765625,15237.990234375,19620.80078125,17640.359375,13567.98046875,31659.029296875,270060000.0,51422100.0,558336100.0,55502000.0,192172100.0,1904582500.0,4308690000.0,84500000.0,4342.3701171875,4373.6298828125,3409960000.0,166.30029296875,7.57,5.33,4.64,5.45,5.35,202000.0,5.4,5.01,-0.32428,709.16,4.64,6.47,17364.0174,85.03,4.81,3288.945,4.99,6.89,8.5,1810000.0,2774.9468
2023-10-23,32936.41015625,6850.47021484375,7374.7998046875,14800.7197265625,19046.69921875,17172.130859375,13018.330078125,30999.55078125,342500000.0,53038700.0,502765900.0,61261000.0,194662500.0,1989910700.0,4669060000.0,73500000.0,4210.39990234375,4217.0400390625,3776100000.0,204.349609375,7.63,5.33,4.87,5.67,5.33,213000.0,5.44,5.14,-0.32383,759.878,4.86,6.69,17303.372,88.03,5.0,3353.881,5.19,6.92,8.5,1816000.0,2769.7932
2023-10-30,32928.9609375,6825.06982421875,7327.39990234375,14716.5400390625,18856.80078125,17406.359375,12789.48046875,30696.9609375,298640000.0,59561000.0,1011063900.0,76179000.0,175898200.0,2665231300.0,4149320000.0,187000000.0,4139.39013671875,4166.81982421875,3911140000.0,172.7802734375,7.79,5.33,4.87,5.71,5.32,216000.0,5.41,5.03,-0.33341,834.418,4.81,6.71,17342.6466,85.2,5.02,3261.886,5.2,7.03,8.5,1823000.0,2767.8062
2023-11-06,34095.859375,7013.72998046875,7417.7998046875,15135.9697265625,19743.900390625,17966.58984375,13518.7802734375,32708.48046875,265570000.0,49088200.0,781306000.0,59212500.0,178950300.0,2764092100.0,4345850000.0,139400000.0,4364.27001953125,4365.97998046875,3656340000.0,269.84033203125,7.76,5.33,4.75,5.61,5.3,216000.0,5.38,4.97,-0.35183,820.487,4.69,6.62,17362.6559,81.99,4.93,3267.216,5.09,7.03,8.5,1807000.0,2767.0232
2023-11-13,34337.87109375,7087.06005859375,7425.7998046875,15345.0,19709.19921875,17426.2109375,13767.740234375,32585.109375,245090000.0,48080100.0,649108100.0,65170400.0,149713900.0,1440269500.0,4349590000.0,90600000.0,4406.66015625,4411.5498046875,3326240000.0,87.52978515625,7.5,5.33,4.59,5.42,5.28,228000.0,5.35,4.97,-0.37497,772.686,4.59,6.42,17332.8519,77.92,4.75,3328.908,4.93,6.81,8.5,1795000.0,2756.8838
2023-11-20,35151.0390625,7246.93017578125,7496.39990234375,15901.330078125,20246.5,17778.0703125,14284.5302734375,33388.03125,331050000.0,41813900.0,466773500.0,93605500.0,165146100.0,1964565600.0,4561810000.0,94900000.0,4511.7001953125,4547.3798828125,3644790000.0,203.77001953125,7.44,5.33,4.5,5.28,5.26,213000.0,5.27,4.89,-0.39884,738.562,4.5,6.3,17354.5234,76.98,4.65,3391.713,4.85,6.76,8.5,1813000.0,2754.6714
2023-11-27,35333.46875,7265.490234375,7460.7001953125,15966.3701171875,20032.69921875,17525.060546875,14241.01953125,33447.671875,258340000.0,38503700.0,399628100.0,50564800.0,218137000.0,1502728300.0,4205880000.0,82700000.0,4554.85986328125,4550.43017578125,3403990000.0,109.4599609375,7.29,5.33,4.43,5.17,5.27,213000.0,5.26,4.89,-0.41933,706.017,4.45,6.17,17358.5787,77.02,4.57,3453.853,4.75,6.67,8.5,1818000.0,2769.0713
2023-12-04,36204.44140625,7332.58984375,7513.0,16404.759765625,20410.19921875,16646.05078125,14185.490234375,33231.26953125,329450000.0,46578000.0,851332900.0,52149300.0,254110400.0,2476132300.0,6270020000.0,87300000.0,4564.3701171875,4569.77978515625,4369910000.0,62.14990234375,7.22,5.33,4.32,5.01,5.26,216000.0,5.16,4.7,-0.43596,739.209,4.27,6.03,17320.2405,75.49,4.49,3441.581,4.67,6.56,8.5,1818000.0,2772.8341
2023-12-11,36404.9296875,7551.52978515625,7544.89990234375,16794.4296875,20318.400390625,16201.490234375,14432.490234375,32791.80078125,342490000.0,50140300.0,872408400.0,66736100.0,255014500.0,2532290600.0,5607820000.0,105800000.0,4593.39013671875,4622.43994140625,3823210000.0,77.2099609375,7.03,5.33,4.19,4.87,5.25,205000.0,5.08,4.62,-0.44873,682.509,4.17,5.83,17345.6976,70.71,4.3,3513.374,4.48,6.29,8.5,1803000.0,2769.0
2023-12-18,37306.01953125,7568.85986328125,7614.5,16650.55078125,20622.69921875,16629.23046875,14904.8095703125,32758.98046875,292120000.0,53706600.0,710048700.0,56720400.0,223826100.0,1566620000.0,5866080000.0,106900000.0,4725.580078125,4740.56005859375,4060340000.0,175.4599609375,6.95,5.33,4.06,4.75,5.25,207000.0,5.01,4.54,-0.4604,658.44,4.06,5.65,17350.7769,70.11,4.17,3540.619,4.35,6.38,8.5,1817000.0,2765.4372
2023-12-25,37385.96875,7568.81982421875,7697.5,16706.1796875,20881.19921875,16340.41015625,14992.9697265625,33254.03125,252970000.0,31755700.0,329604400.0,46295300.0,185515900.0,2197553900.0,4796600000.0,58900000.0,4753.919921875,4754.6298828125,3046770000.0,83.669921875,6.67,5.33,3.91,4.65,5.24,213000.0,4.88,4.36,-0.47136,732.196,3.9,5.52,17407.5934,73.23,4.03,3536.105,4.21,5.95,8.5,1815000.0,2760.3492
2024-01-01,37689.5390625,7543.18017578125,7733.2001953125,16751.640625,20958.400390625,17047.390625,15011.349609375,33464.171875,234570000.0,27796000.0,235460600.0,26861900.0,135138200.0,1570053000.0,5441060000.0,89000000.0,4782.8798828125,4769.830078125,3126060000.0,83.669921875,6.61,5.33,3.85,4.63,5.24,198000.0,4.81,4.24,-0.48079,731.405,3.84,5.48,17423.6663,73.52,4.0,3446.459,4.16,5.93,8.5,1759000.0,2758.103
2024-01-08,37683.01171875,7450.240234375,7694.2001953125,16716.470703125,21074.900390625,16224.4501953125,14843.76953125,33377.421875,362200000.0,37426500.0,1055586300.0,55073400.0,200466900.0,2227172000.0,6337770000.0,115300000.0,4703.7001953125,4763.5400390625,3742320000.0,111.18994140625,6.62,5.33,3.98,4.81,5.24,198000.0,4.83,4.36,-0.48846,758.448,3.96,5.62,17413.3659,72.49,4.12,3262.895,4.28,5.89,8.5,1728000.0,2751.6558
2024-01-15,37592.98046875,7411.68017578125,7594.89990234375,16622.220703125,21061.900390625,16216.330078125,14972.759765625,35901.7890625,279250000.0,40568900.0,740769500.0,47795000.0,83460200.0,1368415400.0,4958940000.0,105700000.0,4791.18017578125,4783.830078125,3486340000.0,120.2900390625,6.66,5.33,4.0,4.79,5.23,194000.0,4.77,4.3,-0.49288,747.565,3.93,5.63,17403.2622,72.03,4.19,3498.748,4.33,5.87,8.5,1761000.0,2754.7541
2024-01-22,38001.80859375,7413.25,7487.7001953125,16683.359375,20924.30078125,14961.1796875,15360.2900390625,36546.94921875,339560000.0,47900000.0,787927500.0,67438700.0,193396200.0,2812384600.0,5456240000.0,100000000.0,4853.419921875,4850.43017578125,4297610000.0,120.2900390625,6.6,5.33,4.12,4.91,5.23,221000.0,4.79,4.32,-0.49337,748.883,4.02,5.74,17444.7056,73.36,4.34,3611.719,4.45,5.76,8.5,1829000.0,2754.8301
2024-01-29,38333.44921875,7640.81005859375,7632.7001953125,16941.7109375,21200.099609375,16077.240234375,15628.0400390625,36026.94140625,312480000.0,55590300.0,636218800.0,65956600.0,188328800.0,2923198800.0,4979310000.0,95500000.0,4892.9501953125,4927.93017578125,3525160000.0,143.43994140625,6.69,5.33,4.14,4.94,5.21,225000.0,4.8,4.33,-0.48939,799.358,4.04,5.74,17417.5039,76.36,4.37,3526.683,4.48,5.96,8.5,1813000.0,2754.1416
2024-02-05,38380.12109375,7589.9599609375,7612.89990234375,16904.060546875,20871.900390625,15510.009765625,15597.6796875,36354.16015625,322290000.0,51727200.0,1350635500.0,69935700.0,199398400.0,2313277300.0,4831020000.0,130500000.0,4957.18994140625,4942.81005859375,4023640000.0,130.14013671875,6.63,5.33,4.01,4.86,5.22,213000.0,4.76,4.3,-0.48563,841.55,3.93,5.61,17496.0074,75.78,4.23,3526.23,4.34,5.94,8.5,1803000.0,2764.0784
2024-02-12,38797.37890625,7689.7998046875,7573.7001953125,17037.349609375,21067.30078125,15746.580078125,15942.5498046875,36897.421875,273020000.0,54098400.0,839183300.0,53286500.0,188524700.0,745466400.0,5458490000.0,146800000.0,5026.830078125,5021.83984375,3805740000.0,140.39990234375,6.64,5.33,4.13,4.97,5.23,211000.0,4.84,4.44,-0.48154,802.135,4.1,5.72,17456.9934,75.05,4.34,3599.323,4.44,5.9,8.5,1787000.0,2766.4004
2024-02-19,38627.98828125,7768.5498046875,7728.5,17092.259765625,21255.599609375,16155.6103515625,15775.650390625,38470.37890625,282210000.0,40789600.0,619639600.0,43224700.0,195644300.0,2185820800.0,5223800000.0,102000000.0,5031.1298828125,5005.56982421875,3833270000.0,128.080078125,6.77,5.33,4.26,5.09,5.24,200000.0,4.94,4.57,-0.47936,838.005,4.24,5.81,17474.8617,78.17,4.43,3540.945,4.55,6.12,8.5,1805000.0,2766.5883
2024-02-26,39069.23046875,7929.81982421875,7684.2998046875,17423.23046875,21324.30078125,16634.740234375,15976.25,39233.7109375,296930000.0,50915600.0,1210391900.0,53156400.0,228851800.0,2253549700.0,5417630000.0,125700000.0,5093.0,5069.52978515625,3683930000.0,128.080078125,6.9,5.33,4.3,5.07,5.25,213000.0,4.99,4.65,-0.47942,785.465,4.29,5.82,17437.3117,78.71,4.44,3565.999,4.56,6.29,8.5,1794000.0,2759.9473
2024-03-04,38989.828125,7956.41015625,7640.2998046875,17716.169921875,21531.099609375,16595.970703125,16207.509765625,40109.23046875,386290000.0,44552100.0,1075053400.0,1220700.0,224641800.0,2519017900.0,5725470000.0,119400000.0,5130.990234375,5130.9501953125,4758440000.0,92.3798828125,6.94,5.33,4.26,5.06,5.25,210000.0,5.0,4.64,-0.48192,785.821,4.26,5.81,17454.9381,79.58,4.39,3567.552,4.52,6.26,8.5,1803000.0,2762.2356
2024-03-11,38769.66015625,8019.72998046875,7669.2001953125,17746.26953125,21769.19921875,16587.5703125,16019.26953125,38820.48828125,300190000.0,50594200.0,1203377500.0,66646400.0,200188300.0,2494031000.0,4917620000.0,132900000.0,5111.9599609375,5117.93994140625,3896430000.0,132.43994140625,6.88,5.33,4.13,4.97,5.24,212000.0,4.94,4.54,-0.48459,767.733,4.12,5.71,17486.3628,79.53,4.28,3626.176,4.39,6.22,8.5,1795000.0,2752.0457
2024-03-18,38790.4296875,8148.14013671875,7722.60009765625,17932.6796875,21837.19921875,16737.119140625,16103.4501953125,39740.44140625,327950000.0,44608500.0,1034442400.0,63024300.0,233448900.0,2241776800.0,5025040000.0,128700000.0,5154.77001953125,5149.419921875,4036220000.0,98.11962890625,6.74,5.33,4.21,5.0,5.25,212000.0,5.01,4.62,-0.48676,768.369,4.21,5.75,17523.1175,80.43,4.36,3624.633,4.46,6.16,8.5,1810000.0,2745.8895
2024-03-25,39313.640625,8151.60009765625,7917.60009765625,18261.310546875,21942.30078125,16473.640625,16384.470703125,40414.12109375,323670000.0,45329300.0,1070739800.0,53804600.0,205318500.0,2624506500.0,4636940000.0,101500000.0,5219.52001953125,5218.18994140625,3331360000.0,156.75,6.87,5.33,4.28,5.05,5.24,212000.0,5.02,4.64,-0.4858,809.298,4.28,5.8,17542.7065,82.79,4.44,3553.424,4.53,6.21,8.5,1789000.0,2743.3591
2024-04-01,39566.8515625,8205.8095703125,7952.60009765625,18492.490234375,22185.30078125,16541.419921875,16396.830078125,39803.08984375,269470000.0,63579600.0,1051189700.0,75716300.0,207425200.0,3203421300.0,4798390000.0,134500000.0,5257.97021484375,5243.77001953125,3325930000.0,93.30029296875,6.79,5.33,4.22,5.01,5.23,222000.0,5.01,4.56,-0.48177,802.233,4.21,5.75,17599.1835,82.73,4.38,3496.121,4.48,6.11,8.5,1810000.0,2750.1053
2024-04-08,38892.80078125,8119.2998046875,7943.5,18318.970703125,22260.30078125,16732.849609375,16253.9599609375,39347.0390625,291460000.0,49226900.0,847327700.0,61073600.0,198698200.0,2636773000.0,4386700000.0,108300000.0,5211.3701171875,5202.39013671875,3278180000.0,93.30029296875,6.82,5.33,4.35,5.12,5.22,212000.0,5.04,4.7,-0.47655,768.651,4.34,5.85,17545.4746,86.35,4.5,3414.288,4.6,6.06,8.5,1797000.0,2750.9836
2024-04-15,37735.109375,8045.10986328125,7965.5,18026.580078125,21740.19921875,16600.4609375,15885.01953125,39232.80078125,389170000.0,53987200.0,820441500.0,65138500.0,228341100.0,2561790600.0,4910550000.0,107000000.0,5149.669921875,5061.81982421875,3950210000.0,172.33984375,6.88,5.33,4.48,5.2,5.24,212000.0,5.12,4.86,-0.47161,704.971,4.51,5.91,17547.8001,86.5,4.59,3586.845,4.7,6.16,8.5,1774000.0,2747.1188
2024-04-22,38239.98046875,8040.35986328125,8023.89990234375,17860.80078125,21872.0,16511.689453125,15451.3095703125,37438.609375,351650000.0,56900500.0,1085332800.0,62454400.0,251755000.0,2915063300.0,4616730000.0,119400000.0,4987.330078125,5010.60009765625,3820250000.0,221.4697265625,7.1,5.33,4.63,5.37,5.25,208000.0,5.17,4.96,-0.47001,796.535,4.66,6.1,17454.0601,84.65,4.74,3522.717,4.84,6.39,8.5,1768000.0,2747.226
2024-04-29,38386.08984375,8065.14990234375,8147.0,18118.3203125,22011.599609375,17746.91015625,15983.080078125,37934.76171875,343630000.0,55164400.0,759963000.0,77251000.0,215065900.0,4850882200.0,4972520000.0,124900000.0,5114.1298828125,5116.169921875,3447450000.0,169.93017578125,7.17,5.33,4.65,5.39,5.25,209000.0,5.18,4.93,-0.47531,941.43,4.66,6.11,17554.7624,84.48,4.77,3324.363,4.88,6.44,8.5,1781000.0,2750.2728
2024-05-06,38852.26953125,7996.64013671875,8213.5,18175.2109375,22259.5,18578.30078125,16349.25,38236.0703125,315550000.0,43781100.0,658456400.0,46036600.0,234299700.0,3438627300.0,4460130000.0,101900000.0,5142.419921875,5180.740234375,3683250000.0,169.9501953125,7.22,5.33,4.61,5.34,5.25,232000.0,5.19,4.93,-0.48639,917.177,4.61,6.06,17562.4849,81.74,4.73,3252.733,4.84,6.47,8.5,1786000.0,2758.5874
2024-05-13,39431.51171875,8209.2802734375,8415.0,18742.220703125,22259.19921875,19115.060546875,16388.240234375,38179.4609375,323370000.0,48113100.0,974791500.0,66373100.0,207788000.0,3760625900.0,4452750000.0,128700000.0,5233.080078125,5221.419921875,4255710000.0,138.43994140625,7.09,5.33,4.48,5.24,5.25,223000.0,5.13,4.83,-0.49993,851.591,4.49,5.95,17569.1381,80.26,4.63,3331.156,4.72,6.38,8.5,1787000.0,2758.1392
2024-05-20,39806.76953125,8195.9697265625,8424.2001953125,18768.9609375,22465.400390625,19636.220703125,16794.869140625,39069.6796875,272420000.0,34697000.0,739021000.0,41185400.0,243629500.0,3501238100.0,6861320000.0,127400000.0,5305.35009765625,5308.1298828125,3420100000.0,115.81005859375,7.02,5.33,4.42,5.2,5.25,216000.0,5.14,4.8,-0.51244,787.133,4.43,5.9,17594.6709,80.61,4.56,3369.747,4.66,6.28,8.5,1790000.0,2756.3757
2024-05-27,39069.58984375,8132.490234375,8317.599609375,18774.7109375,22373.400390625,18827.349609375,16920.7890625,38900.01953125,249810000.0,31032900.0,779070900.0,37335400.0,81363000.0,2906070700.0,5836040000.0,94200000.0,5281.4501953125,5304.72021484375,3005510000.0,84.94970703125,6.94,5.33,4.44,5.22,5.25,221000.0,5.17,4.87,-0.52129,725.376,4.48,5.91,17594.3476,79.43,4.57,3390.794,4.66,6.24,8.5,1791000.0,2752.5062
2024-06-03,38571.03125,7998.02001953125,8262.7998046875,18608.16015625,22116.69921875,18403.0390625,16828.669921875,38923.03125,314010000.0,51288400.0,1095687900.0,54181600.0,272252400.0,3140936400.0,5422040000.0,115900000.0,5297.14990234375,5283.39990234375,4046920000.0,84.94970703125,7.03,5.33,4.55,5.34,5.26,229000.0,5.2,4.93,-0.52393,704.335,4.57,6.01,17556.4082,79.52,4.69,3409.342,4.76,6.36,8.5,1813000.0,2756.021
2024-06-10,38868.0390625,7893.97998046875,8228.5,18494.890625,22069.80078125,18366.94921875,17192.529296875,39038.16015625,330580000.0,105503100.0,654032500.0,53451600.0,227995100.0,3310059200.0,5207110000.0,89200000.0,5341.22021484375,5360.7900390625,3622280000.0,183.39990234375,6.99,5.33,4.35,5.15,5.25,243000.0,5.12,4.78,-0.52238,710.309,4.37,5.84,17606.3581,75.53,4.49,3408.31,4.57,6.29,8.5,1821000.0,2755.9073
2024-06-17,38778.1015625,7571.56982421875,8142.2001953125,18068.2109375,21587.900390625,17936.119140625,17857.01953125,38102.44140625,346190000.0,78514600.0,834637300.0,57818800.0,283551500.0,2118421200.0,6061200000.0,107500000.0,5431.10986328125,5473.22998046875,3447840000.0,161.25,6.95,5.33,4.32,5.13,5.25,239000.0,5.12,4.76,-0.5193,673.573,4.33,5.81,17595.897,79.24,4.47,3455.134,4.56,6.17,8.5,1832000.0,2760.2292
2024-06-24,39411.2109375,7706.89013671875,8281.599609375,18325.580078125,21848.599609375,18027.7109375,17496.8203125,38804.6484375,373940000.0,60676900.0,895710300.0,61738700.0,258177200.0,2716259500.0,5503210000.0,93500000.0,5459.580078125,5447.8701171875,3696750000.0,163.1298828125,6.87,5.33,4.25,5.1,5.24,234000.0,5.1,4.71,-0.51698,723.41,4.27,5.78,17635.877,82.26,4.39,3434.274,4.49,6.13,8.5,1856000.0,2764.1813
2024-07-01,39169.51953125,7561.1298828125,8166.7998046875,18290.66015625,21875.80078125,17718.609375,17879.30078125,39631.05859375,346210000.0,0.0,0.0,55846500.0,276278900.0,2826596300.0,5189990000.0,118800000.0,5471.080078125,5475.08984375,3488760000.0,77.1103515625,6.86,5.33,4.29,5.13,5.23,239000.0,5.1,4.7,-0.51706,765.417,4.29,5.84,17618.6378,82.53,4.43,3302.647,4.53,6.16,8.5,1847000.0,2780.4916
2024-07-08,39344.7890625,7627.4501953125,8193.5,18472.05078125,22126.099609375,17524.060546875,18403.740234375,40780.69921875,358320000.0,59228600.0,704970200.0,45306600.0,179359500.0,2348970100.0,5286260000.0,113000000.0,5572.75,5572.85009765625,3185670000.0,92.740234375,6.95,5.33,4.39,5.22,5.24,223000.0,5.05,4.71,-0.51815,761.373,4.35,5.94,17553.313,84.61,4.56,3184.18,4.67,6.25,8.5,1860000.0,2783.9467
2024-07-15,40211.71875,7632.7099609375,8183.0,18590.890625,22751.69921875,18015.939453125,18472.5703125,41190.6796875,308880000.0,50572200.0,549833100.0,42769100.0,200939000.0,2326339500.0,5450350000.0,130400000.0,5638.16015625,5631.22021484375,3620470000.0,135.31005859375,6.89,5.33,4.25,5.09,5.22,245000.0,4.96,4.56,-0.51663,736.402,4.19,5.81,17562.7046,83.44,4.44,3341.977,4.55,6.17,8.5,1844000.0,2763.7278
2024-07-22,40415.44140625,7622.02001953125,8198.7998046875,18407.0703125,22872.69921875,17635.880859375,18007.5703125,39599.0,351670000.0,50270200.0,782317000.0,46821100.0,209074300.0,2133630300.0,5093620000.0,82700000.0,5544.5400390625,5564.41015625,3375180000.0,172.6298828125,6.77,5.33,4.2,5.05,5.2,235000.0,4.86,4.45,-0.51244,751.593,4.11,5.77,17587.6985,82.98,4.41,3331.425,4.51,6.05,8.5,1869000.0,2759.967
2024-07-29,40539.9296875,7443.83984375,8292.400390625,18320.669921875,22779.599609375,17238.33984375,17370.19921875,38468.62890625,272200000.0,47280100.0,780780900.0,42845500.0,173007000.0,2258413800.0,4897230000.0,107300000.0,5476.5498046875,5463.5400390625,3379970000.0,194.3896484375,6.78,5.33,4.25,5.16,5.18,250000.0,4.83,4.41,-0.50599,774.315,4.13,5.87,17604.1953,79.26,4.49,3308.58,4.57,6.07,8.5,1871000.0,2755.6438
2024-08-05,38703.26953125,7148.990234375,8008.2001953125,17339.0,22227.599609375,16698.359375,16200.080078125,31458.419921875,661280000.0,102112900.0,1648338500.0,101880300.0,293203700.0,3667470600.0,6852190000.0,285600000.0,5151.14013671875,5186.330078125,5333250000.0,446.900390625,6.73,5.33,4.04,5.02,5.12,234000.0,4.65,4.21,-0.49814,786.486,3.9,5.74,17693.9105,77.11,4.31,3293.519,4.4,5.99,8.5,1859000.0,2764.2227
2024-08-12,39357.01171875,7250.669921875,8210.2998046875,17726.470703125,22398.900390625,17111.650390625,16780.609375,35025.0,312380000.0,38393400.0,1655696200.0,38708600.0,245704500.0,1793074600.0,4890850000.0,176900000.0,5351.8798828125,5344.39013671875,3360160000.0,264.63037109375,6.47,5.33,3.91,4.98,5.09,228000.0,4.45,3.99,-0.49319,770.931,3.75,5.71,17619.4106,76.33,4.2,3351.662,4.3,5.63,8.5,1855000.0,2768.1988
2024-08-19,40896.53125,7484.169921875,8356.900390625,18421.689453125,23116.400390625,17569.5703125,17876.76953125,37388.62109375,283890000.0,9965800.0,637975500.0,43769700.0,258284600.0,2361570600.0,5564300000.0,107800000.0,5557.22998046875,5608.25,3222050000.0,307.4599609375,6.49,5.33,3.88,4.88,5.07,233000.0,4.46,4.0,-0.49471,794.12,3.73,5.62,17655.5453,79.49,4.16,3346.138,4.26,5.66,8.5,1860000.0,2764.0156
2024-08-26,41240.51953125,7590.3701171875,8327.7998046875,18617.01953125,23349.0,17798.73046875,17725.76953125,38110.21875,249300000.0,28200300.0,615482100.0,23952300.0,211205900.0,1970098500.0,5110940000.0,91700000.0,5639.66015625,5616.83984375,2938570000.0,126.4501953125,6.46,5.33,3.83,4.77,5.03,232000.0,4.41,3.97,-0.50019,736.494,3.69,5.52,17656.3818,74.68,4.09,3355.586,4.19,5.62,8.5,1845000.0,2766.32
2024-09-02,41563.078125,7646.419921875,8363.7998046875,18930.849609375,23346.19921875,17691.970703125,17713.619140625,38700.87109375,494900000.0,32455100.0,510920500.0,36654700.0,314444900.0,3077120300.0,5531150000.0,87100000.0,5612.740234375,5648.39990234375,4185850000.0,90.669921875,6.35,5.33,3.85,4.81,4.98,228000.0,4.37,3.87,-0.50844,745.851,3.66,5.55,17672.4253,76.36,4.14,3313.566,4.23,5.51,8.5,1843000.0,2769.9911
2024-09-09,40829.58984375,7425.259765625,8270.7998046875,18443.560546875,23027.19921875,17196.9609375,16884.599609375,36215.75,376720000.0,48487900.0,626820000.0,43109500.0,254960300.0,3841864100.0,5132150000.0,118200000.0,5442.06982421875,5471.0498046875,3825940000.0,90.669921875,6.35,5.33,3.77,4.75,4.95,231000.0,4.22,3.76,-0.51713,733.959,3.56,5.5,17724.5143,70.02,4.06,3243.002,4.14,5.47,8.5,1821000.0,2774.1732
2024-09-16,41622.078125,7449.43994140625,8278.400390625,18633.109375,23702.099609375,17422.119140625,17592.130859375,36581.76171875,408670000.0,39034700.0,451756300.0,51208600.0,267640100.0,1127924500.0,4675530000.0,115900000.0,5615.2099609375,5633.08984375,3437070000.0,233.64990234375,6.2,5.33,3.67,4.67,4.85,222000.0,4.08,3.62,-0.52345,755.958,3.45,5.4,17715.6384,68.82,3.98,3320.818,4.05,5.27,8.5,1827000.0,2771.0666
2024-09-23,42124.6484375,7508.080078125,8259.7001953125,18846.7890625,23894.69921875,18247.109375,17974.26953125,37723.91015625,455200000.0,63937800.0,653474700.0,67192700.0,299271000.0,2724524400.0,5237310000.0,162600000.0,5711.89990234375,5718.56982421875,3529550000.0,131.919921875,6.09,5.33,3.69,4.63,4.66,219000.0,3.95,3.58,-0.52653,771.194,3.46,5.37,17759.7709,72.14,4.01,3313.281,4.06,5.15,8.5,1819000.0,2778.1774
2024-09-30,42330.1484375,7635.75,8237.0,19324.9296875,24000.400390625,21133.6796875,18189.169921875,37919.55078125,354430000.0,103180100.0,831097600.0,67084500.0,235526800.0,1035706200.0,5846150000.0,190500000.0,5726.52001953125,5762.47998046875,4425730000.0,92.8798828125,6.08,4.83,3.76,4.69,4.51,225000.0,3.91,3.55,-0.52712,806.771,3.51,5.42,17777.4023,70.22,4.11,3169.149,4.15,5.16,8.0,1858000.0,2786.0544
2024-10-07,41954.23828125,7576.02001953125,8303.599609375,19104.099609375,24102.69921875,23099.779296875,17923.900390625,39332.73828125,307230000.0,54781900.0,645451200.0,46285500.0,256823000.0,5098400000.0,5240320000.0,128000000.0,5737.7998046875,5695.93994140625,3637790000.0,91.14013671875,6.12,4.83,3.83,4.74,4.5,260000.0,4.03,3.71,-0.52549,798.277,3.61,5.46,17830.785,71.83,4.16,3089.598,4.22,5.25,8.0,1869000.0,2787.996
2024-10-14,43065.21875,7602.06005859375,8292.7001953125,19508.2890625,24471.19921875,21092.869140625,18502.689453125,39605.80078125,240050000.0,43689100.0,652695500.0,43005800.0,227977200.0,5743300000.0,4894710000.0,110900000.0,5829.81005859375,5859.85009765625,3005250000.0,184.56005859375,6.32,4.83,4.06,4.91,4.54,242000.0,4.22,3.98,-0.52416,802.115,3.88,5.6,17761.0668,75.69,4.35,3186.207,4.41,5.41,8.0,1888000.0,2776.1931
2024-10-21,42931.6015625,7536.22998046875,8318.2001953125,19461.189453125,24723.30078125,20478.4609375,18540.009765625,38954.6015625,273590000.0,47261500.0,641070600.0,41631500.0,219491900.0,3775000000.0,6092180000.0,99000000.0,5857.81982421875,5853.97998046875,3407010000.0,103.3701171875,6.44,4.83,4.06,4.9,4.53,228000.0,4.19,3.95,-0.52606,791.792,3.87,5.58,17846.7189,70.81,4.35,3209.877,4.4,5.63,8.0,1853000.0,2786.538
2024-10-28,42387.5703125,7556.93994140625,8285.599609375,19531.619140625,24565.69921875,20599.359375,18567.189453125,38605.53125,284770000.0,53209700.0,1029866000.0,46669100.0,220373200.0,2978600000.0,5641660000.0,116600000.0,5833.93017578125,5823.52001953125,3691280000.0,109.759765625,6.54,4.83,4.22,5.08,4.51,218000.0,4.26,4.06,-0.52942,829.991,4.03,5.75,17833.599,71.59,4.49,3230.145,4.56,5.71,8.0,1884000.0,2786.4404
2024-11-04,41794.6015625,7371.7099609375,8184.2001953125,19147.849609375,24256.099609375,20567.51953125,18179.98046875,38053.671875,341500000.0,45718400.0,933157300.0,43111600.0,251991400.0,2463600000.0,5762320000.0,130300000.0,5725.14990234375,5712.68994140625,3602060000.0,166.31005859375,6.72,4.83,4.3,5.11,4.46,221000.0,4.28,4.15,-0.53549,835.237,4.15,5.77,17851.1352,68.69,4.52,3236.958,4.62,5.99,8.0,1873000.0,2799.2906
2024-11-11,44293.12890625,7426.8798828125,8125.2001953125,19448.599609375,24789.30078125,20426.9296875,19298.759765625,39533.3203125,451940000.0,56318000.0,648655300.0,59016800.0,212522000.0,3649700000.0,8087930000.0,122700000.0,6008.85986328125,6001.35009765625,4333000000.0,320.80029296875,6.79,4.83,4.32,5.09,4.43,217000.0,4.29,4.22,-0.54587,842.051,4.19,5.75,17851.1352,71.89,4.51,3274.12,4.61,6.0,8.0,1873000.0,2799.2906
2024-11-18,43750.859375,7311.7998046875,8071.2001953125,19263.69921875,25049.69921875,19522.44921875,19107.650390625,38858.12890625,545090000.0,71041000.0,662893000.0,77861900.0,219873300.0,0.0,8680480000.0,0.0,5989.68017578125,5949.169921875,4184570000.0,152.419921875,6.78,4.62,4.32,5.09,4.43,217000.0,4.29,4.22,-0.54587,832.186,4.19,5.75,17851.1352,71.89,4.51,3244.149,4.61,5.99,7.79,1873000.0,2799.2906
